[2025-07-04 08:23:48,715: INFO/MainProcess] Connected to redis://default:**@168.231.112.236:6379//
[2025-07-04 08:23:50,446: INFO/MainProcess] mingle: searching for neighbors
[2025-07-04 08:23:54,024: INFO/MainProcess] mingle: sync with 1 nodes
[2025-07-04 08:23:54,025: INFO/MainProcess] mingle: sync complete
[2025-07-04 08:23:58,086: INFO/MainProcess] celery@177157b82bbc ready.
[2025-07-04 08:23:58,602: INFO/MainProcess] Task apps.gallery.tasks.process_audio[da17bbbf-f7a7-475a-9f82-d3fd05741342] received
[2025-07-04 08:23:58,604: INFO/ForkPoolWorker-4] Fetching audios to process
[2025-07-04 08:23:58,939: INFO/MainProcess] Task apps.gallery.tasks.populate_unsplash_images[a5c384a5-f0ce-442f-a84e-5cbaa493f49f] received
[2025-07-04 08:23:58,940: INFO/ForkPoolWorker-2] Fetching unsplash images to process
[2025-07-04 08:23:58,940: INFO/ForkPoolWorker-2] Starting Unsplash to gcs uploader job at 2025-07-04T08:23:58.940927
[2025-07-04 08:23:58,941: INFO/ForkPoolWorker-2] Using 6 search queries: nature, people, food, travel, architecture, animals
[2025-07-04 08:23:59,277: INFO/MainProcess] Task apps.gallery.tasks.process_audio[f2c2a4a3-0e0a-491b-a45d-27c3b4fb8183] received
[2025-07-04 08:23:59,279: INFO/ForkPoolWorker-3] Fetching audios to process
[2025-07-04 08:23:59,615: INFO/MainProcess] Task apps.gallery.tasks.populate_unsplash_images[81e09081-d44e-4e5a-9613-c9e9fd3add08] received
[2025-07-04 08:23:59,617: INFO/ForkPoolWorker-1] Fetching unsplash images to process
[2025-07-04 08:23:59,617: INFO/ForkPoolWorker-1] Starting Unsplash to gcs uploader job at 2025-07-04T08:23:59.617620
[2025-07-04 08:23:59,617: INFO/ForkPoolWorker-1] Using 6 search queries: nature, people, food, travel, architecture, animals
[2025-07-04 08:23:59,875: INFO/ForkPoolWorker-4] No audio files to process
[2025-07-04 08:23:59,960: INFO/MainProcess] Task apps.gallery.tasks.process_audio[03206f74-34d7-4b30-8c28-ee1322bc8001] received
[2025-07-04 08:23:59,962: WARNING/MainProcess] Substantial drift from celery@63f692d7cb61 may mean clocks are out of sync.  Current drift is 17 seconds.  [orig: 2025-07-04 08:23:59.961827 recv: 2025-07-04 08:24:16.239701]
[2025-07-04 08:24:00,301: INFO/MainProcess] Task apps.gallery.tasks.populate_unsplash_images[b04e4ae5-ee29-49bb-90ec-d9a4931e07c9] received
[2025-07-04 08:24:00,406: INFO/ForkPoolWorker-3] No audio files to process
[2025-07-04 08:24:00,815: ERROR/MainProcess] Received unregistered task of type 'apps.gallery.tasks.generate_metadata'.
The message has been ignored and discarded.

Did you remember to import the module containing this task?
Or maybe you're using relative imports?

Please see
https://docs.celeryq.dev/en/latest/internals/protocol.html
for more information.

The full contents of the message body was:
b'[[], {}, {"callbacks": null, "errbacks": null, "chain": null, "chord": null}]' (77b)

The full contents of the message headers:
{'lang': 'py', 'task': 'apps.gallery.tasks.generate_metadata', 'id': 'e0b7945c-612d-406e-800c-679f75ad1f48', 'shadow': None, 'eta': None, 'expires': None, 'group': None, 'group_index': None, 'retries': 0, 'timelimit': [None, None], 'root_id': 'e0b7945c-612d-406e-800c-679f75ad1f48', 'parent_id': None, 'argsrepr': '()', 'kwargsrepr': '{}', 'origin': 'gen7@63f692d7cb61', 'ignore_result': False, 'stamped_headers': None, 'stamps': {}}

The delivery info for this task is:
{'exchange': '', 'routing_key': 'celery'}
Traceback (most recent call last):
  File "/usr/local/lib/python3.12/site-packages/celery/worker/consumer/consumer.py", line 642, in on_task_received
    strategy = strategies[type_]
               ~~~~~~~~~~^^^^^^^
KeyError: 'apps.gallery.tasks.generate_metadata'
[2025-07-04 08:24:00,892: INFO/ForkPoolWorker-4] Task apps.gallery.tasks.process_audio[da17bbbf-f7a7-475a-9f82-d3fd05741342] succeeded in 2.28863903499996s: None
[2025-07-04 08:24:01,447: INFO/ForkPoolWorker-3] Task apps.gallery.tasks.process_audio[f2c2a4a3-0e0a-491b-a45d-27c3b4fb8183] succeeded in 2.168436656999802s: None
[2025-07-04 08:24:02,070: INFO/MainProcess] Events of group {task} enabled by remote.
[2025-07-04 08:24:02,071: INFO/ForkPoolWorker-4] Fetching audios to process
[2025-07-04 08:24:02,071: INFO/ForkPoolWorker-3] Fetching unsplash images to process
[2025-07-04 08:24:02,071: INFO/ForkPoolWorker-3] Starting Unsplash to gcs uploader job at 2025-07-04T08:24:02.071299
[2025-07-04 08:24:02,071: INFO/ForkPoolWorker-3] Using 6 search queries: nature, people, food, travel, architecture, animals
[2025-07-04 08:24:02,566: INFO/MainProcess] Task apps.gallery.tasks.process_audio[057778e6-3725-4dd2-b9ef-16f60353a0be] received
[2025-07-04 08:24:03,217: INFO/ForkPoolWorker-4] No audio files to process
[2025-07-04 08:24:03,419: INFO/MainProcess] Task apps.gallery.tasks.populate_unsplash_images[ff18cf2d-12b2-4c8b-9638-f6708e5317ec] received
[2025-07-04 08:24:03,555: INFO/ForkPoolWorker-4] Task apps.gallery.tasks.process_audio[03206f74-34d7-4b30-8c28-ee1322bc8001] succeeded in 1.4846220350000294s: None
[2025-07-04 08:24:03,761: INFO/ForkPoolWorker-4] Fetching audios to process
[2025-07-04 08:24:04,267: INFO/MainProcess] Task apps.gallery.tasks.process_audio[0a57e694-d3f8-463e-8264-28c3f0127566] received
[2025-07-04 08:24:04,782: INFO/MainProcess] Task apps.gallery.tasks.populate_unsplash_images[ac03f549-3335-4265-8fb1-c6048dd5de8c] received
[2025-07-04 08:24:04,883: INFO/ForkPoolWorker-4] No audio files to process
[2025-07-04 08:24:05,232: INFO/ForkPoolWorker-4] Task apps.gallery.tasks.process_audio[057778e6-3725-4dd2-b9ef-16f60353a0be] succeeded in 1.471547813000143s: None
[2025-07-04 08:24:05,417: INFO/MainProcess] Task apps.gallery.tasks.process_audio[e21256bb-7c0e-4d56-b732-954ec71d599c] received
[2025-07-04 08:24:05,589: INFO/ForkPoolWorker-4] Fetching unsplash images to process
[2025-07-04 08:24:05,589: INFO/ForkPoolWorker-4] Starting Unsplash to gcs uploader job at 2025-07-04T08:24:05.589915
[2025-07-04 08:24:05,590: INFO/ForkPoolWorker-4] Using 6 search queries: nature, people, food, travel, architecture, animals
[2025-07-04 08:24:06,085: INFO/MainProcess] Task apps.gallery.tasks.populate_unsplash_images[e63c626c-c7d2-468f-bb97-cf44b6f5087a] received
[2025-07-04 08:24:06,606: INFO/MainProcess] Task apps.gallery.tasks.process_audio[83bdef6c-7b01-49b8-addf-1349365a3381] received
[2025-07-04 08:24:07,118: INFO/MainProcess] Task apps.gallery.tasks.populate_unsplash_images[9e30a762-2a19-4b80-ac49-e78b228a6f7a] received
[2025-07-04 08:24:07,805: INFO/MainProcess] Task apps.gallery.tasks.process_audio[e175cd6c-f942-4357-9c57-6a444db7c6bb] received
[2025-07-04 08:24:08,321: INFO/MainProcess] Task apps.gallery.tasks.populate_unsplash_images[3a20ab6d-19de-475e-9185-666f266bd34d] received
[2025-07-04 08:24:08,837: INFO/MainProcess] Task apps.gallery.tasks.process_audio[8b0650dc-6403-476c-9448-456b0f11fdc3] received
[2025-07-04 08:24:09,359: INFO/MainProcess] Task apps.gallery.tasks.populate_unsplash_images[b883bc44-83b8-45c5-9fa6-5870002b210a] received
[2025-07-04 08:24:10,049: INFO/MainProcess] Task apps.gallery.tasks.process_audio[930d901a-3b79-4fa1-a855-bb39c3306f7c] received
[2025-07-04 08:24:10,565: INFO/MainProcess] Task apps.gallery.tasks.populate_unsplash_images[c154df7f-a9d2-42e1-9536-793e9e8f3be6] received
[2025-07-04 08:24:11,093: INFO/MainProcess] Task apps.gallery.tasks.process_audio[dd3751bd-9bcd-4cc5-bf6a-11af1f8b05b6] received
[2025-07-04 08:24:11,608: INFO/MainProcess] Task apps.gallery.tasks.populate_unsplash_images[29c6b65a-62b4-48ec-9575-78fa9ae0a57c] received
[2025-07-04 08:24:12,295: INFO/MainProcess] Task apps.gallery.tasks.process_audio[56e0a114-ff11-4462-9b79-7cb2f7463704] received
[2025-07-04 08:24:12,811: INFO/MainProcess] Task apps.gallery.tasks.populate_unsplash_images[956bbe6d-f97c-440b-9cf6-5d9699e80416] received
[2025-07-04 08:25:30,889: INFO/ForkPoolWorker-2] Task apps.gallery.tasks.populate_unsplash_images[a5c384a5-f0ce-442f-a84e-5cbaa493f49f] succeeded in 91.954938803s: None
[2025-07-04 08:25:31,063: INFO/ForkPoolWorker-2] Fetching audios to process
[2025-07-04 08:25:31,922: INFO/MainProcess] Task apps.gallery.tasks.process_audio[be8f4eaa-90d0-4f76-95e5-d7831c173585] received
[2025-07-04 08:25:32,196: INFO/ForkPoolWorker-2] No audio files to process
[2025-07-04 08:25:32,514: INFO/ForkPoolWorker-2] Task apps.gallery.tasks.process_audio[0a57e694-d3f8-463e-8264-28c3f0127566] succeeded in 1.450570598000013s: None
[2025-07-04 08:25:32,687: INFO/ForkPoolWorker-2] Fetching unsplash images to process
[2025-07-04 08:25:32,687: INFO/ForkPoolWorker-2] Starting Unsplash to gcs uploader job at 2025-07-04T08:25:32.687926
[2025-07-04 08:25:32,687: INFO/ForkPoolWorker-2] Using 6 search queries: nature, people, food, travel, architecture, animals
[2025-07-04 08:25:33,536: INFO/MainProcess] Task apps.gallery.tasks.populate_unsplash_images[00449d1a-7b8d-4280-99d6-6070390ff2b2] received
[2025-07-04 08:25:37,451: INFO/ForkPoolWorker-1] Task apps.gallery.tasks.populate_unsplash_images[81e09081-d44e-4e5a-9613-c9e9fd3add08] succeeded in 97.84032136499991s: None
[2025-07-04 08:25:37,565: INFO/ForkPoolWorker-3] Task apps.gallery.tasks.populate_unsplash_images[b04e4ae5-ee29-49bb-90ec-d9a4931e07c9] succeeded in 95.49952288199984s: None
[2025-07-04 08:25:37,722: INFO/ForkPoolWorker-3] Fetching audios to process
[2025-07-04 08:25:37,722: INFO/ForkPoolWorker-1] Fetching unsplash images to process
[2025-07-04 08:25:37,723: INFO/ForkPoolWorker-1] Starting Unsplash to gcs uploader job at 2025-07-04T08:25:37.723004
[2025-07-04 08:25:37,723: INFO/ForkPoolWorker-1] Using 6 search queries: nature, people, food, travel, architecture, animals
[2025-07-04 08:25:38,725: ERROR/MainProcess] Received unregistered task of type 'apps.gallery.tasks.generate_metadata'.
The message has been ignored and discarded.

Did you remember to import the module containing this task?
Or maybe you're using relative imports?

Please see
https://docs.celeryq.dev/en/latest/internals/protocol.html
for more information.

The full contents of the message body was:
b'[[], {}, {"callbacks": null, "errbacks": null, "chain": null, "chord": null}]' (77b)

The full contents of the message headers:
{'lang': 'py', 'task': 'apps.gallery.tasks.generate_metadata', 'id': '94b9df2f-12c2-4cff-980b-59e2460c5a6d', 'shadow': None, 'eta': None, 'expires': None, 'group': None, 'group_index': None, 'retries': 0, 'timelimit': [None, None], 'root_id': '94b9df2f-12c2-4cff-980b-59e2460c5a6d', 'parent_id': None, 'argsrepr': '()', 'kwargsrepr': '{}', 'origin': 'gen7@63f692d7cb61', 'ignore_result': False, 'stamped_headers': None, 'stamps': {}}

The delivery info for this task is:
{'exchange': '', 'routing_key': 'celery'}
Traceback (most recent call last):
  File "/usr/local/lib/python3.12/site-packages/celery/worker/consumer/consumer.py", line 642, in on_task_received
    strategy = strategies[type_]
               ~~~~~~~~~~^^^^^^^
KeyError: 'apps.gallery.tasks.generate_metadata'
[2025-07-04 08:25:38,911: INFO/ForkPoolWorker-3] No audio files to process
[2025-07-04 08:25:39,251: INFO/ForkPoolWorker-3] Task apps.gallery.tasks.process_audio[e21256bb-7c0e-4d56-b732-954ec71d599c] succeeded in 1.528510711999843s: None
[2025-07-04 08:25:39,940: INFO/MainProcess] Task apps.gallery.tasks.process_audio[2310afb2-a12d-40dc-a1d0-784a2ae59fde] received
[2025-07-04 08:25:39,941: INFO/ForkPoolWorker-3] Fetching audios to process
[2025-07-04 08:25:40,606: INFO/MainProcess] Task apps.gallery.tasks.populate_unsplash_images[1bc903ff-b0e5-4801-b51f-76a647f88f8a] received
[2025-07-04 08:25:40,948: INFO/ForkPoolWorker-4] Task apps.gallery.tasks.populate_unsplash_images[ff18cf2d-12b2-4c8b-9638-f6708e5317ec] succeeded in 95.36432853399992s: None
[2025-07-04 08:25:41,096: INFO/ForkPoolWorker-3] No audio files to process
[2025-07-04 08:25:41,293: INFO/MainProcess] Task apps.gallery.tasks.process_audio[3a7c248d-9491-4fd2-a8ed-312236f099fe] received
[2025-07-04 08:25:41,293: INFO/ForkPoolWorker-4] Fetching unsplash images to process
[2025-07-04 08:25:41,293: INFO/ForkPoolWorker-4] Starting Unsplash to gcs uploader job at 2025-07-04T08:25:41.293965
[2025-07-04 08:25:41,294: INFO/ForkPoolWorker-4] Using 6 search queries: nature, people, food, travel, architecture, animals
[2025-07-04 08:25:41,446: INFO/ForkPoolWorker-3] Task apps.gallery.tasks.process_audio[83bdef6c-7b01-49b8-addf-1349365a3381] succeeded in 1.5055064690000108s: None
[2025-07-04 08:25:41,974: INFO/ForkPoolWorker-3] Fetching audios to process
[2025-07-04 08:25:42,474: INFO/MainProcess] Task apps.gallery.tasks.populate_unsplash_images[cc1fb610-7ddf-4193-85ec-03b06b053e94] received
[2025-07-04 08:25:42,983: INFO/MainProcess] Task apps.gallery.tasks.process_audio[00d1821d-0e95-4af2-8e3c-e79062c7422e] received
[2025-07-04 08:25:43,189: INFO/ForkPoolWorker-3] No audio files to process
[2025-07-04 08:25:43,544: INFO/ForkPoolWorker-3] Task apps.gallery.tasks.process_audio[e175cd6c-f942-4357-9c57-6a444db7c6bb] succeeded in 1.570506174000002s: None
[2025-07-04 08:25:43,719: INFO/ForkPoolWorker-3] Fetching unsplash images to process
[2025-07-04 08:25:43,719: INFO/ForkPoolWorker-3] Starting Unsplash to gcs uploader job at 2025-07-04T08:25:43.719712
[2025-07-04 08:25:43,719: INFO/ForkPoolWorker-3] Using 6 search queries: nature, people, food, travel, architecture, animals
[2025-07-04 08:25:44,569: INFO/MainProcess] Task apps.gallery.tasks.populate_unsplash_images[9cfc7cc8-67e7-4cef-b9d4-36439d458add] received
[2025-07-04 08:27:02,928: INFO/ForkPoolWorker-2] Task apps.gallery.tasks.populate_unsplash_images[ac03f549-3335-4265-8fb1-c6048dd5de8c] succeeded in 90.24601966599994s: None
[2025-07-04 08:27:03,110: INFO/ForkPoolWorker-2] Fetching audios to process
[2025-07-04 08:27:03,964: INFO/MainProcess] Task apps.gallery.tasks.process_audio[f1a9c86b-a335-46ef-aef3-ef197da2c841] received
[2025-07-04 08:27:04,328: INFO/ForkPoolWorker-2] No audio files to process
[2025-07-04 08:27:04,645: INFO/ForkPoolWorker-2] Task apps.gallery.tasks.process_audio[8b0650dc-6403-476c-9448-456b0f11fdc3] succeeded in 1.5352040540001326s: None
[2025-07-04 08:27:04,819: INFO/ForkPoolWorker-2] Fetching unsplash images to process
[2025-07-04 08:27:04,819: INFO/ForkPoolWorker-2] Starting Unsplash to gcs uploader job at 2025-07-04T08:27:04.819873
[2025-07-04 08:27:04,819: INFO/ForkPoolWorker-2] Using 6 search queries: nature, people, food, travel, architecture, animals
[2025-07-04 08:27:05,672: INFO/MainProcess] Task apps.gallery.tasks.populate_unsplash_images[af351896-e023-4bf2-aca0-d2a059e9c55e] received
[2025-07-04 08:27:09,279: INFO/ForkPoolWorker-1] Task apps.gallery.tasks.populate_unsplash_images[e63c626c-c7d2-468f-bb97-cf44b6f5087a] succeeded in 91.56192490500007s: None
[2025-07-04 08:27:09,454: INFO/ForkPoolWorker-1] Fetching audios to process
[2025-07-04 08:27:10,303: INFO/MainProcess] Task apps.gallery.tasks.process_audio[d4b33ed2-6b17-4443-b7f6-32e7377d40e3] received
[2025-07-04 08:27:10,617: INFO/ForkPoolWorker-1] No audio files to process
[2025-07-04 08:27:10,969: INFO/ForkPoolWorker-1] Task apps.gallery.tasks.process_audio[930d901a-3b79-4fa1-a855-bb39c3306f7c] succeeded in 1.5151542889998382s: None
[2025-07-04 08:27:11,143: INFO/ForkPoolWorker-1] Fetching unsplash images to process
[2025-07-04 08:27:11,143: INFO/ForkPoolWorker-1] Starting Unsplash to gcs uploader job at 2025-07-04T08:27:11.143756
[2025-07-04 08:27:11,143: INFO/ForkPoolWorker-1] Using 6 search queries: nature, people, food, travel, architecture, animals
[2025-07-04 08:27:11,820: INFO/MainProcess] Task apps.gallery.tasks.populate_unsplash_images[f069667c-88d0-4ed4-8b3b-fac0f7a03945] received
[2025-07-04 08:27:13,355: INFO/ForkPoolWorker-3] Task apps.gallery.tasks.populate_unsplash_images[3a20ab6d-19de-475e-9185-666f266bd34d] succeeded in 89.64205210199998s: None
[2025-07-04 08:27:13,531: INFO/ForkPoolWorker-3] Fetching audios to process
[2025-07-04 08:27:14,210: INFO/MainProcess] Task apps.gallery.tasks.process_audio[a429f405-f113-4547-85e3-73a09c0352d0] received
[2025-07-04 08:27:14,716: INFO/ForkPoolWorker-3] No audio files to process
[2025-07-04 08:27:15,063: INFO/ForkPoolWorker-3] Task apps.gallery.tasks.process_audio[dd3751bd-9bcd-4cc5-bf6a-11af1f8b05b6] succeeded in 1.531647859000259s: None
[2025-07-04 08:27:15,236: INFO/ForkPoolWorker-3] Fetching unsplash images to process
[2025-07-04 08:27:15,237: INFO/ForkPoolWorker-3] Starting Unsplash to gcs uploader job at 2025-07-04T08:27:15.237024
[2025-07-04 08:27:15,237: INFO/ForkPoolWorker-3] Using 6 search queries: nature, people, food, travel, architecture, animals
[2025-07-04 08:27:15,910: INFO/MainProcess] Task apps.gallery.tasks.populate_unsplash_images[9dcb9794-b0b3-4396-8885-029f02e636da] received
[2025-07-04 08:27:16,699: INFO/ForkPoolWorker-4] Task apps.gallery.tasks.populate_unsplash_images[9e30a762-2a19-4b80-ac49-e78b228a6f7a] succeeded in 95.41124113199976s: None
[2025-07-04 08:27:16,906: INFO/ForkPoolWorker-4] Fetching audios to process
[2025-07-04 08:27:17,580: INFO/MainProcess] Task apps.gallery.tasks.process_audio[34216cb5-820a-476f-9069-0eca7689b6c9] received
[2025-07-04 08:27:18,106: INFO/ForkPoolWorker-4] No audio files to process
[2025-07-04 08:27:18,445: INFO/ForkPoolWorker-4] Task apps.gallery.tasks.process_audio[56e0a114-ff11-4462-9b79-7cb2f7463704] succeeded in 1.5393678870000258s: None
[2025-07-04 08:27:18,621: INFO/ForkPoolWorker-4] Fetching unsplash images to process
[2025-07-04 08:27:18,621: INFO/ForkPoolWorker-4] Starting Unsplash to gcs uploader job at 2025-07-04T08:27:18.621254
[2025-07-04 08:27:18,621: INFO/ForkPoolWorker-4] Using 6 search queries: nature, people, food, travel, architecture, animals
[2025-07-04 08:27:19,465: INFO/MainProcess] Task apps.gallery.tasks.populate_unsplash_images[db6b15f4-961b-43e6-ace0-f5ffc9097979] received
[2025-07-04 08:28:36,200: INFO/ForkPoolWorker-2] Task apps.gallery.tasks.populate_unsplash_images[b883bc44-83b8-45c5-9fa6-5870002b210a] succeeded in 91.38604767699962s: None
[2025-07-04 08:28:36,379: INFO/ForkPoolWorker-2] Fetching audios to process
[2025-07-04 08:28:37,543: INFO/ForkPoolWorker-2] No audio files to process
[2025-07-04 08:28:37,583: INFO/MainProcess] Task apps.gallery.tasks.process_audio[9fa90a47-fb64-4c94-89f1-51337575685c] received
[2025-07-04 08:28:37,873: INFO/ForkPoolWorker-2] Task apps.gallery.tasks.process_audio[be8f4eaa-90d0-4f76-95e5-d7831c173585] succeeded in 1.493230351999955s: None
[2025-07-04 08:28:38,052: INFO/ForkPoolWorker-2] Fetching unsplash images to process
[2025-07-04 08:28:38,053: INFO/ForkPoolWorker-2] Starting Unsplash to gcs uploader job at 2025-07-04T08:28:38.053078
[2025-07-04 08:28:38,053: INFO/ForkPoolWorker-2] Using 6 search queries: nature, people, food, travel, architecture, animals
[2025-07-04 08:28:38,733: INFO/MainProcess] Task apps.gallery.tasks.populate_unsplash_images[842d3519-7b5a-4f35-84ef-1673349102c5] received
[2025-07-04 08:28:46,534: INFO/ForkPoolWorker-1] Task apps.gallery.tasks.populate_unsplash_images[c154df7f-a9d2-42e1-9536-793e9e8f3be6] succeeded in 95.3961413449997s: None
[2025-07-04 08:28:46,706: INFO/ForkPoolWorker-1] Fetching audios to process
[2025-07-04 08:28:47,381: INFO/MainProcess] Task apps.gallery.tasks.process_audio[05234f73-4747-47b3-9dd2-64fd89a5735f] received
[2025-07-04 08:28:47,927: INFO/ForkPoolWorker-1] No audio files to process
[2025-07-04 08:28:48,285: INFO/ForkPoolWorker-1] Task apps.gallery.tasks.process_audio[2310afb2-a12d-40dc-a1d0-784a2ae59fde] succeeded in 1.5789012099999127s: None
[2025-07-04 08:28:48,461: INFO/ForkPoolWorker-1] Fetching unsplash images to process
[2025-07-04 08:28:48,461: INFO/ForkPoolWorker-1] Starting Unsplash to gcs uploader job at 2025-07-04T08:28:48.461446
[2025-07-04 08:28:48,461: INFO/ForkPoolWorker-1] Using 6 search queries: nature, people, food, travel, architecture, animals
[2025-07-04 08:28:48,586: INFO/ForkPoolWorker-3] Task apps.gallery.tasks.populate_unsplash_images[29c6b65a-62b4-48ec-9575-78fa9ae0a57c] succeeded in 93.35475859500002s: None
[2025-07-04 08:28:49,133: INFO/MainProcess] Task apps.gallery.tasks.populate_unsplash_images[3e752faf-13b6-45b1-9268-4dd285af5633] received
[2025-07-04 08:28:49,134: INFO/ForkPoolWorker-3] Fetching audios to process
[2025-07-04 08:28:49,974: INFO/MainProcess] Task apps.gallery.tasks.process_audio[1f515604-dbac-48b1-bef8-1f22f89a7067] received
[2025-07-04 08:28:50,262: INFO/ForkPoolWorker-3] No audio files to process
[2025-07-04 08:28:50,609: INFO/ForkPoolWorker-3] Task apps.gallery.tasks.process_audio[3a7c248d-9491-4fd2-a8ed-312236f099fe] succeeded in 1.4758919129999413s: None
[2025-07-04 08:28:50,787: INFO/ForkPoolWorker-3] Fetching unsplash images to process
[2025-07-04 08:28:50,787: INFO/ForkPoolWorker-3] Starting Unsplash to gcs uploader job at 2025-07-04T08:28:50.787868
[2025-07-04 08:28:50,787: INFO/ForkPoolWorker-3] Using 6 search queries: nature, people, food, travel, architecture, animals
[2025-07-04 08:28:51,465: INFO/MainProcess] Task apps.gallery.tasks.populate_unsplash_images[aa16c3d9-0c2c-48b0-8f79-766e554c4804] received
[2025-07-04 08:28:56,200: INFO/ForkPoolWorker-4] Task apps.gallery.tasks.populate_unsplash_images[956bbe6d-f97c-440b-9cf6-5d9699e80416] succeeded in 97.58627631799982s: None
[2025-07-04 08:28:56,378: INFO/ForkPoolWorker-4] Fetching audios to process
[2025-07-04 08:28:57,135: INFO/MainProcess] Task apps.gallery.tasks.process_audio[a92053b2-d80a-4eaf-946e-d05a1d142e98] received
[2025-07-04 08:28:57,493: INFO/ForkPoolWorker-4] No audio files to process
[2025-07-04 08:28:57,834: INFO/ForkPoolWorker-4] Task apps.gallery.tasks.process_audio[00d1821d-0e95-4af2-8e3c-e79062c7422e] succeeded in 1.45596945699981s: None
[2025-07-04 08:28:58,021: INFO/ForkPoolWorker-4] Fetching unsplash images to process
[2025-07-04 08:28:58,021: INFO/ForkPoolWorker-4] Starting Unsplash to gcs uploader job at 2025-07-04T08:28:58.021797
[2025-07-04 08:28:58,022: INFO/ForkPoolWorker-4] Using 6 search queries: nature, people, food, travel, architecture, animals
[2025-07-04 08:28:58,699: INFO/MainProcess] Task apps.gallery.tasks.populate_unsplash_images[73fdf743-05e5-4d65-ab10-cc020329f0bd] received
[2025-07-04 08:30:11,278: INFO/ForkPoolWorker-2] Task apps.gallery.tasks.populate_unsplash_images[00449d1a-7b8d-4280-99d6-6070390ff2b2] succeeded in 93.23144857099987s: None
[2025-07-04 08:30:11,452: INFO/ForkPoolWorker-2] Fetching audios to process
[2025-07-04 08:30:12,469: INFO/MainProcess] Task apps.gallery.tasks.process_audio[d05e9d31-c024-43f4-b2f4-5127306e5760] received
[2025-07-04 08:30:12,630: INFO/ForkPoolWorker-2] No audio files to process
[2025-07-04 08:30:12,951: INFO/ForkPoolWorker-2] Task apps.gallery.tasks.process_audio[f1a9c86b-a335-46ef-aef3-ef197da2c841] succeeded in 1.5003092940000897s: None
[2025-07-04 08:30:13,301: INFO/ForkPoolWorker-2] Fetching unsplash images to process
[2025-07-04 08:30:13,303: INFO/ForkPoolWorker-2] Starting Unsplash to gcs uploader job at 2025-07-04T08:30:13.301756
[2025-07-04 08:30:13,304: INFO/ForkPoolWorker-2] Using 6 search queries: nature, people, food, travel, architecture, animals
[2025-07-04 08:30:13,977: INFO/MainProcess] Task apps.gallery.tasks.populate_unsplash_images[e22e9dc3-764e-4d44-b9bc-d5c949c76329] received
[2025-07-04 08:30:20,536: INFO/ForkPoolWorker-1] Task apps.gallery.tasks.populate_unsplash_images[1bc903ff-b0e5-4801-b51f-76a647f88f8a] succeeded in 92.08088448900025s: None
[2025-07-04 08:30:20,720: INFO/ForkPoolWorker-1] Fetching audios to process
[2025-07-04 08:30:21,776: INFO/MainProcess] Task apps.gallery.tasks.process_audio[268af6e7-5990-4b7b-9974-03af49c34380] received
[2025-07-04 08:30:21,891: INFO/ForkPoolWorker-1] No audio files to process
[2025-07-04 08:30:22,249: INFO/ForkPoolWorker-1] Task apps.gallery.tasks.process_audio[d4b33ed2-6b17-4443-b7f6-32e7377d40e3] succeeded in 1.5310050260000025s: None
[2025-07-04 08:30:22,423: INFO/ForkPoolWorker-1] Fetching unsplash images to process
[2025-07-04 08:30:22,424: INFO/ForkPoolWorker-1] Starting Unsplash to gcs uploader job at 2025-07-04T08:30:22.424000
[2025-07-04 08:30:22,424: INFO/ForkPoolWorker-1] Using 6 search queries: nature, people, food, travel, architecture, animals
[2025-07-04 08:30:23,104: INFO/MainProcess] Task apps.gallery.tasks.populate_unsplash_images[29e0b52c-c4d6-4b5a-a013-fefe958511ef] received
[2025-07-04 08:30:24,294: INFO/ForkPoolWorker-3] Task apps.gallery.tasks.populate_unsplash_images[cc1fb610-7ddf-4193-85ec-03b06b053e94] succeeded in 93.51287581199995s: None
[2025-07-04 08:30:24,478: INFO/ForkPoolWorker-3] Fetching audios to process
[2025-07-04 08:30:25,148: INFO/MainProcess] Task apps.gallery.tasks.process_audio[8658f0d7-aed7-40e9-85c0-f884d3af0913] received
[2025-07-04 08:30:25,660: INFO/ForkPoolWorker-3] No audio files to process
[2025-07-04 08:30:26,002: INFO/ForkPoolWorker-3] Task apps.gallery.tasks.process_audio[a429f405-f113-4547-85e3-73a09c0352d0] succeeded in 1.524555515999964s: None
[2025-07-04 08:30:26,175: INFO/ForkPoolWorker-3] Fetching unsplash images to process
[2025-07-04 08:30:26,175: INFO/ForkPoolWorker-3] Starting Unsplash to gcs uploader job at 2025-07-04T08:30:26.175974
[2025-07-04 08:30:26,176: INFO/ForkPoolWorker-3] Using 6 search queries: nature, people, food, travel, architecture, animals
[2025-07-04 08:30:27,037: INFO/MainProcess] Task apps.gallery.tasks.populate_unsplash_images[511a7a1f-b73b-456f-b0a7-c3be780dff1a] received
[2025-07-04 08:30:27,965: INFO/ForkPoolWorker-4] Task apps.gallery.tasks.populate_unsplash_images[9cfc7cc8-67e7-4cef-b9d4-36439d458add] succeeded in 89.95006431299998s: None
[2025-07-04 08:30:28,137: INFO/ForkPoolWorker-4] Fetching audios to process
[2025-07-04 08:30:28,813: INFO/MainProcess] Task apps.gallery.tasks.process_audio[7be52c59-e347-42d5-8a7e-a38496500846] received
[2025-07-04 08:30:29,315: INFO/ForkPoolWorker-4] No audio files to process
[2025-07-04 08:30:29,655: INFO/ForkPoolWorker-4] Task apps.gallery.tasks.process_audio[34216cb5-820a-476f-9069-0eca7689b6c9] succeeded in 1.5182678389996909s: None
[2025-07-04 08:30:29,828: INFO/ForkPoolWorker-4] Fetching unsplash images to process
[2025-07-04 08:30:29,828: INFO/ForkPoolWorker-4] Starting Unsplash to gcs uploader job at 2025-07-04T08:30:29.828908
[2025-07-04 08:30:29,828: INFO/ForkPoolWorker-4] Using 6 search queries: nature, people, food, travel, architecture, animals
[2025-07-04 08:30:30,512: INFO/MainProcess] Task apps.gallery.tasks.populate_unsplash_images[69318813-a929-4b27-9806-35dc7fc88418] received
[2025-07-04 08:31:48,630: INFO/ForkPoolWorker-2] Task apps.gallery.tasks.populate_unsplash_images[af351896-e023-4bf2-aca0-d2a059e9c55e] succeeded in 95.3352193009996s: None
[2025-07-04 08:31:48,795: INFO/ForkPoolWorker-2] Fetching audios to process
[2025-07-04 08:31:49,779: INFO/MainProcess] Task apps.gallery.tasks.process_audio[0c4504e6-1a38-42d6-82e5-55a87df88565] received
[2025-07-04 08:31:50,017: INFO/ForkPoolWorker-2] No audio files to process
[2025-07-04 08:31:50,340: INFO/ForkPoolWorker-2] Task apps.gallery.tasks.process_audio[9fa90a47-fb64-4c94-89f1-51337575685c] succeeded in 1.54504856199992s: None
[2025-07-04 08:31:50,503: INFO/ForkPoolWorker-2] Fetching unsplash images to process
[2025-07-04 08:31:50,503: INFO/ForkPoolWorker-2] Starting Unsplash to gcs uploader job at 2025-07-04T08:31:50.503607
[2025-07-04 08:31:50,503: INFO/ForkPoolWorker-2] Using 6 search queries: nature, people, food, travel, architecture, animals
[2025-07-04 08:31:51,159: INFO/MainProcess] Task apps.gallery.tasks.populate_unsplash_images[7ae58a7b-550b-45ba-8020-43a1c2bbecf6] received
[2025-07-04 08:31:58,250: INFO/ForkPoolWorker-1] Task apps.gallery.tasks.populate_unsplash_images[f069667c-88d0-4ed4-8b3b-fac0f7a03945] succeeded in 95.8321639589999s: None
[2025-07-04 08:31:58,413: INFO/ForkPoolWorker-1] Fetching audios to process
[2025-07-04 08:31:59,222: INFO/MainProcess] Task apps.gallery.tasks.process_audio[a1ed9c60-1f06-40a8-9073-aee93769fd45] received
[2025-07-04 08:31:59,639: INFO/ForkPoolWorker-1] No audio files to process
[2025-07-04 08:31:59,984: INFO/ForkPoolWorker-1] Task apps.gallery.tasks.process_audio[05234f73-4747-47b3-9dd2-64fd89a5735f] succeeded in 1.5710167580000416s: None
[2025-07-04 08:32:00,146: INFO/ForkPoolWorker-1] Fetching unsplash images to process
[2025-07-04 08:32:00,146: INFO/ForkPoolWorker-1] Starting Unsplash to gcs uploader job at 2025-07-04T08:32:00.146648
[2025-07-04 08:32:00,146: INFO/ForkPoolWorker-1] Using 6 search queries: nature, people, food, travel, architecture, animals
[2025-07-04 08:32:00,175: INFO/ForkPoolWorker-3] Task apps.gallery.tasks.populate_unsplash_images[9dcb9794-b0b3-4396-8885-029f02e636da] succeeded in 94.00447166100003s: None
[2025-07-04 08:32:00,634: INFO/ForkPoolWorker-3] Fetching audios to process
[2025-07-04 08:32:01,282: INFO/MainProcess] Task apps.gallery.tasks.populate_unsplash_images[9ab03823-97b2-4aab-876e-b3c8c6c6a968] received
[2025-07-04 08:32:01,777: INFO/MainProcess] Task apps.gallery.tasks.process_audio[2233285b-de84-47a2-a2e8-51d88410b778] received
[2025-07-04 08:32:01,869: INFO/ForkPoolWorker-3] No audio files to process
[2025-07-04 08:32:02,203: INFO/ForkPoolWorker-3] Task apps.gallery.tasks.process_audio[1f515604-dbac-48b1-bef8-1f22f89a7067] succeeded in 1.5689477109999643s: None
[2025-07-04 08:32:02,580: INFO/ForkPoolWorker-3] Fetching unsplash images to process
[2025-07-04 08:32:02,580: INFO/ForkPoolWorker-3] Starting Unsplash to gcs uploader job at 2025-07-04T08:32:02.580631
[2025-07-04 08:32:02,580: INFO/ForkPoolWorker-3] Using 6 search queries: nature, people, food, travel, architecture, animals
[2025-07-04 08:32:03,240: INFO/MainProcess] Task apps.gallery.tasks.populate_unsplash_images[8d0e632d-3b29-4b96-b85c-71840fce3191] received
[2025-07-04 08:32:07,380: INFO/ForkPoolWorker-4] Task apps.gallery.tasks.populate_unsplash_images[db6b15f4-961b-43e6-ace0-f5ffc9097979] succeeded in 97.55719346900014s: None
[2025-07-04 08:32:07,546: INFO/ForkPoolWorker-4] Fetching audios to process
[2025-07-04 08:32:08,355: INFO/MainProcess] Task apps.gallery.tasks.process_audio[eb7a1143-1d92-433d-99cc-c7bf7aaa71f3] received
[2025-07-04 08:32:08,730: INFO/ForkPoolWorker-4] No audio files to process
[2025-07-04 08:32:09,051: INFO/ForkPoolWorker-4] Task apps.gallery.tasks.process_audio[a92053b2-d80a-4eaf-946e-d05a1d142e98] succeeded in 1.5047683630000392s: None
[2025-07-04 08:32:09,211: INFO/ForkPoolWorker-4] Fetching unsplash images to process
[2025-07-04 08:32:09,212: INFO/ForkPoolWorker-4] Starting Unsplash to gcs uploader job at 2025-07-04T08:32:09.212013
[2025-07-04 08:32:09,212: INFO/ForkPoolWorker-4] Using 6 search queries: nature, people, food, travel, architecture, animals
[2025-07-04 08:32:09,870: INFO/MainProcess] Task apps.gallery.tasks.populate_unsplash_images[933e8ea1-8c3e-483c-ad10-09505d728760] received
[2025-07-04 08:33:06,978: WARNING/ForkPoolWorker-4] /usr/local/lib/python3.12/site-packages/celery/app/trace.py:686: RuntimeWarning: Exception raised outside body: ConnectionError('Connection closed by server.'):
Traceback (most recent call last):
  File "/usr/local/lib/python3.12/site-packages/django/db/backends/utils.py", line 105, in _execute
    return self.cursor.execute(sql, params)
           ^^^^^^^^^^^^^^^^^^^^^^^^^^^^^^^^
psycopg2.OperationalError: server closed the connection unexpectedly
	This probably means the server terminated abnormally
	before or while processing the request.


The above exception was the direct cause of the following exception:

Traceback (most recent call last):
  File "/usr/local/lib/python3.12/site-packages/celery/app/trace.py", line 477, in trace_task
    R = retval = fun(*args, **kwargs)
                 ^^^^^^^^^^^^^^^^^^^^
  File "/usr/local/lib/python3.12/site-packages/celery/app/trace.py", line 760, in __protected_call__
    return self.run(*args, **kwargs)
           ^^^^^^^^^^^^^^^^^^^^^^^^^
  File "/app/apps/gallery/tasks.py", line 155, in populate_unsplash_images
    client.run()
  File "/app/apps/utils/unsplash_client/_client.py", line 295, in run
    user = User.objects.get(is_superuser=True)
           ^^^^^^^^^^^^^^^^^^^^^^^^^^^^^^^^^^^
  File "/usr/local/lib/python3.12/site-packages/django/db/models/manager.py", line 87, in manager_method
    return getattr(self.get_queryset(), name)(*args, **kwargs)
           ^^^^^^^^^^^^^^^^^^^^^^^^^^^^^^^^^^^^^^^^^^^^^^^^^^^
  File "/usr/local/lib/python3.12/site-packages/django/db/models/query.py", line 645, in get
    num = len(clone)
          ^^^^^^^^^^
  File "/usr/local/lib/python3.12/site-packages/django/db/models/query.py", line 382, in __len__
    self._fetch_all()
  File "/usr/local/lib/python3.12/site-packages/django/db/models/query.py", line 1928, in _fetch_all
    self._result_cache = list(self._iterable_class(self))
                         ^^^^^^^^^^^^^^^^^^^^^^^^^^^^^^^^
  File "/usr/local/lib/python3.12/site-packages/django/db/models/query.py", line 91, in __iter__
    results = compiler.execute_sql(
              ^^^^^^^^^^^^^^^^^^^^^
  File "/usr/local/lib/python3.12/site-packages/django/db/models/sql/compiler.py", line 1574, in execute_sql
    cursor.execute(sql, params)
  File "/usr/local/lib/python3.12/site-packages/django/db/backends/utils.py", line 122, in execute
    return super().execute(sql, params)
           ^^^^^^^^^^^^^^^^^^^^^^^^^^^^
  File "/usr/local/lib/python3.12/site-packages/django/db/backends/utils.py", line 79, in execute
    return self._execute_with_wrappers(
           ^^^^^^^^^^^^^^^^^^^^^^^^^^^^
  File "/usr/local/lib/python3.12/site-packages/django/db/backends/utils.py", line 92, in _execute_with_wrappers
    return executor(sql, params, many, context)
           ^^^^^^^^^^^^^^^^^^^^^^^^^^^^^^^^^^^^
  File "/usr/local/lib/python3.12/site-packages/django/db/backends/utils.py", line 100, in _execute
    with self.db.wrap_database_errors:
         ^^^^^^^^^^^^^^^^^^^^^^^^^^^^
  File "/usr/local/lib/python3.12/site-packages/django/db/utils.py", line 91, in __exit__
    raise dj_exc_value.with_traceback(traceback) from exc_value
  File "/usr/local/lib/python3.12/site-packages/django/db/backends/utils.py", line 105, in _execute
    return self.cursor.execute(sql, params)
           ^^^^^^^^^^^^^^^^^^^^^^^^^^^^^^^^
django.db.utils.OperationalError: server closed the connection unexpectedly
	This probably means the server terminated abnormally
	before or while processing the request.


During handling of the above exception, another exception occurred:

Traceback (most recent call last):
  File "/usr/local/lib/python3.12/site-packages/celery/app/trace.py", line 494, in trace_task
    I, R, state, retval = on_error(task_request, exc)
                          ^^^^^^^^^^^^^^^^^^^^^^^^^^^
  File "/usr/local/lib/python3.12/site-packages/celery/app/trace.py", line 399, in on_error
    R = I.handle_error_state(
        ^^^^^^^^^^^^^^^^^^^^^
  File "/usr/local/lib/python3.12/site-packages/celery/app/trace.py", line 178, in handle_error_state
    return {
           ^
  File "/usr/local/lib/python3.12/site-packages/celery/app/trace.py", line 230, in handle_failure
    task.backend.mark_as_failure(
  File "/usr/local/lib/python3.12/site-packages/celery/backends/base.py", line 167, in mark_as_failure
    self.store_result(task_id, exc, state,
  File "/usr/local/lib/python3.12/site-packages/celery/backends/base.py", line 526, in store_result
    self._store_result(task_id, result, state, traceback,
  File "/usr/local/lib/python3.12/site-packages/celery/backends/base.py", line 973, in _store_result
    current_meta = self._get_task_meta_for(task_id)
                   ^^^^^^^^^^^^^^^^^^^^^^^^^^^^^^^^
  File "/usr/local/lib/python3.12/site-packages/celery/backends/base.py", line 995, in _get_task_meta_for
    meta = self.get(self.get_key_for_task(task_id))
           ^^^^^^^^^^^^^^^^^^^^^^^^^^^^^^^^^^^^^^^^
  File "/usr/local/lib/python3.12/site-packages/celery/backends/redis.py", line 376, in get
    return self.client.get(key)
           ^^^^^^^^^^^^^^^^^^^^
  File "/usr/local/lib/python3.12/site-packages/redis/commands/core.py", line 1822, in get
    return self.execute_command("GET", name, keys=[name])
           ^^^^^^^^^^^^^^^^^^^^^^^^^^^^^^^^^^^^^^^^^^^^^^
  File "/usr/local/lib/python3.12/site-packages/redis/client.py", line 559, in execute_command
    return self._execute_command(*args, **options)
           ^^^^^^^^^^^^^^^^^^^^^^^^^^^^^^^^^^^^^^^
  File "/usr/local/lib/python3.12/site-packages/redis/client.py", line 567, in _execute_command
    return conn.retry.call_with_retry(
           ^^^^^^^^^^^^^^^^^^^^^^^^^^^
  File "/usr/local/lib/python3.12/site-packages/redis/retry.py", line 65, in call_with_retry
    fail(error)
  File "/usr/local/lib/python3.12/site-packages/redis/client.py", line 571, in <lambda>
    lambda error: self._disconnect_raise(conn, error),
                  ^^^^^^^^^^^^^^^^^^^^^^^^^^^^^^^^^^^
  File "/usr/local/lib/python3.12/site-packages/redis/client.py", line 555, in _disconnect_raise
    raise error
  File "/usr/local/lib/python3.12/site-packages/redis/retry.py", line 62, in call_with_retry
    return do()
           ^^^^
  File "/usr/local/lib/python3.12/site-packages/redis/client.py", line 568, in <lambda>
    lambda: self._send_command_parse_response(
            ^^^^^^^^^^^^^^^^^^^^^^^^^^^^^^^^^^
  File "/usr/local/lib/python3.12/site-packages/redis/client.py", line 542, in _send_command_parse_response
    return self.parse_response(conn, command_name, **options)
           ^^^^^^^^^^^^^^^^^^^^^^^^^^^^^^^^^^^^^^^^^^^^^^^^^^
  File "/usr/local/lib/python3.12/site-packages/redis/client.py", line 584, in parse_response
    response = connection.read_response()
               ^^^^^^^^^^^^^^^^^^^^^^^^^^
  File "/usr/local/lib/python3.12/site-packages/redis/connection.py", line 592, in read_response
    response = self._parser.read_response(disable_decoding=disable_decoding)
               ^^^^^^^^^^^^^^^^^^^^^^^^^^^^^^^^^^^^^^^^^^^^^^^^^^^^^^^^^^^^^
  File "/usr/local/lib/python3.12/site-packages/redis/_parsers/resp2.py", line 15, in read_response
    result = self._read_response(disable_decoding=disable_decoding)
             ^^^^^^^^^^^^^^^^^^^^^^^^^^^^^^^^^^^^^^^^^^^^^^^^^^^^^^
  File "/usr/local/lib/python3.12/site-packages/redis/_parsers/resp2.py", line 25, in _read_response
    raw = self._buffer.readline()
          ^^^^^^^^^^^^^^^^^^^^^^^
  File "/usr/local/lib/python3.12/site-packages/redis/_parsers/socket.py", line 115, in readline
    self._read_from_socket()
  File "/usr/local/lib/python3.12/site-packages/redis/_parsers/socket.py", line 68, in _read_from_socket
    raise ConnectionError(SERVER_CLOSED_CONNECTION_ERROR)
redis.exceptions.ConnectionError: Connection closed by server.

  warn(RuntimeWarning(

[2025-07-04 08:33:07,252: WARNING/ForkPoolWorker-3] /usr/local/lib/python3.12/site-packages/celery/app/trace.py:686: RuntimeWarning: Exception raised outside body: ConnectionError('Connection closed by server.'):
Traceback (most recent call last):
  File "/usr/local/lib/python3.12/site-packages/django/db/backends/utils.py", line 105, in _execute
    return self.cursor.execute(sql, params)
           ^^^^^^^^^^^^^^^^^^^^^^^^^^^^^^^^
psycopg2.OperationalError: server closed the connection unexpectedly
	This probably means the server terminated abnormally
	before or while processing the request.


The above exception was the direct cause of the following exception:

Traceback (most recent call last):
  File "/usr/local/lib/python3.12/site-packages/celery/app/trace.py", line 477, in trace_task
    R = retval = fun(*args, **kwargs)
                 ^^^^^^^^^^^^^^^^^^^^
  File "/usr/local/lib/python3.12/site-packages/celery/app/trace.py", line 760, in __protected_call__
    return self.run(*args, **kwargs)
           ^^^^^^^^^^^^^^^^^^^^^^^^^
  File "/app/apps/gallery/tasks.py", line 155, in populate_unsplash_images
    client.run()
  File "/app/apps/utils/unsplash_client/_client.py", line 328, in run
    if Image.objects.filter(image_id=id).exists():
       ^^^^^^^^^^^^^^^^^^^^^^^^^^^^^^^^^^^^^^^^^^
  File "/usr/local/lib/python3.12/site-packages/django/db/models/query.py", line 1288, in exists
    return self.query.has_results(using=self.db)
           ^^^^^^^^^^^^^^^^^^^^^^^^^^^^^^^^^^^^^
  File "/usr/local/lib/python3.12/site-packages/django/db/models/sql/query.py", line 660, in has_results
    return compiler.has_results()
           ^^^^^^^^^^^^^^^^^^^^^^
  File "/usr/local/lib/python3.12/site-packages/django/db/models/sql/compiler.py", line 1542, in has_results
    return bool(self.execute_sql(SINGLE))
                ^^^^^^^^^^^^^^^^^^^^^^^^
  File "/usr/local/lib/python3.12/site-packages/django/db/models/sql/compiler.py", line 1574, in execute_sql
    cursor.execute(sql, params)
  File "/usr/local/lib/python3.12/site-packages/django/db/backends/utils.py", line 122, in execute
    return super().execute(sql, params)
           ^^^^^^^^^^^^^^^^^^^^^^^^^^^^
  File "/usr/local/lib/python3.12/site-packages/django/db/backends/utils.py", line 79, in execute
    return self._execute_with_wrappers(
           ^^^^^^^^^^^^^^^^^^^^^^^^^^^^
  File "/usr/local/lib/python3.12/site-packages/django/db/backends/utils.py", line 92, in _execute_with_wrappers
    return executor(sql, params, many, context)
           ^^^^^^^^^^^^^^^^^^^^^^^^^^^^^^^^^^^^
  File "/usr/local/lib/python3.12/site-packages/django/db/backends/utils.py", line 100, in _execute
    with self.db.wrap_database_errors:
         ^^^^^^^^^^^^^^^^^^^^^^^^^^^^
  File "/usr/local/lib/python3.12/site-packages/django/db/utils.py", line 91, in __exit__
    raise dj_exc_value.with_traceback(traceback) from exc_value
  File "/usr/local/lib/python3.12/site-packages/django/db/backends/utils.py", line 105, in _execute
    return self.cursor.execute(sql, params)
           ^^^^^^^^^^^^^^^^^^^^^^^^^^^^^^^^
django.db.utils.OperationalError: server closed the connection unexpectedly
	This probably means the server terminated abnormally
	before or while processing the request.


During handling of the above exception, another exception occurred:

Traceback (most recent call last):
  File "/usr/local/lib/python3.12/site-packages/celery/app/trace.py", line 494, in trace_task
    I, R, state, retval = on_error(task_request, exc)
                          ^^^^^^^^^^^^^^^^^^^^^^^^^^^
  File "/usr/local/lib/python3.12/site-packages/celery/app/trace.py", line 399, in on_error
    R = I.handle_error_state(
        ^^^^^^^^^^^^^^^^^^^^^
  File "/usr/local/lib/python3.12/site-packages/celery/app/trace.py", line 178, in handle_error_state
    return {
           ^
  File "/usr/local/lib/python3.12/site-packages/celery/app/trace.py", line 230, in handle_failure
    task.backend.mark_as_failure(
  File "/usr/local/lib/python3.12/site-packages/celery/backends/base.py", line 167, in mark_as_failure
    self.store_result(task_id, exc, state,
  File "/usr/local/lib/python3.12/site-packages/celery/backends/base.py", line 526, in store_result
    self._store_result(task_id, result, state, traceback,
  File "/usr/local/lib/python3.12/site-packages/celery/backends/base.py", line 973, in _store_result
    current_meta = self._get_task_meta_for(task_id)
                   ^^^^^^^^^^^^^^^^^^^^^^^^^^^^^^^^
  File "/usr/local/lib/python3.12/site-packages/celery/backends/base.py", line 995, in _get_task_meta_for
    meta = self.get(self.get_key_for_task(task_id))
           ^^^^^^^^^^^^^^^^^^^^^^^^^^^^^^^^^^^^^^^^
  File "/usr/local/lib/python3.12/site-packages/celery/backends/redis.py", line 376, in get
    return self.client.get(key)
           ^^^^^^^^^^^^^^^^^^^^
  File "/usr/local/lib/python3.12/site-packages/redis/commands/core.py", line 1822, in get
    return self.execute_command("GET", name, keys=[name])
           ^^^^^^^^^^^^^^^^^^^^^^^^^^^^^^^^^^^^^^^^^^^^^^
  File "/usr/local/lib/python3.12/site-packages/redis/client.py", line 559, in execute_command
    return self._execute_command(*args, **options)
           ^^^^^^^^^^^^^^^^^^^^^^^^^^^^^^^^^^^^^^^
  File "/usr/local/lib/python3.12/site-packages/redis/client.py", line 567, in _execute_command
    return conn.retry.call_with_retry(
           ^^^^^^^^^^^^^^^^^^^^^^^^^^^
  File "/usr/local/lib/python3.12/site-packages/redis/retry.py", line 65, in call_with_retry
    fail(error)
  File "/usr/local/lib/python3.12/site-packages/redis/client.py", line 571, in <lambda>
    lambda error: self._disconnect_raise(conn, error),
                  ^^^^^^^^^^^^^^^^^^^^^^^^^^^^^^^^^^^
  File "/usr/local/lib/python3.12/site-packages/redis/client.py", line 555, in _disconnect_raise
    raise error
  File "/usr/local/lib/python3.12/site-packages/redis/retry.py", line 62, in call_with_retry
    return do()
           ^^^^
  File "/usr/local/lib/python3.12/site-packages/redis/client.py", line 568, in <lambda>
    lambda: self._send_command_parse_response(
            ^^^^^^^^^^^^^^^^^^^^^^^^^^^^^^^^^^
  File "/usr/local/lib/python3.12/site-packages/redis/client.py", line 542, in _send_command_parse_response
    return self.parse_response(conn, command_name, **options)
           ^^^^^^^^^^^^^^^^^^^^^^^^^^^^^^^^^^^^^^^^^^^^^^^^^^
  File "/usr/local/lib/python3.12/site-packages/redis/client.py", line 584, in parse_response
    response = connection.read_response()
               ^^^^^^^^^^^^^^^^^^^^^^^^^^
  File "/usr/local/lib/python3.12/site-packages/redis/connection.py", line 592, in read_response
    response = self._parser.read_response(disable_decoding=disable_decoding)
               ^^^^^^^^^^^^^^^^^^^^^^^^^^^^^^^^^^^^^^^^^^^^^^^^^^^^^^^^^^^^^
  File "/usr/local/lib/python3.12/site-packages/redis/_parsers/resp2.py", line 15, in read_response
    result = self._read_response(disable_decoding=disable_decoding)
             ^^^^^^^^^^^^^^^^^^^^^^^^^^^^^^^^^^^^^^^^^^^^^^^^^^^^^^
  File "/usr/local/lib/python3.12/site-packages/redis/_parsers/resp2.py", line 25, in _read_response
    raw = self._buffer.readline()
          ^^^^^^^^^^^^^^^^^^^^^^^
  File "/usr/local/lib/python3.12/site-packages/redis/_parsers/socket.py", line 115, in readline
    self._read_from_socket()
  File "/usr/local/lib/python3.12/site-packages/redis/_parsers/socket.py", line 68, in _read_from_socket
    raise ConnectionError(SERVER_CLOSED_CONNECTION_ERROR)
redis.exceptions.ConnectionError: Connection closed by server.

  warn(RuntimeWarning(

[2025-07-04 08:33:11,149: WARNING/ForkPoolWorker-1] /usr/local/lib/python3.12/site-packages/celery/app/trace.py:686: RuntimeWarning: Exception raised outside body: ConnectionError('Connection closed by server.'):
Traceback (most recent call last):
  File "/usr/local/lib/python3.12/site-packages/django/db/backends/utils.py", line 105, in _execute
    return self.cursor.execute(sql, params)
           ^^^^^^^^^^^^^^^^^^^^^^^^^^^^^^^^
psycopg2.OperationalError: server closed the connection unexpectedly
	This probably means the server terminated abnormally
	before or while processing the request.


The above exception was the direct cause of the following exception:

Traceback (most recent call last):
  File "/usr/local/lib/python3.12/site-packages/celery/app/trace.py", line 477, in trace_task
    R = retval = fun(*args, **kwargs)
                 ^^^^^^^^^^^^^^^^^^^^
  File "/usr/local/lib/python3.12/site-packages/celery/app/trace.py", line 760, in __protected_call__
    return self.run(*args, **kwargs)
           ^^^^^^^^^^^^^^^^^^^^^^^^^
  File "/app/apps/gallery/tasks.py", line 155, in populate_unsplash_images
    client.run()
  File "/app/apps/utils/unsplash_client/_client.py", line 314, in run
    if collections.exists():
       ^^^^^^^^^^^^^^^^^^^^
  File "/usr/local/lib/python3.12/site-packages/django/db/models/query.py", line 1288, in exists
    return self.query.has_results(using=self.db)
           ^^^^^^^^^^^^^^^^^^^^^^^^^^^^^^^^^^^^^
  File "/usr/local/lib/python3.12/site-packages/django/db/models/sql/query.py", line 660, in has_results
    return compiler.has_results()
           ^^^^^^^^^^^^^^^^^^^^^^
  File "/usr/local/lib/python3.12/site-packages/django/db/models/sql/compiler.py", line 1542, in has_results
    return bool(self.execute_sql(SINGLE))
                ^^^^^^^^^^^^^^^^^^^^^^^^
  File "/usr/local/lib/python3.12/site-packages/django/db/models/sql/compiler.py", line 1574, in execute_sql
    cursor.execute(sql, params)
  File "/usr/local/lib/python3.12/site-packages/django/db/backends/utils.py", line 122, in execute
    return super().execute(sql, params)
           ^^^^^^^^^^^^^^^^^^^^^^^^^^^^
  File "/usr/local/lib/python3.12/site-packages/django/db/backends/utils.py", line 79, in execute
    return self._execute_with_wrappers(
           ^^^^^^^^^^^^^^^^^^^^^^^^^^^^
  File "/usr/local/lib/python3.12/site-packages/django/db/backends/utils.py", line 92, in _execute_with_wrappers
    return executor(sql, params, many, context)
           ^^^^^^^^^^^^^^^^^^^^^^^^^^^^^^^^^^^^
  File "/usr/local/lib/python3.12/site-packages/django/db/backends/utils.py", line 100, in _execute
    with self.db.wrap_database_errors:
         ^^^^^^^^^^^^^^^^^^^^^^^^^^^^
  File "/usr/local/lib/python3.12/site-packages/django/db/utils.py", line 91, in __exit__
    raise dj_exc_value.with_traceback(traceback) from exc_value
  File "/usr/local/lib/python3.12/site-packages/django/db/backends/utils.py", line 105, in _execute
    return self.cursor.execute(sql, params)
           ^^^^^^^^^^^^^^^^^^^^^^^^^^^^^^^^
django.db.utils.OperationalError: server closed the connection unexpectedly
	This probably means the server terminated abnormally
	before or while processing the request.


During handling of the above exception, another exception occurred:

Traceback (most recent call last):
  File "/usr/local/lib/python3.12/site-packages/celery/app/trace.py", line 494, in trace_task
    I, R, state, retval = on_error(task_request, exc)
                          ^^^^^^^^^^^^^^^^^^^^^^^^^^^
  File "/usr/local/lib/python3.12/site-packages/celery/app/trace.py", line 399, in on_error
    R = I.handle_error_state(
        ^^^^^^^^^^^^^^^^^^^^^
  File "/usr/local/lib/python3.12/site-packages/celery/app/trace.py", line 178, in handle_error_state
    return {
           ^
  File "/usr/local/lib/python3.12/site-packages/celery/app/trace.py", line 230, in handle_failure
    task.backend.mark_as_failure(
  File "/usr/local/lib/python3.12/site-packages/celery/backends/base.py", line 167, in mark_as_failure
    self.store_result(task_id, exc, state,
  File "/usr/local/lib/python3.12/site-packages/celery/backends/base.py", line 526, in store_result
    self._store_result(task_id, result, state, traceback,
  File "/usr/local/lib/python3.12/site-packages/celery/backends/base.py", line 973, in _store_result
    current_meta = self._get_task_meta_for(task_id)
                   ^^^^^^^^^^^^^^^^^^^^^^^^^^^^^^^^
  File "/usr/local/lib/python3.12/site-packages/celery/backends/base.py", line 995, in _get_task_meta_for
    meta = self.get(self.get_key_for_task(task_id))
           ^^^^^^^^^^^^^^^^^^^^^^^^^^^^^^^^^^^^^^^^
  File "/usr/local/lib/python3.12/site-packages/celery/backends/redis.py", line 376, in get
    return self.client.get(key)
           ^^^^^^^^^^^^^^^^^^^^
  File "/usr/local/lib/python3.12/site-packages/redis/commands/core.py", line 1822, in get
    return self.execute_command("GET", name, keys=[name])
           ^^^^^^^^^^^^^^^^^^^^^^^^^^^^^^^^^^^^^^^^^^^^^^
  File "/usr/local/lib/python3.12/site-packages/redis/client.py", line 559, in execute_command
    return self._execute_command(*args, **options)
           ^^^^^^^^^^^^^^^^^^^^^^^^^^^^^^^^^^^^^^^
  File "/usr/local/lib/python3.12/site-packages/redis/client.py", line 567, in _execute_command
    return conn.retry.call_with_retry(
           ^^^^^^^^^^^^^^^^^^^^^^^^^^^
  File "/usr/local/lib/python3.12/site-packages/redis/retry.py", line 65, in call_with_retry
    fail(error)
  File "/usr/local/lib/python3.12/site-packages/redis/client.py", line 571, in <lambda>
    lambda error: self._disconnect_raise(conn, error),
                  ^^^^^^^^^^^^^^^^^^^^^^^^^^^^^^^^^^^
  File "/usr/local/lib/python3.12/site-packages/redis/client.py", line 555, in _disconnect_raise
    raise error
  File "/usr/local/lib/python3.12/site-packages/redis/retry.py", line 62, in call_with_retry
    return do()
           ^^^^
  File "/usr/local/lib/python3.12/site-packages/redis/client.py", line 568, in <lambda>
    lambda: self._send_command_parse_response(
            ^^^^^^^^^^^^^^^^^^^^^^^^^^^^^^^^^^
  File "/usr/local/lib/python3.12/site-packages/redis/client.py", line 542, in _send_command_parse_response
    return self.parse_response(conn, command_name, **options)
           ^^^^^^^^^^^^^^^^^^^^^^^^^^^^^^^^^^^^^^^^^^^^^^^^^^
  File "/usr/local/lib/python3.12/site-packages/redis/client.py", line 584, in parse_response
    response = connection.read_response()
               ^^^^^^^^^^^^^^^^^^^^^^^^^^
  File "/usr/local/lib/python3.12/site-packages/redis/connection.py", line 592, in read_response
    response = self._parser.read_response(disable_decoding=disable_decoding)
               ^^^^^^^^^^^^^^^^^^^^^^^^^^^^^^^^^^^^^^^^^^^^^^^^^^^^^^^^^^^^^
  File "/usr/local/lib/python3.12/site-packages/redis/_parsers/resp2.py", line 15, in read_response
    result = self._read_response(disable_decoding=disable_decoding)
             ^^^^^^^^^^^^^^^^^^^^^^^^^^^^^^^^^^^^^^^^^^^^^^^^^^^^^^
  File "/usr/local/lib/python3.12/site-packages/redis/_parsers/resp2.py", line 25, in _read_response
    raw = self._buffer.readline()
          ^^^^^^^^^^^^^^^^^^^^^^^
  File "/usr/local/lib/python3.12/site-packages/redis/_parsers/socket.py", line 115, in readline
    self._read_from_socket()
  File "/usr/local/lib/python3.12/site-packages/redis/_parsers/socket.py", line 68, in _read_from_socket
    raise ConnectionError(SERVER_CLOSED_CONNECTION_ERROR)
redis.exceptions.ConnectionError: Connection closed by server.

  warn(RuntimeWarning(

[2025-07-04 08:33:27,911: ERROR/ForkPoolWorker-1] Task apps.gallery.tasks.populate_unsplash_images[3e752faf-13b6-45b1-9268-4dd285af5633] raised unexpected: ConnectionError('Connection closed by server.')
Traceback (most recent call last):
  File "/usr/local/lib/python3.12/site-packages/django/db/backends/utils.py", line 105, in _execute
    return self.cursor.execute(sql, params)
           ^^^^^^^^^^^^^^^^^^^^^^^^^^^^^^^^
psycopg2.OperationalError: server closed the connection unexpectedly
	This probably means the server terminated abnormally
	before or while processing the request.


The above exception was the direct cause of the following exception:

Traceback (most recent call last):
  File "/usr/local/lib/python3.12/site-packages/celery/app/trace.py", line 477, in trace_task
    R = retval = fun(*args, **kwargs)
                 ^^^^^^^^^^^^^^^^^^^^
  File "/usr/local/lib/python3.12/site-packages/celery/app/trace.py", line 760, in __protected_call__
    return self.run(*args, **kwargs)
           ^^^^^^^^^^^^^^^^^^^^^^^^^
  File "/app/apps/gallery/tasks.py", line 155, in populate_unsplash_images
    client.run()
  File "/app/apps/utils/unsplash_client/_client.py", line 314, in run
    if collections.exists():
       ^^^^^^^^^^^^^^^^^^^^
  File "/usr/local/lib/python3.12/site-packages/django/db/models/query.py", line 1288, in exists
    return self.query.has_results(using=self.db)
           ^^^^^^^^^^^^^^^^^^^^^^^^^^^^^^^^^^^^^
  File "/usr/local/lib/python3.12/site-packages/django/db/models/sql/query.py", line 660, in has_results
    return compiler.has_results()
           ^^^^^^^^^^^^^^^^^^^^^^
  File "/usr/local/lib/python3.12/site-packages/django/db/models/sql/compiler.py", line 1542, in has_results
    return bool(self.execute_sql(SINGLE))
                ^^^^^^^^^^^^^^^^^^^^^^^^
  File "/usr/local/lib/python3.12/site-packages/django/db/models/sql/compiler.py", line 1574, in execute_sql
    cursor.execute(sql, params)
  File "/usr/local/lib/python3.12/site-packages/django/db/backends/utils.py", line 122, in execute
    return super().execute(sql, params)
           ^^^^^^^^^^^^^^^^^^^^^^^^^^^^
  File "/usr/local/lib/python3.12/site-packages/django/db/backends/utils.py", line 79, in execute
    return self._execute_with_wrappers(
           ^^^^^^^^^^^^^^^^^^^^^^^^^^^^
  File "/usr/local/lib/python3.12/site-packages/django/db/backends/utils.py", line 92, in _execute_with_wrappers
    return executor(sql, params, many, context)
           ^^^^^^^^^^^^^^^^^^^^^^^^^^^^^^^^^^^^
  File "/usr/local/lib/python3.12/site-packages/django/db/backends/utils.py", line 100, in _execute
    with self.db.wrap_database_errors:
         ^^^^^^^^^^^^^^^^^^^^^^^^^^^^
  File "/usr/local/lib/python3.12/site-packages/django/db/utils.py", line 91, in __exit__
    raise dj_exc_value.with_traceback(traceback) from exc_value
  File "/usr/local/lib/python3.12/site-packages/django/db/backends/utils.py", line 105, in _execute
    return self.cursor.execute(sql, params)
           ^^^^^^^^^^^^^^^^^^^^^^^^^^^^^^^^
django.db.utils.OperationalError: server closed the connection unexpectedly
	This probably means the server terminated abnormally
	before or while processing the request.


During handling of the above exception, another exception occurred:

Traceback (most recent call last):
  File "/usr/local/lib/python3.12/site-packages/celery/app/trace.py", line 494, in trace_task
    I, R, state, retval = on_error(task_request, exc)
                          ^^^^^^^^^^^^^^^^^^^^^^^^^^^
  File "/usr/local/lib/python3.12/site-packages/celery/app/trace.py", line 399, in on_error
    R = I.handle_error_state(
        ^^^^^^^^^^^^^^^^^^^^^
  File "/usr/local/lib/python3.12/site-packages/celery/app/trace.py", line 178, in handle_error_state
    return {
           ^
  File "/usr/local/lib/python3.12/site-packages/celery/app/trace.py", line 230, in handle_failure
    task.backend.mark_as_failure(
  File "/usr/local/lib/python3.12/site-packages/celery/backends/base.py", line 167, in mark_as_failure
    self.store_result(task_id, exc, state,
  File "/usr/local/lib/python3.12/site-packages/celery/backends/base.py", line 526, in store_result
    self._store_result(task_id, result, state, traceback,
  File "/usr/local/lib/python3.12/site-packages/celery/backends/base.py", line 973, in _store_result
    current_meta = self._get_task_meta_for(task_id)
                   ^^^^^^^^^^^^^^^^^^^^^^^^^^^^^^^^
  File "/usr/local/lib/python3.12/site-packages/celery/backends/base.py", line 995, in _get_task_meta_for
    meta = self.get(self.get_key_for_task(task_id))
           ^^^^^^^^^^^^^^^^^^^^^^^^^^^^^^^^^^^^^^^^
  File "/usr/local/lib/python3.12/site-packages/celery/backends/redis.py", line 376, in get
    return self.client.get(key)
           ^^^^^^^^^^^^^^^^^^^^
  File "/usr/local/lib/python3.12/site-packages/redis/commands/core.py", line 1822, in get
    return self.execute_command("GET", name, keys=[name])
           ^^^^^^^^^^^^^^^^^^^^^^^^^^^^^^^^^^^^^^^^^^^^^^
  File "/usr/local/lib/python3.12/site-packages/redis/client.py", line 559, in execute_command
    return self._execute_command(*args, **options)
           ^^^^^^^^^^^^^^^^^^^^^^^^^^^^^^^^^^^^^^^
  File "/usr/local/lib/python3.12/site-packages/redis/client.py", line 567, in _execute_command
    return conn.retry.call_with_retry(
           ^^^^^^^^^^^^^^^^^^^^^^^^^^^
  File "/usr/local/lib/python3.12/site-packages/redis/retry.py", line 65, in call_with_retry
    fail(error)
  File "/usr/local/lib/python3.12/site-packages/redis/client.py", line 571, in <lambda>
    lambda error: self._disconnect_raise(conn, error),
                  ^^^^^^^^^^^^^^^^^^^^^^^^^^^^^^^^^^^
  File "/usr/local/lib/python3.12/site-packages/redis/client.py", line 555, in _disconnect_raise
    raise error
  File "/usr/local/lib/python3.12/site-packages/redis/retry.py", line 62, in call_with_retry
    return do()
           ^^^^
  File "/usr/local/lib/python3.12/site-packages/redis/client.py", line 568, in <lambda>
    lambda: self._send_command_parse_response(
            ^^^^^^^^^^^^^^^^^^^^^^^^^^^^^^^^^^
  File "/usr/local/lib/python3.12/site-packages/redis/client.py", line 542, in _send_command_parse_response
    return self.parse_response(conn, command_name, **options)
           ^^^^^^^^^^^^^^^^^^^^^^^^^^^^^^^^^^^^^^^^^^^^^^^^^^
  File "/usr/local/lib/python3.12/site-packages/redis/client.py", line 584, in parse_response
    response = connection.read_response()
               ^^^^^^^^^^^^^^^^^^^^^^^^^^
  File "/usr/local/lib/python3.12/site-packages/redis/connection.py", line 592, in read_response
    response = self._parser.read_response(disable_decoding=disable_decoding)
               ^^^^^^^^^^^^^^^^^^^^^^^^^^^^^^^^^^^^^^^^^^^^^^^^^^^^^^^^^^^^^
  File "/usr/local/lib/python3.12/site-packages/redis/_parsers/resp2.py", line 15, in read_response
    result = self._read_response(disable_decoding=disable_decoding)
             ^^^^^^^^^^^^^^^^^^^^^^^^^^^^^^^^^^^^^^^^^^^^^^^^^^^^^^
  File "/usr/local/lib/python3.12/site-packages/redis/_parsers/resp2.py", line 25, in _read_response
    raw = self._buffer.readline()
          ^^^^^^^^^^^^^^^^^^^^^^^
  File "/usr/local/lib/python3.12/site-packages/redis/_parsers/socket.py", line 115, in readline
    self._read_from_socket()
  File "/usr/local/lib/python3.12/site-packages/redis/_parsers/socket.py", line 68, in _read_from_socket
    raise ConnectionError(SERVER_CLOSED_CONNECTION_ERROR)
redis.exceptions.ConnectionError: Connection closed by server.
[2025-07-04 08:33:29,833: ERROR/ForkPoolWorker-2] Task apps.gallery.tasks.populate_unsplash_images[842d3519-7b5a-4f35-84ef-1673349102c5] raised unexpected: OperationalError('server closed the connection unexpectedly\n\tThis probably means the server terminated abnormally\n\tbefore or while processing the request.\n')
Traceback (most recent call last):
  File "/usr/local/lib/python3.12/site-packages/django/db/backends/utils.py", line 105, in _execute
    return self.cursor.execute(sql, params)
           ^^^^^^^^^^^^^^^^^^^^^^^^^^^^^^^^
psycopg2.OperationalError: server closed the connection unexpectedly
	This probably means the server terminated abnormally
	before or while processing the request.


The above exception was the direct cause of the following exception:

Traceback (most recent call last):
  File "/usr/local/lib/python3.12/site-packages/celery/app/trace.py", line 477, in trace_task
    R = retval = fun(*args, **kwargs)
                 ^^^^^^^^^^^^^^^^^^^^
  File "/usr/local/lib/python3.12/site-packages/celery/app/trace.py", line 760, in __protected_call__
    return self.run(*args, **kwargs)
           ^^^^^^^^^^^^^^^^^^^^^^^^^
  File "/app/apps/gallery/tasks.py", line 155, in populate_unsplash_images
    client.run()
  File "/app/apps/utils/unsplash_client/_client.py", line 295, in run
    user = User.objects.get(is_superuser=True)
           ^^^^^^^^^^^^^^^^^^^^^^^^^^^^^^^^^^^
  File "/usr/local/lib/python3.12/site-packages/django/db/models/manager.py", line 87, in manager_method
    return getattr(self.get_queryset(), name)(*args, **kwargs)
           ^^^^^^^^^^^^^^^^^^^^^^^^^^^^^^^^^^^^^^^^^^^^^^^^^^^
  File "/usr/local/lib/python3.12/site-packages/django/db/models/query.py", line 645, in get
    num = len(clone)
          ^^^^^^^^^^
  File "/usr/local/lib/python3.12/site-packages/django/db/models/query.py", line 382, in __len__
    self._fetch_all()
  File "/usr/local/lib/python3.12/site-packages/django/db/models/query.py", line 1928, in _fetch_all
    self._result_cache = list(self._iterable_class(self))
                         ^^^^^^^^^^^^^^^^^^^^^^^^^^^^^^^^
  File "/usr/local/lib/python3.12/site-packages/django/db/models/query.py", line 91, in __iter__
    results = compiler.execute_sql(
              ^^^^^^^^^^^^^^^^^^^^^
  File "/usr/local/lib/python3.12/site-packages/django/db/models/sql/compiler.py", line 1574, in execute_sql
    cursor.execute(sql, params)
  File "/usr/local/lib/python3.12/site-packages/django/db/backends/utils.py", line 122, in execute
    return super().execute(sql, params)
           ^^^^^^^^^^^^^^^^^^^^^^^^^^^^
  File "/usr/local/lib/python3.12/site-packages/django/db/backends/utils.py", line 79, in execute
    return self._execute_with_wrappers(
           ^^^^^^^^^^^^^^^^^^^^^^^^^^^^
  File "/usr/local/lib/python3.12/site-packages/django/db/backends/utils.py", line 92, in _execute_with_wrappers
    return executor(sql, params, many, context)
           ^^^^^^^^^^^^^^^^^^^^^^^^^^^^^^^^^^^^
  File "/usr/local/lib/python3.12/site-packages/django/db/backends/utils.py", line 100, in _execute
    with self.db.wrap_database_errors:
         ^^^^^^^^^^^^^^^^^^^^^^^^^^^^
  File "/usr/local/lib/python3.12/site-packages/django/db/utils.py", line 91, in __exit__
    raise dj_exc_value.with_traceback(traceback) from exc_value
  File "/usr/local/lib/python3.12/site-packages/django/db/backends/utils.py", line 105, in _execute
    return self.cursor.execute(sql, params)
           ^^^^^^^^^^^^^^^^^^^^^^^^^^^^^^^^
django.db.utils.OperationalError: server closed the connection unexpectedly
	This probably means the server terminated abnormally
	before or while processing the request.

[2025-07-04 08:33:30,578: INFO/MainProcess] missed heartbeat from celery@63f692d7cb61
[2025-07-04 08:33:30,579: WARNING/MainProcess] consumer: Connection to broker lost. Trying to re-establish the connection...
Traceback (most recent call last):
  File "/usr/local/lib/python3.12/site-packages/celery/worker/consumer/consumer.py", line 336, in start
    blueprint.start(self)
  File "/usr/local/lib/python3.12/site-packages/celery/bootsteps.py", line 116, in start
    step.start(parent)
  File "/usr/local/lib/python3.12/site-packages/celery/worker/consumer/consumer.py", line 726, in start
    c.loop(*c.loop_args())
  File "/usr/local/lib/python3.12/site-packages/celery/worker/loops.py", line 97, in asynloop
    next(loop)
  File "/usr/local/lib/python3.12/site-packages/kombu/asynchronous/hub.py", line 373, in create_loop
    cb(*cbargs)
  File "/usr/local/lib/python3.12/site-packages/kombu/transport/redis.py", line 1359, in on_readable
    self.cycle.on_readable(fileno)
  File "/usr/local/lib/python3.12/site-packages/kombu/transport/redis.py", line 576, in on_readable
    chan.handlers[type]()
  File "/usr/local/lib/python3.12/site-packages/kombu/transport/redis.py", line 925, in _receive
    ret.append(self._receive_one(c))
               ^^^^^^^^^^^^^^^^^^^^
  File "/usr/local/lib/python3.12/site-packages/kombu/transport/redis.py", line 935, in _receive_one
    response = c.parse_response()
               ^^^^^^^^^^^^^^^^^^
  File "/usr/local/lib/python3.12/site-packages/redis/client.py", line 865, in parse_response
    response = self._execute(conn, try_read)
               ^^^^^^^^^^^^^^^^^^^^^^^^^^^^^
  File "/usr/local/lib/python3.12/site-packages/redis/client.py", line 841, in _execute
    return conn.retry.call_with_retry(
           ^^^^^^^^^^^^^^^^^^^^^^^^^^^
  File "/usr/local/lib/python3.12/site-packages/redis/retry.py", line 65, in call_with_retry
    fail(error)
  File "/usr/local/lib/python3.12/site-packages/redis/client.py", line 843, in <lambda>
    lambda error: self._disconnect_raise_connect(conn, error),
                  ^^^^^^^^^^^^^^^^^^^^^^^^^^^^^^^^^^^^^^^^^^^
  File "/usr/local/lib/python3.12/site-packages/redis/client.py", line 830, in _disconnect_raise_connect
    raise error
  File "/usr/local/lib/python3.12/site-packages/redis/retry.py", line 62, in call_with_retry
    return do()
           ^^^^
  File "/usr/local/lib/python3.12/site-packages/redis/client.py", line 842, in <lambda>
    lambda: command(*args, **kwargs),
            ^^^^^^^^^^^^^^^^^^^^^^^^
  File "/usr/local/lib/python3.12/site-packages/redis/client.py", line 863, in try_read
    return conn.read_response(disconnect_on_error=False, push_request=True)
           ^^^^^^^^^^^^^^^^^^^^^^^^^^^^^^^^^^^^^^^^^^^^^^^^^^^^^^^^^^^^^^^^
  File "/usr/local/lib/python3.12/site-packages/redis/connection.py", line 592, in read_response
    response = self._parser.read_response(disable_decoding=disable_decoding)
               ^^^^^^^^^^^^^^^^^^^^^^^^^^^^^^^^^^^^^^^^^^^^^^^^^^^^^^^^^^^^^
  File "/usr/local/lib/python3.12/site-packages/redis/_parsers/resp2.py", line 15, in read_response
    result = self._read_response(disable_decoding=disable_decoding)
             ^^^^^^^^^^^^^^^^^^^^^^^^^^^^^^^^^^^^^^^^^^^^^^^^^^^^^^
  File "/usr/local/lib/python3.12/site-packages/redis/_parsers/resp2.py", line 25, in _read_response
    raw = self._buffer.readline()
          ^^^^^^^^^^^^^^^^^^^^^^^
  File "/usr/local/lib/python3.12/site-packages/redis/_parsers/socket.py", line 115, in readline
    self._read_from_socket()
  File "/usr/local/lib/python3.12/site-packages/redis/_parsers/socket.py", line 68, in _read_from_socket
    raise ConnectionError(SERVER_CLOSED_CONNECTION_ERROR)
redis.exceptions.ConnectionError: Connection closed by server.
[2025-07-04 08:33:30,585: WARNING/MainProcess] Restoring 16 unacknowledged message(s)
[2025-07-04 08:34:01,888: WARNING/MainProcess] /usr/local/lib/python3.12/site-packages/celery/worker/consumer/consumer.py:386: CPendingDeprecationWarning: 
In Celery 5.1 we introduced an optional breaking change which
on connection loss cancels all currently executed tasks with late acknowledgement enabled.
These tasks cannot be acknowledged as the connection is gone, and the tasks are automatically redelivered
back to the queue. You can enable this behavior using the worker_cancel_long_running_tasks_on_connection_loss
setting. In Celery 5.1 it is set to False by default. The setting will be set to True by default in Celery 6.0.

  warnings.warn(CANCEL_TASKS_BY_DEFAULT, CPendingDeprecationWarning)

[2025-07-04 08:34:01,888: INFO/MainProcess] Temporarily reducing the prefetch count to 4 to avoid over-fetching since 4 tasks are currently being processed.
The prefetch count will be gradually restored to 16 as the tasks complete processing.
[2025-07-04 08:34:23,426: INFO/MainProcess] Connected to redis://default:**@168.231.112.236:6379//
[2025-07-04 08:34:25,298: INFO/MainProcess] mingle: searching for neighbors
[2025-07-04 08:34:48,465: INFO/MainProcess] mingle: sync with 1 nodes
[2025-07-04 08:34:48,465: INFO/MainProcess] mingle: sync complete
[2025-07-04 08:34:53,849: INFO/MainProcess] Task apps.gallery.tasks.process_audio[0c4504e6-1a38-42d6-82e5-55a87df88565] received
[2025-07-04 08:34:54,026: INFO/ForkPoolWorker-4] Fetching audios to process
[2025-07-04 08:34:54,562: INFO/MainProcess] Task apps.gallery.tasks.populate_unsplash_images[7ae58a7b-550b-45ba-8020-43a1c2bbecf6] received
[2025-07-04 08:34:54,738: INFO/ForkPoolWorker-2] Fetching unsplash images to process
[2025-07-04 08:34:54,738: INFO/ForkPoolWorker-2] Starting Unsplash to gcs uploader job at 2025-07-04T08:34:54.738944
[2025-07-04 08:34:54,739: INFO/ForkPoolWorker-2] Using 6 search queries: nature, people, food, travel, architecture, animals
[2025-07-04 08:34:55,240: INFO/ForkPoolWorker-4] No audio files to process
[2025-07-04 08:34:55,277: INFO/MainProcess] Task apps.gallery.tasks.process_audio[a1ed9c60-1f06-40a8-9073-aee93769fd45] received
[2025-07-04 08:34:55,447: INFO/MainProcess] Resuming normal operations following a restart.
Prefetch count has been restored to the maximum of 16
[2025-07-04 08:34:55,447: INFO/ForkPoolWorker-3] Fetching audios to process
[2025-07-04 08:34:56,154: INFO/MainProcess] Task apps.gallery.tasks.populate_unsplash_images[9ab03823-97b2-4aab-876e-b3c8c6c6a968] received
[2025-07-04 08:34:56,192: INFO/ForkPoolWorker-4] Task apps.gallery.tasks.process_audio[0c4504e6-1a38-42d6-82e5-55a87df88565] succeeded in 2.1666630479999185s: None
[2025-07-04 08:34:56,326: INFO/ForkPoolWorker-4] Fetching unsplash images to process
[2025-07-04 08:34:56,326: INFO/ForkPoolWorker-4] Starting Unsplash to gcs uploader job at 2025-07-04T08:34:56.326942
[2025-07-04 08:34:56,327: INFO/ForkPoolWorker-4] Using 6 search queries: nature, people, food, travel, architecture, animals
[2025-07-04 08:34:56,681: INFO/MainProcess] Task apps.gallery.tasks.process_audio[2233285b-de84-47a2-a2e8-51d88410b778] received
[2025-07-04 08:34:56,786: INFO/ForkPoolWorker-3] No audio files to process
[2025-07-04 08:34:57,090: INFO/ForkPoolWorker-1] Fetching audios to process
[2025-07-04 08:34:57,879: INFO/MainProcess] Task apps.gallery.tasks.populate_unsplash_images[44418762-5fcb-4dbe-a380-b2ffd9b73887] received
[2025-07-04 08:34:58,100: INFO/ForkPoolWorker-3] Task apps.gallery.tasks.process_audio[a1ed9c60-1f06-40a8-9073-aee93769fd45] succeeded in 2.6529970100000355s: None
[2025-07-04 08:34:58,533: INFO/ForkPoolWorker-3] Fetching unsplash images to process
[2025-07-04 08:34:58,533: INFO/ForkPoolWorker-3] Starting Unsplash to gcs uploader job at 2025-07-04T08:34:58.533855
[2025-07-04 08:34:58,533: INFO/ForkPoolWorker-3] Using 6 search queries: nature, people, food, travel, architecture, animals
[2025-07-04 08:34:58,722: INFO/ForkPoolWorker-1] No audio files to process
[2025-07-04 08:34:59,228: INFO/MainProcess] Task apps.gallery.tasks.process_audio[451a09b0-d10c-4259-a794-f5d2e559374f] received
[2025-07-04 08:34:59,950: INFO/MainProcess] Task apps.gallery.tasks.populate_unsplash_images[8d0e632d-3b29-4b96-b85c-71840fce3191] received
[2025-07-04 08:35:00,850: INFO/MainProcess] Task apps.gallery.tasks.process_audio[eb7a1143-1d92-433d-99cc-c7bf7aaa71f3] received
[2025-07-04 08:35:01,392: INFO/MainProcess] Task apps.gallery.tasks.populate_unsplash_images[933e8ea1-8c3e-483c-ad10-09505d728760] received
[2025-07-04 08:35:01,979: INFO/MainProcess] Task apps.gallery.tasks.process_audio[4412c323-c885-4882-804c-b84ae8ef11b7] received
[2025-07-04 08:35:02,505: INFO/MainProcess] Task apps.gallery.tasks.populate_unsplash_images[6f31a3f0-5b89-4ed5-af18-8f7c3633a288] received
[2025-07-04 08:35:03,261: INFO/MainProcess] Task apps.gallery.tasks.process_audio[2ede2c70-89f1-4653-8de7-2c2448578dc5] received
[2025-07-04 08:35:03,821: INFO/MainProcess] Task apps.gallery.tasks.populate_unsplash_images[89d296a6-6c8c-4d44-b3c1-597de0f91d0a] received
[2025-07-04 08:35:04,455: INFO/MainProcess] Task apps.gallery.tasks.process_audio[706964ee-f5e5-4bad-9b2d-2f45b04ae1fb] received
[2025-07-04 08:35:05,297: INFO/MainProcess] Task apps.gallery.tasks.populate_unsplash_images[0aad1dea-b2d9-485a-a8c9-936fbb360dcd] received
[2025-07-04 08:35:06,003: ERROR/MainProcess] Received unregistered task of type 'apps.gallery.tasks.generate_metadata'.
The message has been ignored and discarded.

Did you remember to import the module containing this task?
Or maybe you're using relative imports?

Please see
https://docs.celeryq.dev/en/latest/internals/protocol.html
for more information.

The full contents of the message body was:
b'[[], {}, {"callbacks": null, "errbacks": null, "chain": null, "chord": null}]' (77b)

The full contents of the message headers:
{'lang': 'py', 'task': 'apps.gallery.tasks.generate_metadata', 'id': '18f0bfff-de0a-45bd-95dc-0c8218c56f9a', 'shadow': None, 'eta': None, 'expires': None, 'group': None, 'group_index': None, 'retries': 0, 'timelimit': [None, None], 'root_id': '18f0bfff-de0a-45bd-95dc-0c8218c56f9a', 'parent_id': None, 'argsrepr': '()', 'kwargsrepr': '{}', 'origin': 'gen7@63f692d7cb61', 'ignore_result': False, 'stamped_headers': None, 'stamps': {}}

The delivery info for this task is:
{'exchange': '', 'routing_key': 'celery'}
Traceback (most recent call last):
  File "/usr/local/lib/python3.12/site-packages/celery/worker/consumer/consumer.py", line 642, in on_task_received
    strategy = strategies[type_]
               ~~~~~~~~~~^^^^^^^
KeyError: 'apps.gallery.tasks.generate_metadata'
[2025-07-04 08:35:08,194: INFO/MainProcess] Task apps.gallery.tasks.process_audio[b2dcaf37-94ae-4758-b1bc-c8408cb9ac42] received
[2025-07-04 08:35:08,907: INFO/MainProcess] Task apps.gallery.tasks.populate_unsplash_images[a1a6948f-85d3-4c04-b2ce-74eedda964e6] received
[2025-07-04 08:35:09,580: INFO/MainProcess] Task apps.gallery.tasks.process_audio[8dbc1c7d-4ddf-4698-ba11-4e73674f4932] received
[2025-07-04 08:35:10,151: INFO/MainProcess] Task apps.gallery.tasks.populate_unsplash_images[4147cf16-2846-4ad0-af70-65f97c84605e] received
[2025-07-04 08:35:10,679: INFO/MainProcess] Task apps.gallery.tasks.process_audio[288f3478-5e76-46f8-906d-747a280e7b40] received
[2025-07-04 08:35:11,208: INFO/MainProcess] Task apps.gallery.tasks.populate_unsplash_images[f1de4241-6de8-434f-92ae-39d45dff293a] received
[2025-07-04 08:35:17,005: INFO/MainProcess] sync with celery@838e3ebc3f56
[2025-07-04 08:35:18,025: WARNING/ForkPoolWorker-1] /usr/local/lib/python3.12/site-packages/celery/app/trace.py:686: RuntimeWarning: Exception raised outside body: ConnectionError('Connection closed by server.'):
Traceback (most recent call last):
  File "/usr/local/lib/python3.12/site-packages/celery/app/trace.py", line 544, in trace_task
    task.backend.mark_as_done(
  File "/usr/local/lib/python3.12/site-packages/celery/backends/base.py", line 157, in mark_as_done
    self.store_result(task_id, result, state, request=request)
  File "/usr/local/lib/python3.12/site-packages/celery/backends/base.py", line 526, in store_result
    self._store_result(task_id, result, state, traceback,
  File "/usr/local/lib/python3.12/site-packages/celery/backends/base.py", line 973, in _store_result
    current_meta = self._get_task_meta_for(task_id)
                   ^^^^^^^^^^^^^^^^^^^^^^^^^^^^^^^^
  File "/usr/local/lib/python3.12/site-packages/celery/backends/base.py", line 995, in _get_task_meta_for
    meta = self.get(self.get_key_for_task(task_id))
           ^^^^^^^^^^^^^^^^^^^^^^^^^^^^^^^^^^^^^^^^
  File "/usr/local/lib/python3.12/site-packages/celery/backends/redis.py", line 376, in get
    return self.client.get(key)
           ^^^^^^^^^^^^^^^^^^^^
  File "/usr/local/lib/python3.12/site-packages/redis/commands/core.py", line 1822, in get
    return self.execute_command("GET", name, keys=[name])
           ^^^^^^^^^^^^^^^^^^^^^^^^^^^^^^^^^^^^^^^^^^^^^^
  File "/usr/local/lib/python3.12/site-packages/redis/client.py", line 559, in execute_command
    return self._execute_command(*args, **options)
           ^^^^^^^^^^^^^^^^^^^^^^^^^^^^^^^^^^^^^^^
  File "/usr/local/lib/python3.12/site-packages/redis/client.py", line 567, in _execute_command
    return conn.retry.call_with_retry(
           ^^^^^^^^^^^^^^^^^^^^^^^^^^^
  File "/usr/local/lib/python3.12/site-packages/redis/retry.py", line 65, in call_with_retry
    fail(error)
  File "/usr/local/lib/python3.12/site-packages/redis/client.py", line 571, in <lambda>
    lambda error: self._disconnect_raise(conn, error),
                  ^^^^^^^^^^^^^^^^^^^^^^^^^^^^^^^^^^^
  File "/usr/local/lib/python3.12/site-packages/redis/client.py", line 555, in _disconnect_raise
    raise error
  File "/usr/local/lib/python3.12/site-packages/redis/retry.py", line 62, in call_with_retry
    return do()
           ^^^^
  File "/usr/local/lib/python3.12/site-packages/redis/client.py", line 568, in <lambda>
    lambda: self._send_command_parse_response(
            ^^^^^^^^^^^^^^^^^^^^^^^^^^^^^^^^^^
  File "/usr/local/lib/python3.12/site-packages/redis/client.py", line 542, in _send_command_parse_response
    return self.parse_response(conn, command_name, **options)
           ^^^^^^^^^^^^^^^^^^^^^^^^^^^^^^^^^^^^^^^^^^^^^^^^^^
  File "/usr/local/lib/python3.12/site-packages/redis/client.py", line 584, in parse_response
    response = connection.read_response()
               ^^^^^^^^^^^^^^^^^^^^^^^^^^
  File "/usr/local/lib/python3.12/site-packages/redis/connection.py", line 592, in read_response
    response = self._parser.read_response(disable_decoding=disable_decoding)
               ^^^^^^^^^^^^^^^^^^^^^^^^^^^^^^^^^^^^^^^^^^^^^^^^^^^^^^^^^^^^^
  File "/usr/local/lib/python3.12/site-packages/redis/_parsers/resp2.py", line 15, in read_response
    result = self._read_response(disable_decoding=disable_decoding)
             ^^^^^^^^^^^^^^^^^^^^^^^^^^^^^^^^^^^^^^^^^^^^^^^^^^^^^^
  File "/usr/local/lib/python3.12/site-packages/redis/_parsers/resp2.py", line 25, in _read_response
    raw = self._buffer.readline()
          ^^^^^^^^^^^^^^^^^^^^^^^
  File "/usr/local/lib/python3.12/site-packages/redis/_parsers/socket.py", line 115, in readline
    self._read_from_socket()
  File "/usr/local/lib/python3.12/site-packages/redis/_parsers/socket.py", line 68, in _read_from_socket
    raise ConnectionError(SERVER_CLOSED_CONNECTION_ERROR)
redis.exceptions.ConnectionError: Connection closed by server.

  warn(RuntimeWarning(

[2025-07-04 08:35:19,213: ERROR/ForkPoolWorker-1] Task apps.gallery.tasks.process_audio[2233285b-de84-47a2-a2e8-51d88410b778] raised unexpected: ConnectionError('Connection closed by server.')
Traceback (most recent call last):
  File "/usr/local/lib/python3.12/site-packages/celery/app/trace.py", line 544, in trace_task
    task.backend.mark_as_done(
  File "/usr/local/lib/python3.12/site-packages/celery/backends/base.py", line 157, in mark_as_done
    self.store_result(task_id, result, state, request=request)
  File "/usr/local/lib/python3.12/site-packages/celery/backends/base.py", line 526, in store_result
    self._store_result(task_id, result, state, traceback,
  File "/usr/local/lib/python3.12/site-packages/celery/backends/base.py", line 973, in _store_result
    current_meta = self._get_task_meta_for(task_id)
                   ^^^^^^^^^^^^^^^^^^^^^^^^^^^^^^^^
  File "/usr/local/lib/python3.12/site-packages/celery/backends/base.py", line 995, in _get_task_meta_for
    meta = self.get(self.get_key_for_task(task_id))
           ^^^^^^^^^^^^^^^^^^^^^^^^^^^^^^^^^^^^^^^^
  File "/usr/local/lib/python3.12/site-packages/celery/backends/redis.py", line 376, in get
    return self.client.get(key)
           ^^^^^^^^^^^^^^^^^^^^
  File "/usr/local/lib/python3.12/site-packages/redis/commands/core.py", line 1822, in get
    return self.execute_command("GET", name, keys=[name])
           ^^^^^^^^^^^^^^^^^^^^^^^^^^^^^^^^^^^^^^^^^^^^^^
  File "/usr/local/lib/python3.12/site-packages/redis/client.py", line 559, in execute_command
    return self._execute_command(*args, **options)
           ^^^^^^^^^^^^^^^^^^^^^^^^^^^^^^^^^^^^^^^
  File "/usr/local/lib/python3.12/site-packages/redis/client.py", line 567, in _execute_command
    return conn.retry.call_with_retry(
           ^^^^^^^^^^^^^^^^^^^^^^^^^^^
  File "/usr/local/lib/python3.12/site-packages/redis/retry.py", line 65, in call_with_retry
    fail(error)
  File "/usr/local/lib/python3.12/site-packages/redis/client.py", line 571, in <lambda>
    lambda error: self._disconnect_raise(conn, error),
                  ^^^^^^^^^^^^^^^^^^^^^^^^^^^^^^^^^^^
  File "/usr/local/lib/python3.12/site-packages/redis/client.py", line 555, in _disconnect_raise
    raise error
  File "/usr/local/lib/python3.12/site-packages/redis/retry.py", line 62, in call_with_retry
    return do()
           ^^^^
  File "/usr/local/lib/python3.12/site-packages/redis/client.py", line 568, in <lambda>
    lambda: self._send_command_parse_response(
            ^^^^^^^^^^^^^^^^^^^^^^^^^^^^^^^^^^
  File "/usr/local/lib/python3.12/site-packages/redis/client.py", line 542, in _send_command_parse_response
    return self.parse_response(conn, command_name, **options)
           ^^^^^^^^^^^^^^^^^^^^^^^^^^^^^^^^^^^^^^^^^^^^^^^^^^
  File "/usr/local/lib/python3.12/site-packages/redis/client.py", line 584, in parse_response
    response = connection.read_response()
               ^^^^^^^^^^^^^^^^^^^^^^^^^^
  File "/usr/local/lib/python3.12/site-packages/redis/connection.py", line 592, in read_response
    response = self._parser.read_response(disable_decoding=disable_decoding)
               ^^^^^^^^^^^^^^^^^^^^^^^^^^^^^^^^^^^^^^^^^^^^^^^^^^^^^^^^^^^^^
  File "/usr/local/lib/python3.12/site-packages/redis/_parsers/resp2.py", line 15, in read_response
    result = self._read_response(disable_decoding=disable_decoding)
             ^^^^^^^^^^^^^^^^^^^^^^^^^^^^^^^^^^^^^^^^^^^^^^^^^^^^^^
  File "/usr/local/lib/python3.12/site-packages/redis/_parsers/resp2.py", line 25, in _read_response
    raw = self._buffer.readline()
          ^^^^^^^^^^^^^^^^^^^^^^^
  File "/usr/local/lib/python3.12/site-packages/redis/_parsers/socket.py", line 115, in readline
    self._read_from_socket()
  File "/usr/local/lib/python3.12/site-packages/redis/_parsers/socket.py", line 68, in _read_from_socket
    raise ConnectionError(SERVER_CLOSED_CONNECTION_ERROR)
redis.exceptions.ConnectionError: Connection closed by server.
[2025-07-04 08:35:19,418: INFO/ForkPoolWorker-1] Fetching audios to process
[2025-07-04 08:35:20,127: INFO/MainProcess] Task apps.gallery.tasks.process_audio[9b140249-9c1e-4699-a32e-67aa1f4c134b] received
[2025-07-04 08:35:20,585: INFO/ForkPoolWorker-1] No audio files to process
[2025-07-04 08:35:20,949: INFO/ForkPoolWorker-1] Task apps.gallery.tasks.process_audio[451a09b0-d10c-4259-a794-f5d2e559374f] succeeded in 1.532459127999573s: None
[2025-07-04 08:35:21,120: INFO/ForkPoolWorker-1] Fetching unsplash images to process
[2025-07-04 08:35:21,121: INFO/ForkPoolWorker-1] Starting Unsplash to gcs uploader job at 2025-07-04T08:35:21.121102
[2025-07-04 08:35:21,121: INFO/ForkPoolWorker-1] Using 6 search queries: nature, people, food, travel, architecture, animals
[2025-07-04 08:35:21,845: INFO/MainProcess] Task apps.gallery.tasks.populate_unsplash_images[899f3746-d221-458c-8805-273ace2b430f] received
[2025-07-04 08:36:31,120: INFO/ForkPoolWorker-4] Task apps.gallery.tasks.populate_unsplash_images[9ab03823-97b2-4aab-876e-b3c8c6c6a968] succeeded in 94.79797471499978s: None
[2025-07-04 08:36:31,298: INFO/ForkPoolWorker-4] Fetching audios to process
[2025-07-04 08:36:32,193: INFO/MainProcess] Task apps.gallery.tasks.process_audio[aba36ab9-552b-43b9-9099-b366b623bea8] received
[2025-07-04 08:36:32,457: INFO/ForkPoolWorker-3] Task apps.gallery.tasks.populate_unsplash_images[44418762-5fcb-4dbe-a380-b2ffd9b73887] succeeded in 93.92794256900015s: None
[2025-07-04 08:36:32,521: INFO/ForkPoolWorker-4] No audio files to process
[2025-07-04 08:36:32,802: INFO/ForkPoolWorker-3] Fetching unsplash images to process
[2025-07-04 08:36:32,802: INFO/ForkPoolWorker-3] Starting Unsplash to gcs uploader job at 2025-07-04T08:36:32.802551
[2025-07-04 08:36:32,802: INFO/ForkPoolWorker-3] Using 6 search queries: nature, people, food, travel, architecture, animals
[2025-07-04 08:36:32,834: INFO/ForkPoolWorker-4] Task apps.gallery.tasks.process_audio[eb7a1143-1d92-433d-99cc-c7bf7aaa71f3] succeeded in 1.5359848390003208s: None
[2025-07-04 08:36:33,322: INFO/ForkPoolWorker-4] Fetching audios to process
[2025-07-04 08:36:33,858: INFO/MainProcess] Task apps.gallery.tasks.populate_unsplash_images[9ab76b6c-f14c-403c-a5a2-6ee37ef6f589] received
[2025-07-04 08:36:34,393: INFO/MainProcess] Task apps.gallery.tasks.process_audio[e802e80b-3b7c-4fd3-a5c6-f22072bb5902] received
[2025-07-04 08:36:34,527: INFO/ForkPoolWorker-4] No audio files to process
[2025-07-04 08:36:34,846: INFO/ForkPoolWorker-4] Task apps.gallery.tasks.process_audio[4412c323-c885-4882-804c-b84ae8ef11b7] succeeded in 1.5235951740000928s: None
[2025-07-04 08:36:35,146: INFO/ForkPoolWorker-4] Fetching unsplash images to process
[2025-07-04 08:36:35,146: INFO/ForkPoolWorker-4] Starting Unsplash to gcs uploader job at 2025-07-04T08:36:35.146164
[2025-07-04 08:36:35,146: INFO/ForkPoolWorker-4] Using 6 search queries: nature, people, food, travel, architecture, animals
[2025-07-04 08:36:35,860: INFO/MainProcess] Task apps.gallery.tasks.populate_unsplash_images[f18ce18c-de8c-405c-87ef-147966743acb] received
[2025-07-04 08:36:37,747: INFO/ForkPoolWorker-2] Task apps.gallery.tasks.populate_unsplash_images[7ae58a7b-550b-45ba-8020-43a1c2bbecf6] succeeded in 103.01343774100042s: None
[2025-07-04 08:36:37,922: INFO/ForkPoolWorker-2] Fetching audios to process
[2025-07-04 08:36:38,636: INFO/MainProcess] Task apps.gallery.tasks.process_audio[e92a9efb-7b31-4bd4-a4da-f0f42e555a28] received
[2025-07-04 08:36:39,147: INFO/ForkPoolWorker-2] No audio files to process
[2025-07-04 08:36:39,488: INFO/ForkPoolWorker-2] Task apps.gallery.tasks.process_audio[2ede2c70-89f1-4653-8de7-2c2448578dc5] succeeded in 1.566771862999758s: None
[2025-07-04 08:36:39,660: INFO/ForkPoolWorker-2] Fetching unsplash images to process
[2025-07-04 08:36:39,660: INFO/ForkPoolWorker-2] Starting Unsplash to gcs uploader job at 2025-07-04T08:36:39.660936
[2025-07-04 08:36:39,661: INFO/ForkPoolWorker-2] Using 6 search queries: nature, people, food, travel, architecture, animals
[2025-07-04 08:36:40,382: INFO/MainProcess] Task apps.gallery.tasks.populate_unsplash_images[a0781400-90d3-41b3-89ba-3583c713b440] received
[2025-07-04 08:36:51,600: INFO/ForkPoolWorker-1] Task apps.gallery.tasks.populate_unsplash_images[8d0e632d-3b29-4b96-b85c-71840fce3191] succeeded in 90.48416128300005s: None
[2025-07-04 08:36:51,776: INFO/ForkPoolWorker-1] Fetching audios to process
[2025-07-04 08:36:52,556: INFO/MainProcess] Task apps.gallery.tasks.process_audio[20c842ac-a731-424a-bb61-a6c65df167ea] received
[2025-07-04 08:36:53,052: INFO/ForkPoolWorker-1] No audio files to process
[2025-07-04 08:36:53,423: INFO/ForkPoolWorker-1] Task apps.gallery.tasks.process_audio[706964ee-f5e5-4bad-9b2d-2f45b04ae1fb] succeeded in 1.647708941000019s: None
[2025-07-04 08:36:53,596: INFO/ForkPoolWorker-1] Fetching unsplash images to process
[2025-07-04 08:36:53,596: INFO/ForkPoolWorker-1] Starting Unsplash to gcs uploader job at 2025-07-04T08:36:53.596604
[2025-07-04 08:36:53,596: INFO/ForkPoolWorker-1] Using 6 search queries: nature, people, food, travel, architecture, animals
[2025-07-04 08:36:54,315: INFO/MainProcess] Task apps.gallery.tasks.populate_unsplash_images[7fa5bc48-f4df-4888-8314-8dd3c537e03b] received
[2025-07-04 08:36:54,656: WARNING/MainProcess] Substantial drift from celery@838e3ebc3f56 may mean clocks are out of sync.  Current drift is 17 seconds.  [orig: 2025-07-04 08:36:54.655879 recv: 2025-07-04 08:37:11.001342]
[2025-07-04 08:38:05,754: INFO/ForkPoolWorker-4] Task apps.gallery.tasks.populate_unsplash_images[6f31a3f0-5b89-4ed5-af18-8f7c3633a288] succeeded in 90.61409407499968s: None
[2025-07-04 08:38:05,928: INFO/ForkPoolWorker-4] Fetching audios to process
[2025-07-04 08:38:06,988: INFO/MainProcess] Task apps.gallery.tasks.process_audio[e764acf7-d038-4c01-b5d9-31e25a7066f1] received
[2025-07-04 08:38:07,056: INFO/ForkPoolWorker-4] No audio files to process
[2025-07-04 08:38:07,371: INFO/ForkPoolWorker-4] Task apps.gallery.tasks.process_audio[b2dcaf37-94ae-4758-b1bc-c8408cb9ac42] succeeded in 1.4435752249996767s: None
[2025-07-04 08:38:07,543: INFO/ForkPoolWorker-4] Fetching unsplash images to process
[2025-07-04 08:38:07,543: INFO/ForkPoolWorker-4] Starting Unsplash to gcs uploader job at 2025-07-04T08:38:07.543771
[2025-07-04 08:38:07,543: INFO/ForkPoolWorker-4] Using 6 search queries: nature, people, food, travel, architecture, animals
[2025-07-04 08:38:08,254: INFO/MainProcess] Task apps.gallery.tasks.populate_unsplash_images[be1f980b-3df3-4d9a-8f80-25cddad644e0] received
[2025-07-04 08:38:09,807: INFO/ForkPoolWorker-3] Task apps.gallery.tasks.populate_unsplash_images[933e8ea1-8c3e-483c-ad10-09505d728760] succeeded in 97.01053881600001s: None
[2025-07-04 08:38:09,977: INFO/ForkPoolWorker-3] Fetching audios to process
[2025-07-04 08:38:10,695: INFO/MainProcess] Task apps.gallery.tasks.process_audio[5aaf9d4f-e3e7-45c2-9ac4-f1a46e9f6f22] received
[2025-07-04 08:38:11,112: INFO/ForkPoolWorker-3] No audio files to process
[2025-07-04 08:38:11,445: INFO/ForkPoolWorker-3] Task apps.gallery.tasks.process_audio[8dbc1c7d-4ddf-4698-ba11-4e73674f4932] succeeded in 1.4673180689997025s: None
[2025-07-04 08:38:11,617: INFO/ForkPoolWorker-3] Fetching unsplash images to process
[2025-07-04 08:38:11,617: INFO/ForkPoolWorker-3] Starting Unsplash to gcs uploader job at 2025-07-04T08:38:11.617431
[2025-07-04 08:38:11,617: INFO/ForkPoolWorker-3] Using 6 search queries: nature, people, food, travel, architecture, animals
[2025-07-04 08:38:12,332: INFO/MainProcess] Task apps.gallery.tasks.populate_unsplash_images[76eeb3ce-06ce-4a22-833f-542e596f4cf8] received
[2025-07-04 08:38:14,505: INFO/ForkPoolWorker-2] Task apps.gallery.tasks.populate_unsplash_images[89d296a6-6c8c-4d44-b3c1-597de0f91d0a] succeeded in 94.84946142999979s: None
[2025-07-04 08:38:14,676: INFO/ForkPoolWorker-2] Fetching audios to process
[2025-07-04 08:38:15,398: INFO/MainProcess] Task apps.gallery.tasks.process_audio[41102184-6e2e-44f8-981c-87a1452f9866] received
[2025-07-04 08:38:15,866: INFO/ForkPoolWorker-2] No audio files to process
[2025-07-04 08:38:16,208: INFO/ForkPoolWorker-2] Task apps.gallery.tasks.process_audio[288f3478-5e76-46f8-906d-747a280e7b40] succeeded in 1.5317877050001698s: None
[2025-07-04 08:38:16,378: INFO/ForkPoolWorker-2] Fetching unsplash images to process
[2025-07-04 08:38:16,378: INFO/ForkPoolWorker-2] Starting Unsplash to gcs uploader job at 2025-07-04T08:38:16.378877
[2025-07-04 08:38:16,378: INFO/ForkPoolWorker-2] Using 6 search queries: nature, people, food, travel, architecture, animals
[2025-07-04 08:38:17,089: INFO/MainProcess] Task apps.gallery.tasks.populate_unsplash_images[cb57b59e-e451-4a48-9c3a-4e64718e870a] received
[2025-07-04 08:38:24,409: INFO/ForkPoolWorker-1] Task apps.gallery.tasks.populate_unsplash_images[0aad1dea-b2d9-485a-a8c9-936fbb360dcd] succeeded in 90.81786287400018s: None
[2025-07-04 08:38:24,600: INFO/ForkPoolWorker-1] Fetching audios to process
[2025-07-04 08:38:25,312: INFO/MainProcess] Task apps.gallery.tasks.process_audio[7582c901-e5b1-407e-a9ea-37e1851d7d38] received
[2025-07-04 08:38:25,782: INFO/ForkPoolWorker-1] No audio files to process
[2025-07-04 08:38:26,146: INFO/ForkPoolWorker-1] Task apps.gallery.tasks.process_audio[9b140249-9c1e-4699-a32e-67aa1f4c134b] succeeded in 1.5456080989997645s: None
[2025-07-04 08:38:26,324: INFO/ForkPoolWorker-1] Fetching unsplash images to process
[2025-07-04 08:38:26,325: INFO/ForkPoolWorker-1] Starting Unsplash to gcs uploader job at 2025-07-04T08:38:26.325000
[2025-07-04 08:38:26,325: INFO/ForkPoolWorker-1] Using 6 search queries: nature, people, food, travel, architecture, animals
[2025-07-04 08:38:27,222: INFO/MainProcess] Task apps.gallery.tasks.populate_unsplash_images[fab48393-c4af-4ae0-833b-53276a470cc2] received
[2025-07-04 08:39:40,599: INFO/ForkPoolWorker-4] Task apps.gallery.tasks.populate_unsplash_images[a1a6948f-85d3-4c04-b2ce-74eedda964e6] succeeded in 93.06087546900017s: None
[2025-07-04 08:39:40,773: INFO/ForkPoolWorker-4] Fetching audios to process
[2025-07-04 08:39:41,825: ERROR/MainProcess] Received unregistered task of type 'apps.gallery.tasks.generate_metadata'.
The message has been ignored and discarded.

Did you remember to import the module containing this task?
Or maybe you're using relative imports?

Please see
https://docs.celeryq.dev/en/latest/internals/protocol.html
for more information.

The full contents of the message body was:
b'[[], {}, {"callbacks": null, "errbacks": null, "chain": null, "chord": null}]' (77b)

The full contents of the message headers:
{'lang': 'py', 'task': 'apps.gallery.tasks.generate_metadata', 'id': '230c8278-fd7a-4350-9e1a-376ab15250a4', 'shadow': None, 'eta': None, 'expires': None, 'group': None, 'group_index': None, 'retries': 0, 'timelimit': [None, None], 'root_id': '230c8278-fd7a-4350-9e1a-376ab15250a4', 'parent_id': None, 'argsrepr': '()', 'kwargsrepr': '{}', 'origin': 'gen7@63f692d7cb61', 'ignore_result': False, 'stamped_headers': None, 'stamps': {}}

The delivery info for this task is:
{'exchange': '', 'routing_key': 'celery'}
Traceback (most recent call last):
  File "/usr/local/lib/python3.12/site-packages/celery/worker/consumer/consumer.py", line 642, in on_task_received
    strategy = strategies[type_]
               ~~~~~~~~~~^^^^^^^
KeyError: 'apps.gallery.tasks.generate_metadata'
[2025-07-04 08:39:41,926: INFO/ForkPoolWorker-4] No audio files to process
[2025-07-04 08:39:42,240: INFO/ForkPoolWorker-4] Task apps.gallery.tasks.process_audio[aba36ab9-552b-43b9-9099-b366b623bea8] succeeded in 1.4671134659997733s: None
[2025-07-04 08:39:42,694: INFO/ForkPoolWorker-4] Fetching unsplash images to process
[2025-07-04 08:39:42,694: INFO/ForkPoolWorker-4] Starting Unsplash to gcs uploader job at 2025-07-04T08:39:42.694467
[2025-07-04 08:39:42,694: INFO/ForkPoolWorker-4] Using 6 search queries: nature, people, food, travel, architecture, animals
[2025-07-04 08:39:42,879: INFO/MainProcess] Task apps.gallery.tasks.process_audio[1822ee88-c65b-4b44-b63c-719604130202] received
[2025-07-04 08:39:43,652: INFO/MainProcess] Task apps.gallery.tasks.populate_unsplash_images[bf38f68c-6add-4d3a-b522-b5e32b974775] received
[2025-07-04 08:39:46,138: INFO/ForkPoolWorker-3] Task apps.gallery.tasks.populate_unsplash_images[4147cf16-2846-4ad0-af70-65f97c84605e] succeeded in 94.52588888800028s: None
[2025-07-04 08:39:46,314: INFO/ForkPoolWorker-3] Fetching audios to process
[2025-07-04 08:39:47,027: INFO/MainProcess] Task apps.gallery.tasks.process_audio[fca39278-647c-41e7-ade8-87b491dae825] received
[2025-07-04 08:39:47,440: INFO/ForkPoolWorker-3] No audio files to process
[2025-07-04 08:39:47,769: INFO/ForkPoolWorker-3] Task apps.gallery.tasks.process_audio[e802e80b-3b7c-4fd3-a5c6-f22072bb5902] succeeded in 1.4552126620001218s: None
[2025-07-04 08:39:47,978: INFO/ForkPoolWorker-3] Fetching unsplash images to process
[2025-07-04 08:39:47,978: INFO/ForkPoolWorker-3] Starting Unsplash to gcs uploader job at 2025-07-04T08:39:47.978798
[2025-07-04 08:39:47,978: INFO/ForkPoolWorker-3] Using 6 search queries: nature, people, food, travel, architecture, animals
[2025-07-04 08:39:48,695: INFO/MainProcess] Task apps.gallery.tasks.populate_unsplash_images[9fea44ac-01a8-4921-a67b-0c4d0d9bedd6] received
[2025-07-04 08:39:57,764: INFO/ForkPoolWorker-2] Task apps.gallery.tasks.populate_unsplash_images[f1de4241-6de8-434f-92ae-39d45dff293a] succeeded in 101.39203626900007s: None
[2025-07-04 08:39:57,937: INFO/ForkPoolWorker-2] Fetching audios to process
[2025-07-04 08:39:58,653: INFO/MainProcess] Task apps.gallery.tasks.process_audio[2ea8493e-5ecd-44a1-aa26-f8d614f005d0] received
[2025-07-04 08:39:59,178: INFO/ForkPoolWorker-2] No audio files to process
[2025-07-04 08:39:59,522: INFO/ForkPoolWorker-2] Task apps.gallery.tasks.process_audio[e92a9efb-7b31-4bd4-a4da-f0f42e555a28] succeeded in 1.5854399220002051s: None
[2025-07-04 08:39:59,695: INFO/ForkPoolWorker-2] Fetching unsplash images to process
[2025-07-04 08:39:59,696: INFO/ForkPoolWorker-2] Starting Unsplash to gcs uploader job at 2025-07-04T08:39:59.695989
[2025-07-04 08:39:59,696: INFO/ForkPoolWorker-2] Using 6 search queries: nature, people, food, travel, architecture, animals
[2025-07-04 08:40:00,404: INFO/MainProcess] Task apps.gallery.tasks.populate_unsplash_images[4bfa0006-dcaa-4045-b2f7-d89a6db0d380] received
[2025-07-04 08:40:00,755: INFO/ForkPoolWorker-1] Task apps.gallery.tasks.populate_unsplash_images[899f3746-d221-458c-8805-273ace2b430f] succeeded in 94.43551073700019s: None
[2025-07-04 08:40:00,930: INFO/ForkPoolWorker-1] Fetching audios to process
[2025-07-04 08:40:01,819: INFO/MainProcess] Task apps.gallery.tasks.process_audio[c840b740-bb5e-44bc-8123-55a053905c4a] received
[2025-07-04 08:40:02,131: INFO/ForkPoolWorker-1] No audio files to process
[2025-07-04 08:40:02,493: INFO/ForkPoolWorker-1] Task apps.gallery.tasks.process_audio[20c842ac-a731-424a-bb61-a6c65df167ea] succeeded in 1.5634827260000748s: None
[2025-07-04 08:40:02,668: INFO/ForkPoolWorker-1] Fetching unsplash images to process
[2025-07-04 08:40:02,668: INFO/ForkPoolWorker-1] Starting Unsplash to gcs uploader job at 2025-07-04T08:40:02.668321
[2025-07-04 08:40:02,668: INFO/ForkPoolWorker-1] Using 6 search queries: nature, people, food, travel, architecture, animals
[2025-07-04 08:40:03,379: INFO/MainProcess] Task apps.gallery.tasks.populate_unsplash_images[8383cd83-b014-40d2-bfdd-52a5ce915b0a] received
[2025-07-04 08:41:14,305: INFO/ForkPoolWorker-4] Task apps.gallery.tasks.populate_unsplash_images[9ab76b6c-f14c-403c-a5a2-6ee37ef6f589] succeeded in 91.61577228000033s: None
[2025-07-04 08:41:14,518: INFO/ForkPoolWorker-4] Fetching audios to process
[2025-07-04 08:41:15,625: INFO/MainProcess] Task apps.gallery.tasks.process_audio[0a6b0c82-9b81-4cd8-97c5-47c2ac9741b1] received
[2025-07-04 08:41:15,715: INFO/ForkPoolWorker-4] No audio files to process
[2025-07-04 08:41:16,027: INFO/ForkPoolWorker-4] Task apps.gallery.tasks.process_audio[e764acf7-d038-4c01-b5d9-31e25a7066f1] succeeded in 1.5090406730000723s: None
[2025-07-04 08:41:16,205: INFO/ForkPoolWorker-4] Fetching unsplash images to process
[2025-07-04 08:41:16,205: INFO/ForkPoolWorker-4] Starting Unsplash to gcs uploader job at 2025-07-04T08:41:16.205756
[2025-07-04 08:41:16,205: INFO/ForkPoolWorker-4] Using 6 search queries: nature, people, food, travel, architecture, animals
[2025-07-04 08:41:16,915: INFO/MainProcess] Task apps.gallery.tasks.populate_unsplash_images[3e7ae23e-1b4d-4b4d-be51-f0fc3044d5af] received
[2025-07-04 08:41:19,649: INFO/ForkPoolWorker-3] Task apps.gallery.tasks.populate_unsplash_images[f18ce18c-de8c-405c-87ef-147966743acb] succeeded in 91.67509085099982s: None
[2025-07-04 08:41:19,820: INFO/ForkPoolWorker-3] Fetching audios to process
[2025-07-04 08:41:20,699: INFO/MainProcess] Task apps.gallery.tasks.process_audio[242ab030-d728-4981-ba09-6382523d141f] received
[2025-07-04 08:41:21,030: INFO/ForkPoolWorker-3] No audio files to process
[2025-07-04 08:41:21,357: INFO/ForkPoolWorker-3] Task apps.gallery.tasks.process_audio[5aaf9d4f-e3e7-45c2-9ac4-f1a46e9f6f22] succeeded in 1.5385909510000602s: None
[2025-07-04 08:41:21,530: INFO/ForkPoolWorker-3] Fetching unsplash images to process
[2025-07-04 08:41:21,530: INFO/ForkPoolWorker-3] Starting Unsplash to gcs uploader job at 2025-07-04T08:41:21.530296
[2025-07-04 08:41:21,530: INFO/ForkPoolWorker-3] Using 6 search queries: nature, people, food, travel, architecture, animals
[2025-07-04 08:41:22,256: INFO/MainProcess] Task apps.gallery.tasks.populate_unsplash_images[e390d3fd-5546-4106-9cde-3902808c74d4] received
[2025-07-04 08:41:33,037: INFO/ForkPoolWorker-1] Task apps.gallery.tasks.populate_unsplash_images[7fa5bc48-f4df-4888-8314-8dd3c537e03b] succeeded in 90.37404585500008s: None
[2025-07-04 08:41:33,212: INFO/ForkPoolWorker-1] Fetching audios to process
[2025-07-04 08:41:33,415: INFO/ForkPoolWorker-2] Task apps.gallery.tasks.populate_unsplash_images[a0781400-90d3-41b3-89ba-3583c713b440] succeeded in 93.7245445159997s: None
[2025-07-04 08:41:33,904: INFO/ForkPoolWorker-2] Fetching unsplash images to process
[2025-07-04 08:41:33,904: INFO/ForkPoolWorker-2] Starting Unsplash to gcs uploader job at 2025-07-04T08:41:33.904478
[2025-07-04 08:41:33,904: INFO/ForkPoolWorker-2] Using 6 search queries: nature, people, food, travel, architecture, animals
[2025-07-04 08:41:34,356: INFO/ForkPoolWorker-1] No audio files to process
[2025-07-04 08:41:34,458: INFO/MainProcess] Task apps.gallery.tasks.process_audio[517a5068-25ca-43fb-a540-dcf9afacea50] received
[2025-07-04 08:41:34,720: INFO/ForkPoolWorker-1] Task apps.gallery.tasks.process_audio[41102184-6e2e-44f8-981c-87a1452f9866] succeeded in 1.5089460429999235s: None
[2025-07-04 08:41:35,073: INFO/MainProcess] Task apps.gallery.tasks.populate_unsplash_images[8301f58f-aa42-4de3-8c86-96a9537a9227] received
[2025-07-04 08:41:35,074: INFO/ForkPoolWorker-1] Fetching audios to process
[2025-07-04 08:41:36,091: INFO/MainProcess] Task apps.gallery.tasks.process_audio[08e27a68-086b-4c57-826c-d57158ca4b03] received
[2025-07-04 08:41:36,304: INFO/ForkPoolWorker-1] No audio files to process
[2025-07-04 08:41:36,668: INFO/ForkPoolWorker-1] Task apps.gallery.tasks.process_audio[7582c901-e5b1-407e-a9ea-37e1851d7d38] succeeded in 1.5942718839996814s: None
[2025-07-04 08:41:36,842: INFO/ForkPoolWorker-1] Fetching unsplash images to process
[2025-07-04 08:41:36,842: INFO/ForkPoolWorker-1] Starting Unsplash to gcs uploader job at 2025-07-04T08:41:36.842533
[2025-07-04 08:41:36,842: INFO/ForkPoolWorker-1] Using 6 search queries: nature, people, food, travel, architecture, animals
[2025-07-04 08:41:37,554: INFO/MainProcess] Task apps.gallery.tasks.populate_unsplash_images[f7edb0bb-7812-4fb0-ad5d-dc0a1396210d] received
[2025-07-04 08:42:56,026: INFO/ForkPoolWorker-4] Task apps.gallery.tasks.populate_unsplash_images[be1f980b-3df3-4d9a-8f80-25cddad644e0] succeeded in 99.8273342299999s: None
[2025-07-04 08:42:56,199: INFO/ForkPoolWorker-4] Fetching audios to process
[2025-07-04 08:42:57,268: ERROR/MainProcess] Received unregistered task of type 'apps.gallery.tasks.generate_metadata'.
The message has been ignored and discarded.

Did you remember to import the module containing this task?
Or maybe you're using relative imports?

Please see
https://docs.celeryq.dev/en/latest/internals/protocol.html
for more information.

The full contents of the message body was:
b'[[], {}, {"callbacks": null, "errbacks": null, "chain": null, "chord": null}]' (77b)

The full contents of the message headers:
{'lang': 'py', 'task': 'apps.gallery.tasks.generate_metadata', 'id': '1f9c9bbb-f4b0-4881-b04b-35a2a964bfe9', 'shadow': None, 'eta': None, 'expires': None, 'group': None, 'group_index': None, 'retries': 0, 'timelimit': [None, None], 'root_id': '1f9c9bbb-f4b0-4881-b04b-35a2a964bfe9', 'parent_id': None, 'argsrepr': '()', 'kwargsrepr': '{}', 'origin': 'gen7@63f692d7cb61', 'ignore_result': False, 'stamped_headers': None, 'stamps': {}}

The delivery info for this task is:
{'exchange': '', 'routing_key': 'celery'}
Traceback (most recent call last):
  File "/usr/local/lib/python3.12/site-packages/celery/worker/consumer/consumer.py", line 642, in on_task_received
    strategy = strategies[type_]
               ~~~~~~~~~~^^^^^^^
KeyError: 'apps.gallery.tasks.generate_metadata'
[2025-07-04 08:42:57,464: INFO/ForkPoolWorker-4] No audio files to process
[2025-07-04 08:42:57,781: INFO/ForkPoolWorker-4] Task apps.gallery.tasks.process_audio[1822ee88-c65b-4b44-b63c-719604130202] succeeded in 1.5823679120003362s: None
[2025-07-04 08:42:59,043: INFO/MainProcess] Task apps.gallery.tasks.process_audio[9b6883dc-09fe-4499-9b95-b5bab5442e85] received
[2025-07-04 08:42:59,043: INFO/ForkPoolWorker-4] Fetching unsplash images to process
[2025-07-04 08:42:59,043: INFO/ForkPoolWorker-4] Starting Unsplash to gcs uploader job at 2025-07-04T08:42:59.043964
[2025-07-04 08:42:59,044: INFO/ForkPoolWorker-4] Using 6 search queries: nature, people, food, travel, architecture, animals
[2025-07-04 08:42:59,929: INFO/MainProcess] Task apps.gallery.tasks.populate_unsplash_images[7b4dd34b-1d9d-47d3-a802-604e92c599ad] received
[2025-07-04 08:43:05,285: INFO/ForkPoolWorker-3] Task apps.gallery.tasks.populate_unsplash_images[76eeb3ce-06ce-4a22-833f-542e596f4cf8] succeeded in 103.75974738099967s: None
[2025-07-04 08:43:05,455: INFO/ForkPoolWorker-3] Fetching audios to process
[2025-07-04 08:43:06,167: INFO/MainProcess] Task apps.gallery.tasks.process_audio[eaf388c6-7bc1-4a2b-a9b3-89c17fc53e88] received
[2025-07-04 08:43:06,696: INFO/ForkPoolWorker-3] No audio files to process
[2025-07-04 08:43:07,027: INFO/ForkPoolWorker-3] Task apps.gallery.tasks.process_audio[fca39278-647c-41e7-ade8-87b491dae825] succeeded in 1.5721562420003465s: None
[2025-07-04 08:43:07,199: INFO/ForkPoolWorker-3] Fetching unsplash images to process
[2025-07-04 08:43:07,200: INFO/ForkPoolWorker-3] Starting Unsplash to gcs uploader job at 2025-07-04T08:43:07.200034
[2025-07-04 08:43:07,200: INFO/ForkPoolWorker-3] Using 6 search queries: nature, people, food, travel, architecture, animals
[2025-07-04 08:43:07,914: INFO/MainProcess] Task apps.gallery.tasks.populate_unsplash_images[a42e5b82-ec83-46f8-a135-deabd5b1d1c9] received
[2025-07-04 08:43:19,613: INFO/ForkPoolWorker-1] Task apps.gallery.tasks.populate_unsplash_images[fab48393-c4af-4ae0-833b-53276a470cc2] succeeded in 102.77605327000038s: None
[2025-07-04 08:43:19,748: INFO/ForkPoolWorker-2] Task apps.gallery.tasks.populate_unsplash_images[cb57b59e-e451-4a48-9c3a-4e64718e870a] succeeded in 105.84997742199994s: None
[2025-07-04 08:43:19,954: INFO/ForkPoolWorker-2] Fetching audios to process
[2025-07-04 08:43:19,954: INFO/ForkPoolWorker-1] Fetching unsplash images to process
[2025-07-04 08:43:19,954: INFO/ForkPoolWorker-1] Starting Unsplash to gcs uploader job at 2025-07-04T08:43:19.954407
[2025-07-04 08:43:19,954: INFO/ForkPoolWorker-1] Using 6 search queries: nature, people, food, travel, architecture, animals
[2025-07-04 08:43:21,018: INFO/MainProcess] Task apps.gallery.tasks.process_audio[14076b33-91b9-482b-bc3e-87232252cc29] received
[2025-07-04 08:43:21,154: INFO/ForkPoolWorker-2] No audio files to process
[2025-07-04 08:43:21,501: INFO/ForkPoolWorker-2] Task apps.gallery.tasks.process_audio[2ea8493e-5ecd-44a1-aa26-f8d614f005d0] succeeded in 1.5492251690002377s: None
[2025-07-04 08:43:21,557: INFO/MainProcess] Task apps.gallery.tasks.process_audio[fb86574b-d326-4a2e-a298-4251b59cedc5] received
[2025-07-04 08:43:21,895: INFO/ForkPoolWorker-2] Fetching audios to process
[2025-07-04 08:43:22,778: INFO/MainProcess] Task apps.gallery.tasks.process_audio[d8fa0216-2fb9-4f4f-a65a-5197f8cd33aa] received
[2025-07-04 08:43:23,081: INFO/ForkPoolWorker-2] No audio files to process
[2025-07-04 08:43:23,426: INFO/ForkPoolWorker-2] Task apps.gallery.tasks.process_audio[c840b740-bb5e-44bc-8123-55a053905c4a] succeeded in 1.5316277370002354s: None
[2025-07-04 08:43:23,598: INFO/ForkPoolWorker-2] Fetching unsplash images to process
[2025-07-04 08:43:23,599: INFO/ForkPoolWorker-2] Starting Unsplash to gcs uploader job at 2025-07-04T08:43:23.598985
[2025-07-04 08:43:23,599: INFO/ForkPoolWorker-2] Using 6 search queries: nature, people, food, travel, architecture, animals
[2025-07-04 08:43:24,351: INFO/MainProcess] Task apps.gallery.tasks.populate_unsplash_images[d61e60f5-d8da-408e-a9ec-eb8a589a285f] received
[2025-07-04 08:44:34,942: INFO/ForkPoolWorker-4] Task apps.gallery.tasks.populate_unsplash_images[bf38f68c-6add-4d3a-b522-b5e32b974775] succeeded in 95.90348031699978s: None
[2025-07-04 08:44:35,118: INFO/ForkPoolWorker-4] Fetching audios to process
[2025-07-04 08:44:36,192: INFO/MainProcess] Task apps.gallery.tasks.process_audio[ae6065b2-d0f5-4d97-9df3-8c9a77aa7732] received
[2025-07-04 08:44:36,389: INFO/ForkPoolWorker-4] No audio files to process
[2025-07-04 08:44:36,702: INFO/ForkPoolWorker-4] Task apps.gallery.tasks.process_audio[0a6b0c82-9b81-4cd8-97c5-47c2ac9741b1] succeeded in 1.5835992279999118s: None
[2025-07-04 08:44:36,875: INFO/ForkPoolWorker-4] Fetching unsplash images to process
[2025-07-04 08:44:36,875: INFO/ForkPoolWorker-4] Starting Unsplash to gcs uploader job at 2025-07-04T08:44:36.875757
[2025-07-04 08:44:36,875: INFO/ForkPoolWorker-4] Using 6 search queries: nature, people, food, travel, architecture, animals
[2025-07-04 08:44:37,598: INFO/MainProcess] Task apps.gallery.tasks.populate_unsplash_images[0f882575-89d8-43ac-b8d8-b5e111146cfe] received
[2025-07-04 08:44:40,892: INFO/ForkPoolWorker-3] Task apps.gallery.tasks.populate_unsplash_images[9fea44ac-01a8-4921-a67b-0c4d0d9bedd6] succeeded in 93.69731059100013s: None
[2025-07-04 08:44:41,063: INFO/ForkPoolWorker-3] Fetching audios to process
[2025-07-04 08:44:41,775: INFO/MainProcess] Task apps.gallery.tasks.process_audio[0cf23b4f-abf2-47dc-aac4-9de277968b8e] received
[2025-07-04 08:44:42,192: INFO/ForkPoolWorker-3] No audio files to process
[2025-07-04 08:44:42,519: INFO/ForkPoolWorker-3] Task apps.gallery.tasks.process_audio[242ab030-d728-4981-ba09-6382523d141f] succeeded in 1.455750461000207s: None
[2025-07-04 08:44:42,689: INFO/ForkPoolWorker-3] Fetching unsplash images to process
[2025-07-04 08:44:42,689: INFO/ForkPoolWorker-3] Starting Unsplash to gcs uploader job at 2025-07-04T08:44:42.689147
[2025-07-04 08:44:42,689: INFO/ForkPoolWorker-3] Using 6 search queries: nature, people, food, travel, architecture, animals
[2025-07-04 08:44:43,575: INFO/MainProcess] Task apps.gallery.tasks.populate_unsplash_images[a02bd4e7-c6c8-4061-b457-2ee69a2d11b4] received
[2025-07-04 08:44:50,442: INFO/ForkPoolWorker-1] Task apps.gallery.tasks.populate_unsplash_images[4bfa0006-dcaa-4045-b2f7-d89a6db0d380] succeeded in 90.49295413999971s: None
[2025-07-04 08:44:50,615: INFO/ForkPoolWorker-1] Fetching audios to process
[2025-07-04 08:44:51,341: INFO/MainProcess] Task apps.gallery.tasks.process_audio[4b5abfd6-6470-4b5e-a822-e4d820b81b65] received
[2025-07-04 08:44:51,817: INFO/ForkPoolWorker-1] No audio files to process
[2025-07-04 08:44:52,185: INFO/ForkPoolWorker-1] Task apps.gallery.tasks.process_audio[517a5068-25ca-43fb-a540-dcf9afacea50] succeeded in 1.5711221470000964s: None
[2025-07-04 08:44:52,360: INFO/ForkPoolWorker-1] Fetching unsplash images to process
[2025-07-04 08:44:52,360: INFO/ForkPoolWorker-1] Starting Unsplash to gcs uploader job at 2025-07-04T08:44:52.360389
[2025-07-04 08:44:52,360: INFO/ForkPoolWorker-1] Using 6 search queries: nature, people, food, travel, architecture, animals
[2025-07-04 08:44:53,073: INFO/MainProcess] Task apps.gallery.tasks.populate_unsplash_images[7c195f32-33af-438b-bd30-4d4a7c2eabbb] received
[2025-07-04 08:45:00,759: INFO/ForkPoolWorker-2] Task apps.gallery.tasks.populate_unsplash_images[8383cd83-b014-40d2-bfdd-52a5ce915b0a] succeeded in 97.164811439s: None
[2025-07-04 08:45:00,929: INFO/ForkPoolWorker-2] Fetching audios to process
[2025-07-04 08:45:01,635: INFO/MainProcess] Task apps.gallery.tasks.process_audio[6825fe68-c716-4caa-a25b-5f57b0aaa694] received
[2025-07-04 08:45:02,145: INFO/ForkPoolWorker-2] No audio files to process
[2025-07-04 08:45:02,491: INFO/ForkPoolWorker-2] Task apps.gallery.tasks.process_audio[08e27a68-086b-4c57-826c-d57158ca4b03] succeeded in 1.5622449100001177s: None
[2025-07-04 08:45:02,832: INFO/ForkPoolWorker-2] Fetching unsplash images to process
[2025-07-04 08:45:02,833: INFO/ForkPoolWorker-2] Starting Unsplash to gcs uploader job at 2025-07-04T08:45:02.833105
[2025-07-04 08:45:02,833: INFO/ForkPoolWorker-2] Using 6 search queries: nature, people, food, travel, architecture, animals
[2025-07-04 08:45:03,554: INFO/MainProcess] Task apps.gallery.tasks.populate_unsplash_images[f3c2dd94-7ab6-4b0d-9343-7c4ae4118325] received
[2025-07-04 08:46:10,014: INFO/ForkPoolWorker-4] Task apps.gallery.tasks.populate_unsplash_images[3e7ae23e-1b4d-4b4d-be51-f0fc3044d5af] succeeded in 93.14384253700064s: None
[2025-07-04 08:46:10,340: INFO/ForkPoolWorker-4] Fetching audios to process
[2025-07-04 08:46:11,410: INFO/MainProcess] Task apps.gallery.tasks.populate_unsplash_images[048e1726-2f20-4bc9-b071-303a38743b67] received
[2025-07-04 08:46:11,453: INFO/ForkPoolWorker-4] No audio files to process
[2025-07-04 08:46:11,771: INFO/ForkPoolWorker-4] Task apps.gallery.tasks.process_audio[9b6883dc-09fe-4499-9b95-b5bab5442e85] succeeded in 1.4317554489998656s: None
[2025-07-04 08:46:11,945: INFO/ForkPoolWorker-4] Fetching unsplash images to process
[2025-07-04 08:46:11,945: INFO/ForkPoolWorker-4] Starting Unsplash to gcs uploader job at 2025-07-04T08:46:11.945341
[2025-07-04 08:46:11,945: INFO/ForkPoolWorker-4] Using 6 search queries: nature, people, food, travel, architecture, animals
[2025-07-04 08:46:12,823: INFO/MainProcess] Task apps.gallery.tasks.process_audio[348ae767-f5c0-41ba-95c8-f954bf42dbd6] received
[2025-07-04 08:46:17,384: INFO/ForkPoolWorker-3] Task apps.gallery.tasks.populate_unsplash_images[e390d3fd-5546-4106-9cde-3902808c74d4] succeeded in 94.70053454200024s: None
[2025-07-04 08:46:17,557: INFO/ForkPoolWorker-3] Fetching audios to process
[2025-07-04 08:46:18,297: INFO/MainProcess] Task apps.gallery.tasks.populate_unsplash_images[52a7fa5c-3ba2-40d0-b1d6-5032b69cf6f4] received
[2025-07-04 08:46:18,801: INFO/ForkPoolWorker-3] No audio files to process
[2025-07-04 08:46:19,131: INFO/ForkPoolWorker-3] Task apps.gallery.tasks.process_audio[eaf388c6-7bc1-4a2b-a9b3-89c17fc53e88] succeeded in 1.5737122270002146s: None
[2025-07-04 08:46:19,304: INFO/ForkPoolWorker-3] Fetching unsplash images to process
[2025-07-04 08:46:19,304: INFO/ForkPoolWorker-3] Starting Unsplash to gcs uploader job at 2025-07-04T08:46:19.304167
[2025-07-04 08:46:19,304: INFO/ForkPoolWorker-3] Using 6 search queries: nature, people, food, travel, architecture, animals
[2025-07-04 08:46:20,575: INFO/MainProcess] Task apps.gallery.tasks.process_audio[460fde98-39e3-4038-84e3-777f4b863596] received
[2025-07-04 08:46:27,205: INFO/ForkPoolWorker-1] Task apps.gallery.tasks.populate_unsplash_images[8301f58f-aa42-4de3-8c86-96a9537a9227] succeeded in 94.8499089650004s: None
[2025-07-04 08:46:27,375: INFO/ForkPoolWorker-1] Fetching audios to process
[2025-07-04 08:46:28,257: INFO/MainProcess] Task apps.gallery.tasks.process_audio[b77646ab-c5d4-4d57-a440-698c22459340] received
[2025-07-04 08:46:28,483: INFO/ForkPoolWorker-1] No audio files to process
[2025-07-04 08:46:28,847: INFO/ForkPoolWorker-1] Task apps.gallery.tasks.process_audio[14076b33-91b9-482b-bc3e-87232252cc29] succeeded in 1.4717831190000652s: None
[2025-07-04 08:46:29,019: INFO/ForkPoolWorker-1] Fetching audios to process
[2025-07-04 08:46:29,739: INFO/MainProcess] Task apps.gallery.tasks.populate_unsplash_images[589ac5e3-2150-4128-b674-3c8a598472d1] received
[2025-07-04 08:46:30,252: INFO/ForkPoolWorker-1] No audio files to process
[2025-07-04 08:46:30,613: INFO/ForkPoolWorker-1] Task apps.gallery.tasks.process_audio[fb86574b-d326-4a2e-a298-4251b59cedc5] succeeded in 1.5943538709998393s: None
[2025-07-04 08:46:30,785: INFO/ForkPoolWorker-1] Fetching audios to process
[2025-07-04 08:46:31,502: INFO/MainProcess] Task apps.gallery.tasks.process_audio[c891476d-d319-49f3-9a40-fff667f63d93] received
[2025-07-04 08:46:32,047: INFO/ForkPoolWorker-1] No audio files to process
[2025-07-04 08:46:32,412: INFO/ForkPoolWorker-1] Task apps.gallery.tasks.process_audio[d8fa0216-2fb9-4f4f-a65a-5197f8cd33aa] succeeded in 1.6271125909997863s: None
[2025-07-04 08:46:32,584: INFO/ForkPoolWorker-1] Fetching unsplash images to process
[2025-07-04 08:46:32,584: INFO/ForkPoolWorker-1] Starting Unsplash to gcs uploader job at 2025-07-04T08:46:32.584729
[2025-07-04 08:46:32,584: INFO/ForkPoolWorker-1] Using 6 search queries: nature, people, food, travel, architecture, animals
[2025-07-04 08:46:33,299: INFO/MainProcess] Task apps.gallery.tasks.populate_unsplash_images[70cde5b3-631a-4218-a1f4-a2028f99862c] received
[2025-07-04 08:46:38,719: INFO/ForkPoolWorker-2] Task apps.gallery.tasks.populate_unsplash_images[f7edb0bb-7812-4fb0-ad5d-dc0a1396210d] succeeded in 95.89306182200016s: None
[2025-07-04 08:46:38,939: INFO/ForkPoolWorker-2] Fetching audios to process
[2025-07-04 08:46:39,650: INFO/MainProcess] Task apps.gallery.tasks.process_audio[bf131db3-9c84-48ad-8afb-14f80ceccfe5] received
[2025-07-04 08:46:40,124: INFO/ForkPoolWorker-2] No audio files to process
[2025-07-04 08:46:40,463: INFO/ForkPoolWorker-2] Task apps.gallery.tasks.process_audio[ae6065b2-d0f5-4d97-9df3-8c9a77aa7732] succeeded in 1.523746693999783s: None
[2025-07-04 08:46:40,633: INFO/ForkPoolWorker-2] Fetching unsplash images to process
[2025-07-04 08:46:40,633: INFO/ForkPoolWorker-2] Starting Unsplash to gcs uploader job at 2025-07-04T08:46:40.633438
[2025-07-04 08:46:40,633: INFO/ForkPoolWorker-2] Using 6 search queries: nature, people, food, travel, architecture, animals
[2025-07-04 08:46:41,514: INFO/MainProcess] Task apps.gallery.tasks.populate_unsplash_images[5808ff65-60e8-4e6c-babe-14847a916f69] received
[2025-07-04 08:47:44,381: INFO/ForkPoolWorker-4] Task apps.gallery.tasks.populate_unsplash_images[7b4dd34b-1d9d-47d3-a802-604e92c599ad] succeeded in 92.44099142599953s: None
[2025-07-04 08:47:44,551: INFO/ForkPoolWorker-4] Fetching audios to process
[2025-07-04 08:47:45,615: ERROR/MainProcess] Received unregistered task of type 'apps.gallery.tasks.generate_metadata'.
The message has been ignored and discarded.

Did you remember to import the module containing this task?
Or maybe you're using relative imports?

Please see
https://docs.celeryq.dev/en/latest/internals/protocol.html
for more information.

The full contents of the message body was:
b'[[], {}, {"callbacks": null, "errbacks": null, "chain": null, "chord": null}]' (77b)

The full contents of the message headers:
{'lang': 'py', 'task': 'apps.gallery.tasks.generate_metadata', 'id': '527ca185-9bcb-4296-91d3-778d12ad37c8', 'shadow': None, 'eta': None, 'expires': None, 'group': None, 'group_index': None, 'retries': 0, 'timelimit': [None, None], 'root_id': '527ca185-9bcb-4296-91d3-778d12ad37c8', 'parent_id': None, 'argsrepr': '()', 'kwargsrepr': '{}', 'origin': 'gen7@63f692d7cb61', 'ignore_result': False, 'stamped_headers': None, 'stamps': {}}

The delivery info for this task is:
{'exchange': '', 'routing_key': 'celery'}
Traceback (most recent call last):
  File "/usr/local/lib/python3.12/site-packages/celery/worker/consumer/consumer.py", line 642, in on_task_received
    strategy = strategies[type_]
               ~~~~~~~~~~^^^^^^^
KeyError: 'apps.gallery.tasks.generate_metadata'
[2025-07-04 08:47:45,700: INFO/ForkPoolWorker-4] No audio files to process
[2025-07-04 08:47:46,015: INFO/ForkPoolWorker-4] Task apps.gallery.tasks.process_audio[0cf23b4f-abf2-47dc-aac4-9de277968b8e] succeeded in 1.4634878699998808s: None
[2025-07-04 08:47:46,658: INFO/ForkPoolWorker-4] Fetching unsplash images to process
[2025-07-04 08:47:46,658: INFO/ForkPoolWorker-4] Starting Unsplash to gcs uploader job at 2025-07-04T08:47:46.658448
[2025-07-04 08:47:46,658: INFO/ForkPoolWorker-4] Using 6 search queries: nature, people, food, travel, architecture, animals
[2025-07-04 08:47:47,193: INFO/MainProcess] Task apps.gallery.tasks.process_audio[072e3640-9159-4cfe-9ebe-4412d34409ef] received
[2025-07-04 08:47:47,725: INFO/MainProcess] Task apps.gallery.tasks.populate_unsplash_images[6e917b7a-4d96-47da-9f61-107cea1a6781] received
[2025-07-04 08:47:57,444: INFO/ForkPoolWorker-3] Task apps.gallery.tasks.populate_unsplash_images[a42e5b82-ec83-46f8-a135-deabd5b1d1c9] succeeded in 98.15703901599954s: None
[2025-07-04 08:47:57,619: INFO/ForkPoolWorker-3] Fetching audios to process
[2025-07-04 08:47:58,326: INFO/MainProcess] Task apps.gallery.tasks.process_audio[5ed00398-0b4e-4627-9523-9ceefae20221] received
[2025-07-04 08:47:58,845: INFO/ForkPoolWorker-3] No audio files to process
[2025-07-04 08:47:59,175: INFO/ForkPoolWorker-3] Task apps.gallery.tasks.process_audio[4b5abfd6-6470-4b5e-a822-e4d820b81b65] succeeded in 1.5562723860002734s: None
[2025-07-04 08:47:59,526: INFO/ForkPoolWorker-3] Fetching unsplash images to process
[2025-07-04 08:47:59,527: INFO/ForkPoolWorker-3] Starting Unsplash to gcs uploader job at 2025-07-04T08:47:59.527027
[2025-07-04 08:47:59,527: INFO/ForkPoolWorker-3] Using 6 search queries: nature, people, food, travel, architecture, animals
[2025-07-04 08:48:00,236: INFO/MainProcess] Task apps.gallery.tasks.populate_unsplash_images[ca9d3e22-83b2-4ba2-bd04-0257cb6fb401] received
[2025-07-04 08:48:06,977: INFO/ForkPoolWorker-1] Task apps.gallery.tasks.populate_unsplash_images[d61e60f5-d8da-408e-a9ec-eb8a589a285f] succeeded in 94.4077862589993s: None
[2025-07-04 08:48:07,149: INFO/ForkPoolWorker-1] Fetching audios to process
[2025-07-04 08:48:07,861: INFO/MainProcess] Task apps.gallery.tasks.process_audio[98a0692d-b333-4ab3-8fdb-4dfe37f15696] received
[2025-07-04 08:48:08,394: INFO/ForkPoolWorker-1] No audio files to process
[2025-07-04 08:48:08,758: INFO/ForkPoolWorker-1] Task apps.gallery.tasks.process_audio[6825fe68-c716-4caa-a25b-5f57b0aaa694] succeeded in 1.6092029900000853s: None
[2025-07-04 08:48:08,931: INFO/ForkPoolWorker-1] Fetching unsplash images to process
[2025-07-04 08:48:08,932: INFO/ForkPoolWorker-1] Starting Unsplash to gcs uploader job at 2025-07-04T08:48:08.931986
[2025-07-04 08:48:08,932: INFO/ForkPoolWorker-1] Using 6 search queries: nature, people, food, travel, architecture, animals
[2025-07-04 08:48:09,641: INFO/MainProcess] Task apps.gallery.tasks.populate_unsplash_images[add0a462-679e-408e-b887-2bd3b6e2082c] received
[2025-07-04 08:48:11,329: INFO/ForkPoolWorker-2] Task apps.gallery.tasks.populate_unsplash_images[0f882575-89d8-43ac-b8d8-b5e111146cfe] succeeded in 90.71149160700043s: None
[2025-07-04 08:48:11,507: INFO/ForkPoolWorker-2] Fetching unsplash images to process
[2025-07-04 08:48:11,507: INFO/ForkPoolWorker-2] Starting Unsplash to gcs uploader job at 2025-07-04T08:48:11.507795
[2025-07-04 08:48:11,507: INFO/ForkPoolWorker-2] Using 6 search queries: nature, people, food, travel, architecture, animals
[2025-07-04 08:48:12,220: INFO/MainProcess] Task apps.gallery.tasks.process_audio[674092bc-a8f0-466c-8576-c830697a13b2] received
[2025-07-04 08:49:20,592: INFO/ForkPoolWorker-4] Task apps.gallery.tasks.populate_unsplash_images[a02bd4e7-c6c8-4061-b457-2ee69a2d11b4] succeeded in 93.94961866799986s: None
[2025-07-04 08:49:20,766: INFO/ForkPoolWorker-4] Fetching audios to process
[2025-07-04 08:49:21,854: INFO/MainProcess] Task apps.gallery.tasks.populate_unsplash_images[22442298-9e92-40d0-be7d-ea31a7ea9ad6] received
[2025-07-04 08:49:21,977: INFO/ForkPoolWorker-4] No audio files to process
[2025-07-04 08:49:22,298: INFO/ForkPoolWorker-4] Task apps.gallery.tasks.process_audio[348ae767-f5c0-41ba-95c8-f954bf42dbd6] succeeded in 1.5335465540001678s: None
[2025-07-04 08:49:22,470: INFO/ForkPoolWorker-4] Fetching unsplash images to process
[2025-07-04 08:49:22,470: INFO/ForkPoolWorker-4] Starting Unsplash to gcs uploader job at 2025-07-04T08:49:22.470418
[2025-07-04 08:49:22,470: INFO/ForkPoolWorker-4] Using 6 search queries: nature, people, food, travel, architecture, animals
[2025-07-04 08:49:23,185: INFO/MainProcess] Task apps.gallery.tasks.process_audio[1cce0f4a-424a-4bfc-bd7f-0c7b11c45a82] received
[2025-07-04 08:49:32,404: INFO/ForkPoolWorker-3] Task apps.gallery.tasks.populate_unsplash_images[7c195f32-33af-438b-bd30-4d4a7c2eabbb] succeeded in 92.88146846899963s: None
[2025-07-04 08:49:32,581: INFO/ForkPoolWorker-3] Fetching audios to process
[2025-07-04 08:49:33,466: INFO/MainProcess] Task apps.gallery.tasks.process_audio[e5f255af-11de-408b-87a9-9313611e76aa] received
[2025-07-04 08:49:33,825: INFO/ForkPoolWorker-3] No audio files to process
[2025-07-04 08:49:34,153: INFO/ForkPoolWorker-3] Task apps.gallery.tasks.process_audio[460fde98-39e3-4038-84e3-777f4b863596] succeeded in 1.5723857660004796s: None
[2025-07-04 08:49:34,325: INFO/ForkPoolWorker-3] Fetching audios to process
[2025-07-04 08:49:35,034: INFO/MainProcess] Task apps.gallery.tasks.populate_unsplash_images[d687eef2-ffa1-4178-88f1-2d36e3dff521] received
[2025-07-04 08:49:35,562: INFO/ForkPoolWorker-3] No audio files to process
[2025-07-04 08:49:35,891: INFO/ForkPoolWorker-3] Task apps.gallery.tasks.process_audio[b77646ab-c5d4-4d57-a440-698c22459340] succeeded in 1.5663532849994226s: None
[2025-07-04 08:49:36,065: INFO/ForkPoolWorker-3] Fetching unsplash images to process
[2025-07-04 08:49:36,065: INFO/ForkPoolWorker-3] Starting Unsplash to gcs uploader job at 2025-07-04T08:49:36.065578
[2025-07-04 08:49:36,065: INFO/ForkPoolWorker-3] Using 6 search queries: nature, people, food, travel, architecture, animals
[2025-07-04 08:49:36,781: INFO/MainProcess] Task apps.gallery.tasks.process_audio[d8b465ca-2c7b-4f4e-ae93-1b458d813021] received
[2025-07-04 08:49:44,902: INFO/ForkPoolWorker-2] Task apps.gallery.tasks.populate_unsplash_images[048e1726-2f20-4bc9-b071-303a38743b67] succeeded in 93.39854680999997s: None
[2025-07-04 08:49:45,076: INFO/ForkPoolWorker-2] Fetching audios to process
[2025-07-04 08:49:45,470: INFO/ForkPoolWorker-1] Task apps.gallery.tasks.populate_unsplash_images[f3c2dd94-7ab6-4b0d-9343-7c4ae4118325] succeeded in 96.54271390299982s: None
[2025-07-04 08:49:45,829: INFO/MainProcess] Task apps.gallery.tasks.populate_unsplash_images[97b2173c-68e7-4fa3-82f4-f9b4830b6f3c] received
[2025-07-04 08:49:45,829: INFO/ForkPoolWorker-1] Fetching unsplash images to process
[2025-07-04 08:49:45,830: INFO/ForkPoolWorker-1] Starting Unsplash to gcs uploader job at 2025-07-04T08:49:45.830042
[2025-07-04 08:49:45,830: INFO/ForkPoolWorker-1] Using 6 search queries: nature, people, food, travel, architecture, animals
[2025-07-04 08:49:46,253: INFO/ForkPoolWorker-2] No audio files to process
[2025-07-04 08:49:46,598: INFO/ForkPoolWorker-2] Task apps.gallery.tasks.process_audio[c891476d-d319-49f3-9a40-fff667f63d93] succeeded in 1.5219256680002218s: None
[2025-07-04 08:49:46,957: INFO/MainProcess] Task apps.gallery.tasks.process_audio[f02bcc00-3921-48bc-b3c0-290b7f8b78bf] received
[2025-07-04 08:49:46,958: INFO/ForkPoolWorker-2] Fetching audios to process
[2025-07-04 08:49:47,849: INFO/MainProcess] Task apps.gallery.tasks.populate_unsplash_images[26050f49-0798-4c18-b199-d4954bf90ff3] received
[2025-07-04 08:49:48,205: INFO/ForkPoolWorker-2] No audio files to process
[2025-07-04 08:49:48,545: INFO/ForkPoolWorker-2] Task apps.gallery.tasks.process_audio[bf131db3-9c84-48ad-8afb-14f80ceccfe5] succeeded in 1.5868369540003187s: None
[2025-07-04 08:49:48,879: INFO/ForkPoolWorker-2] Fetching unsplash images to process
[2025-07-04 08:49:48,879: INFO/ForkPoolWorker-2] Starting Unsplash to gcs uploader job at 2025-07-04T08:49:48.879481
[2025-07-04 08:49:48,879: INFO/ForkPoolWorker-2] Using 6 search queries: nature, people, food, travel, architecture, animals
[2025-07-04 08:49:49,591: INFO/MainProcess] Task apps.gallery.tasks.process_audio[56ad3e9a-2907-48ec-ac41-a7d8c0864a8b] received
[2025-07-04 08:50:56,039: INFO/ForkPoolWorker-4] Task apps.gallery.tasks.populate_unsplash_images[52a7fa5c-3ba2-40d0-b1d6-5032b69cf6f4] succeeded in 93.5710967340001s: None
[2025-07-04 08:50:56,405: INFO/ForkPoolWorker-4] Fetching audios to process
[2025-07-04 08:50:57,487: INFO/MainProcess] Task apps.gallery.tasks.process_audio[67e9fd46-0b24-4ab9-a8a8-50d386fa6ff6] received
[2025-07-04 08:50:57,633: INFO/ForkPoolWorker-4] No audio files to process
[2025-07-04 08:50:57,952: INFO/ForkPoolWorker-4] Task apps.gallery.tasks.process_audio[072e3640-9159-4cfe-9ebe-4412d34409ef] succeeded in 1.5471922509996148s: None
[2025-07-04 08:50:58,127: INFO/ForkPoolWorker-4] Fetching unsplash images to process
[2025-07-04 08:50:58,127: INFO/ForkPoolWorker-4] Starting Unsplash to gcs uploader job at 2025-07-04T08:50:58.127648
[2025-07-04 08:50:58,127: INFO/ForkPoolWorker-4] Using 6 search queries: nature, people, food, travel, architecture, animals
[2025-07-04 08:50:59,018: INFO/MainProcess] Task apps.gallery.tasks.populate_unsplash_images[9abdf635-5e5d-4f4f-851c-603c020494c6] received
[2025-07-04 08:51:08,941: INFO/ForkPoolWorker-3] Task apps.gallery.tasks.populate_unsplash_images[589ac5e3-2150-4128-b674-3c8a598472d1] succeeded in 92.87840768299975s: None
[2025-07-04 08:51:09,115: INFO/ForkPoolWorker-3] Fetching audios to process
[2025-07-04 08:51:10,012: ERROR/MainProcess] Received unregistered task of type 'apps.gallery.tasks.generate_metadata'.
The message has been ignored and discarded.

Did you remember to import the module containing this task?
Or maybe you're using relative imports?

Please see
https://docs.celeryq.dev/en/latest/internals/protocol.html
for more information.

The full contents of the message body was:
b'[[], {}, {"callbacks": null, "errbacks": null, "chain": null, "chord": null}]' (77b)

The full contents of the message headers:
{'lang': 'py', 'task': 'apps.gallery.tasks.generate_metadata', 'id': '42a80761-4ecc-4238-a178-43c90e2d58e4', 'shadow': None, 'eta': None, 'expires': None, 'group': None, 'group_index': None, 'retries': 0, 'timelimit': [None, None], 'root_id': '42a80761-4ecc-4238-a178-43c90e2d58e4', 'parent_id': None, 'argsrepr': '()', 'kwargsrepr': '{}', 'origin': 'gen7@63f692d7cb61', 'ignore_result': False, 'stamped_headers': None, 'stamps': {}}

The delivery info for this task is:
{'exchange': '', 'routing_key': 'celery'}
Traceback (most recent call last):
  File "/usr/local/lib/python3.12/site-packages/celery/worker/consumer/consumer.py", line 642, in on_task_received
    strategy = strategies[type_]
               ~~~~~~~~~~^^^^^^^
KeyError: 'apps.gallery.tasks.generate_metadata'
[2025-07-04 08:51:10,395: INFO/ForkPoolWorker-3] No audio files to process
[2025-07-04 08:51:10,724: INFO/ForkPoolWorker-3] Task apps.gallery.tasks.process_audio[5ed00398-0b4e-4627-9523-9ceefae20221] succeeded in 1.6094956079996336s: None
[2025-07-04 08:51:11,087: INFO/MainProcess] Task apps.gallery.tasks.process_audio[d3ee061f-d2ee-4db4-a922-1eb24990acd1] received
[2025-07-04 08:51:11,087: INFO/ForkPoolWorker-3] Fetching unsplash images to process
[2025-07-04 08:51:11,087: INFO/ForkPoolWorker-3] Starting Unsplash to gcs uploader job at 2025-07-04T08:51:11.087955
[2025-07-04 08:51:11,088: INFO/ForkPoolWorker-3] Using 6 search queries: nature, people, food, travel, architecture, animals
[2025-07-04 08:51:12,006: INFO/MainProcess] Task apps.gallery.tasks.populate_unsplash_images[447e220f-3b7f-4d93-b88f-30460557f26f] received
[2025-07-04 08:51:22,979: INFO/ForkPoolWorker-1] Task apps.gallery.tasks.populate_unsplash_images[70cde5b3-631a-4218-a1f4-a2028f99862c] succeeded in 97.1532424470006s: None
[2025-07-04 08:51:23,153: INFO/ForkPoolWorker-1] Fetching audios to process
[2025-07-04 08:51:23,874: INFO/MainProcess] Task apps.gallery.tasks.process_audio[1d9a7c05-313c-4e6a-80e7-bb2238555c05] received
[2025-07-04 08:51:24,377: INFO/ForkPoolWorker-1] No audio files to process
[2025-07-04 08:51:24,737: INFO/ForkPoolWorker-1] Task apps.gallery.tasks.process_audio[98a0692d-b333-4ab3-8fdb-4dfe37f15696] succeeded in 1.5839351979993808s: None
[2025-07-04 08:51:25,079: INFO/ForkPoolWorker-1] Fetching unsplash images to process
[2025-07-04 08:51:25,079: INFO/ForkPoolWorker-1] Starting Unsplash to gcs uploader job at 2025-07-04T08:51:25.079463
[2025-07-04 08:51:25,079: INFO/ForkPoolWorker-1] Using 6 search queries: nature, people, food, travel, architecture, animals
[2025-07-04 08:51:25,786: INFO/MainProcess] Task apps.gallery.tasks.populate_unsplash_images[026f208c-7ff7-434e-8178-7f39ab105ba5] received
[2025-07-04 08:51:30,305: INFO/ForkPoolWorker-2] Task apps.gallery.tasks.populate_unsplash_images[5808ff65-60e8-4e6c-babe-14847a916f69] succeeded in 101.4291182220004s: None
[2025-07-04 08:51:30,475: INFO/ForkPoolWorker-2] Fetching audios to process
[2025-07-04 08:51:31,189: INFO/MainProcess] Task apps.gallery.tasks.process_audio[59afce11-3fc1-4aa6-b242-242b4cb117e3] received
[2025-07-04 08:51:31,628: INFO/ForkPoolWorker-2] No audio files to process
[2025-07-04 08:51:31,978: INFO/ForkPoolWorker-2] Task apps.gallery.tasks.process_audio[674092bc-a8f0-466c-8576-c830697a13b2] succeeded in 1.5031686909997006s: None
[2025-07-04 08:51:32,148: INFO/ForkPoolWorker-2] Fetching unsplash images to process
[2025-07-04 08:51:32,148: INFO/ForkPoolWorker-2] Starting Unsplash to gcs uploader job at 2025-07-04T08:51:32.148519
[2025-07-04 08:51:32,148: INFO/ForkPoolWorker-2] Using 6 search queries: nature, people, food, travel, architecture, animals
[2025-07-04 08:51:32,865: INFO/MainProcess] Task apps.gallery.tasks.populate_unsplash_images[fb5337c5-df1d-42e8-bb91-03a9324d2183] received
[2025-07-04 08:52:31,414: INFO/ForkPoolWorker-4] Task apps.gallery.tasks.populate_unsplash_images[6e917b7a-4d96-47da-9f61-107cea1a6781] succeeded in 93.28969194900037s: None
[2025-07-04 08:52:31,588: INFO/ForkPoolWorker-4] Fetching audios to process
[2025-07-04 08:52:32,672: INFO/MainProcess] Task apps.gallery.tasks.process_audio[fc2c66fd-d815-407d-b287-2005fbe88c0f] received
[2025-07-04 08:52:32,817: INFO/ForkPoolWorker-4] No audio files to process
[2025-07-04 08:52:33,136: INFO/ForkPoolWorker-4] Task apps.gallery.tasks.process_audio[1cce0f4a-424a-4bfc-bd7f-0c7b11c45a82] succeeded in 1.5483008519995565s: None
[2025-07-04 08:52:33,309: INFO/ForkPoolWorker-4] Fetching audios to process
[2025-07-04 08:52:34,044: INFO/MainProcess] Task apps.gallery.tasks.populate_unsplash_images[1ebe0b02-f535-4dca-8122-53ee5ebc5428] received
[2025-07-04 08:52:34,474: INFO/ForkPoolWorker-4] No audio files to process
[2025-07-04 08:52:34,794: INFO/ForkPoolWorker-4] Task apps.gallery.tasks.process_audio[e5f255af-11de-408b-87a9-9313611e76aa] succeeded in 1.4844552710001153s: None
[2025-07-04 08:52:34,967: INFO/ForkPoolWorker-4] Fetching unsplash images to process
[2025-07-04 08:52:34,967: INFO/ForkPoolWorker-4] Starting Unsplash to gcs uploader job at 2025-07-04T08:52:34.967488
[2025-07-04 08:52:34,967: INFO/ForkPoolWorker-4] Using 6 search queries: nature, people, food, travel, architecture, animals
[2025-07-04 08:52:35,684: INFO/MainProcess] Task apps.gallery.tasks.process_audio[f4a9462a-c1aa-48a1-94c0-e7abf0d3db07] received
[2025-07-04 08:52:52,148: INFO/ForkPoolWorker-3] Task apps.gallery.tasks.populate_unsplash_images[ca9d3e22-83b2-4ba2-bd04-0257cb6fb401] succeeded in 101.0640265459997s: None
[2025-07-04 08:52:52,321: INFO/ForkPoolWorker-3] Fetching audios to process
[2025-07-04 08:52:53,040: INFO/MainProcess] Task apps.gallery.tasks.populate_unsplash_images[3ec32af0-b796-4e81-b1ce-e72bee966ceb] received
[2025-07-04 08:52:53,582: INFO/ForkPoolWorker-3] No audio files to process
[2025-07-04 08:52:53,912: INFO/ForkPoolWorker-3] Task apps.gallery.tasks.process_audio[d8b465ca-2c7b-4f4e-ae93-1b458d813021] succeeded in 1.5908311000002868s: None
[2025-07-04 08:52:54,265: INFO/ForkPoolWorker-3] Fetching unsplash images to process
[2025-07-04 08:52:54,265: INFO/ForkPoolWorker-3] Starting Unsplash to gcs uploader job at 2025-07-04T08:52:54.265583
[2025-07-04 08:52:54,265: INFO/ForkPoolWorker-3] Using 6 search queries: nature, people, food, travel, architecture, animals
[2025-07-04 08:52:54,985: INFO/MainProcess] Task apps.gallery.tasks.process_audio[13d7a6ce-4acc-45c7-9005-fd1417d299cc] received
[2025-07-04 08:52:57,808: INFO/ForkPoolWorker-1] Task apps.gallery.tasks.populate_unsplash_images[add0a462-679e-408e-b887-2bd3b6e2082c] succeeded in 92.73186530400017s: None
[2025-07-04 08:52:57,979: INFO/ForkPoolWorker-1] Fetching audios to process
[2025-07-04 08:52:58,797: INFO/MainProcess] Task apps.gallery.tasks.populate_unsplash_images[1efc98d6-ffb1-4c55-a443-34a9712efbb2] received
[2025-07-04 08:52:59,186: INFO/ForkPoolWorker-1] No audio files to process
[2025-07-04 08:52:59,556: INFO/ForkPoolWorker-1] Task apps.gallery.tasks.process_audio[f02bcc00-3921-48bc-b3c0-290b7f8b78bf] succeeded in 1.5773503420005s: None
[2025-07-04 08:52:59,731: INFO/ForkPoolWorker-1] Fetching unsplash images to process
[2025-07-04 08:52:59,731: INFO/ForkPoolWorker-1] Starting Unsplash to gcs uploader job at 2025-07-04T08:52:59.731622
[2025-07-04 08:52:59,731: INFO/ForkPoolWorker-1] Using 6 search queries: nature, people, food, travel, architecture, animals
[2025-07-04 08:53:00,447: INFO/MainProcess] Task apps.gallery.tasks.process_audio[2b4dae04-bcd7-4bec-a9f8-f6632a3472f6] received
[2025-07-04 08:53:08,909: INFO/ForkPoolWorker-2] Task apps.gallery.tasks.populate_unsplash_images[22442298-9e92-40d0-be7d-ea31a7ea9ad6] succeeded in 96.76411602900043s: None
[2025-07-04 08:53:09,084: INFO/ForkPoolWorker-2] Fetching audios to process
[2025-07-04 08:53:09,977: INFO/MainProcess] Task apps.gallery.tasks.populate_unsplash_images[2515aa73-482a-4cdd-9d13-876aa4e6334c] received
[2025-07-04 08:53:10,205: INFO/ForkPoolWorker-2] No audio files to process
[2025-07-04 08:53:10,549: INFO/ForkPoolWorker-2] Task apps.gallery.tasks.process_audio[56ad3e9a-2907-48ec-ac41-a7d8c0864a8b] succeeded in 1.4649023409992878s: None
[2025-07-04 08:53:10,722: INFO/ForkPoolWorker-2] Fetching audios to process
[2025-07-04 08:53:11,441: INFO/MainProcess] Task apps.gallery.tasks.process_audio[e6d1c055-4c24-4781-9449-2df27592b7b2] received
[2025-07-04 08:53:11,946: INFO/ForkPoolWorker-2] No audio files to process
[2025-07-04 08:53:12,292: INFO/ForkPoolWorker-2] Task apps.gallery.tasks.process_audio[67e9fd46-0b24-4ab9-a8a8-50d386fa6ff6] succeeded in 1.569351547000224s: None
[2025-07-04 08:53:12,467: INFO/ForkPoolWorker-2] Fetching unsplash images to process
[2025-07-04 08:53:12,467: INFO/ForkPoolWorker-2] Starting Unsplash to gcs uploader job at 2025-07-04T08:53:12.467463
[2025-07-04 08:53:12,467: INFO/ForkPoolWorker-2] Using 6 search queries: nature, people, food, travel, architecture, animals
[2025-07-04 08:53:13,184: INFO/MainProcess] Task apps.gallery.tasks.populate_unsplash_images[014270ab-a2a5-48f4-af53-75d4010a88de] received
[2025-07-04 08:54:09,887: INFO/ForkPoolWorker-4] Task apps.gallery.tasks.populate_unsplash_images[d687eef2-ffa1-4178-88f1-2d36e3dff521] succeeded in 94.92299226699924s: None
[2025-07-04 08:54:10,068: INFO/ForkPoolWorker-4] Fetching audios to process
[2025-07-04 08:54:11,306: INFO/MainProcess] Task apps.gallery.tasks.process_audio[52ab63f1-2920-4a3d-abb7-7601fdd6034a] received
[2025-07-04 08:54:11,366: INFO/ForkPoolWorker-4] No audio files to process
[2025-07-04 08:54:11,687: INFO/ForkPoolWorker-4] Task apps.gallery.tasks.process_audio[d3ee061f-d2ee-4db4-a922-1eb24990acd1] succeeded in 1.6188223320004909s: None
[2025-07-04 08:54:11,856: INFO/ForkPoolWorker-4] Fetching unsplash images to process
[2025-07-04 08:54:11,856: INFO/ForkPoolWorker-4] Starting Unsplash to gcs uploader job at 2025-07-04T08:54:11.856843
[2025-07-04 08:54:11,856: INFO/ForkPoolWorker-4] Using 6 search queries: nature, people, food, travel, architecture, animals
[2025-07-04 08:54:12,566: INFO/MainProcess] Task apps.gallery.tasks.populate_unsplash_images[42ce4aa7-0099-4936-8202-0643fd1bfb00] received
[2025-07-04 08:54:31,971: INFO/ForkPoolWorker-3] Task apps.gallery.tasks.populate_unsplash_images[97b2173c-68e7-4fa3-82f4-f9b4830b6f3c] succeeded in 97.7083454629992s: None
[2025-07-04 08:54:32,142: INFO/ForkPoolWorker-3] Fetching audios to process
[2025-07-04 08:54:33,042: INFO/MainProcess] Task apps.gallery.tasks.process_audio[e00671c1-8aaa-4c46-99e0-77e5e8782cfe] received
[2025-07-04 08:54:33,350: INFO/ForkPoolWorker-3] No audio files to process
[2025-07-04 08:54:33,576: INFO/ForkPoolWorker-1] Task apps.gallery.tasks.populate_unsplash_images[26050f49-0798-4c18-b199-d4954bf90ff3] succeeded in 93.84767653399922s: None
[2025-07-04 08:54:33,680: INFO/ForkPoolWorker-3] Task apps.gallery.tasks.process_audio[1d9a7c05-313c-4e6a-80e7-bb2238555c05] succeeded in 1.5374110849998033s: None
[2025-07-04 08:54:33,750: INFO/ForkPoolWorker-3] Fetching unsplash images to process
[2025-07-04 08:54:33,750: INFO/ForkPoolWorker-3] Starting Unsplash to gcs uploader job at 2025-07-04T08:54:33.750389
[2025-07-04 08:54:33,750: INFO/ForkPoolWorker-1] Fetching audios to process
[2025-07-04 08:54:33,750: INFO/ForkPoolWorker-3] Using 6 search queries: nature, people, food, travel, architecture, animals
[2025-07-04 08:54:34,820: INFO/MainProcess] Task apps.gallery.tasks.populate_unsplash_images[da928115-abff-4307-acbe-00c67096709c] received
[2025-07-04 08:54:34,874: INFO/ForkPoolWorker-1] No audio files to process
[2025-07-04 08:54:35,240: INFO/ForkPoolWorker-1] Task apps.gallery.tasks.process_audio[59afce11-3fc1-4aa6-b242-242b4cb117e3] succeeded in 1.4901077470003656s: None
[2025-07-04 08:54:35,594: INFO/MainProcess] Task apps.gallery.tasks.process_audio[0bb9c7d6-4653-459d-8801-a57136d35f9b] received
[2025-07-04 08:54:35,595: INFO/ForkPoolWorker-1] Fetching unsplash images to process
[2025-07-04 08:54:35,595: INFO/ForkPoolWorker-1] Starting Unsplash to gcs uploader job at 2025-07-04T08:54:35.595344
[2025-07-04 08:54:35,595: INFO/ForkPoolWorker-1] Using 6 search queries: nature, people, food, travel, architecture, animals
[2025-07-04 08:54:36,479: INFO/MainProcess] Task apps.gallery.tasks.populate_unsplash_images[7fb8ca48-33ad-460d-bdff-0c08986f6a03] received
[2025-07-04 08:54:44,257: INFO/ForkPoolWorker-2] Task apps.gallery.tasks.populate_unsplash_images[9abdf635-5e5d-4f4f-851c-603c020494c6] succeeded in 91.79295727299996s: None
[2025-07-04 08:54:44,650: INFO/ForkPoolWorker-2] Fetching audios to process
[2025-07-04 08:54:45,363: INFO/MainProcess] Task apps.gallery.tasks.process_audio[fedc2307-6a2a-48e9-8132-a81eb7894dfc] received
[2025-07-04 08:54:45,879: INFO/ForkPoolWorker-2] No audio files to process
[2025-07-04 08:54:46,223: INFO/ForkPoolWorker-2] Task apps.gallery.tasks.process_audio[fc2c66fd-d815-407d-b287-2005fbe88c0f] succeeded in 1.573183649999919s: None
[2025-07-04 08:54:46,397: INFO/ForkPoolWorker-2] Fetching unsplash images to process
[2025-07-04 08:54:46,397: INFO/ForkPoolWorker-2] Starting Unsplash to gcs uploader job at 2025-07-04T08:54:46.397145
[2025-07-04 08:54:46,397: INFO/ForkPoolWorker-2] Using 6 search queries: nature, people, food, travel, architecture, animals
[2025-07-04 08:54:47,109: INFO/MainProcess] Task apps.gallery.tasks.populate_unsplash_images[4d8dac4f-2299-478b-9b93-fc081cb9ed74] received
[2025-07-04 08:55:45,148: INFO/ForkPoolWorker-4] Task apps.gallery.tasks.populate_unsplash_images[447e220f-3b7f-4d93-b88f-30460557f26f] succeeded in 93.29452755300008s: None
[2025-07-04 08:55:45,320: INFO/ForkPoolWorker-4] Fetching audios to process
[2025-07-04 08:55:46,390: INFO/MainProcess] Task apps.gallery.tasks.process_audio[0939ffa5-eb50-4cda-b399-8f0d7a8cc02a] received
[2025-07-04 08:55:46,528: INFO/ForkPoolWorker-4] No audio files to process
[2025-07-04 08:55:46,842: INFO/ForkPoolWorker-4] Task apps.gallery.tasks.process_audio[f4a9462a-c1aa-48a1-94c0-e7abf0d3db07] succeeded in 1.522081848000198s: None
[2025-07-04 08:55:47,040: INFO/ForkPoolWorker-4] Fetching unsplash images to process
[2025-07-04 08:55:47,040: INFO/ForkPoolWorker-4] Starting Unsplash to gcs uploader job at 2025-07-04T08:55:47.040387
[2025-07-04 08:55:47,040: INFO/ForkPoolWorker-4] Using 6 search queries: nature, people, food, travel, architecture, animals
[2025-07-04 08:55:47,750: INFO/MainProcess] Task apps.gallery.tasks.populate_unsplash_images[11373fd2-4d4c-4834-9a12-b6082f4f996c] received
[2025-07-04 08:56:03,838: INFO/ForkPoolWorker-3] Task apps.gallery.tasks.populate_unsplash_images[026f208c-7ff7-434e-8178-7f39ab105ba5] succeeded in 90.0907083660004s: None
[2025-07-04 08:56:04,009: INFO/ForkPoolWorker-3] Fetching audios to process
[2025-07-04 08:56:04,896: INFO/MainProcess] Task apps.gallery.tasks.process_audio[69331a4a-081a-4d43-87de-5b6989bdfbb9] received
[2025-07-04 08:56:05,142: INFO/ForkPoolWorker-3] No audio files to process
[2025-07-04 08:56:05,470: INFO/ForkPoolWorker-3] Task apps.gallery.tasks.process_audio[13d7a6ce-4acc-45c7-9005-fd1417d299cc] succeeded in 1.4609950570002184s: None
[2025-07-04 08:56:05,639: INFO/ForkPoolWorker-3] Fetching unsplash images to process
[2025-07-04 08:56:05,640: INFO/ForkPoolWorker-3] Starting Unsplash to gcs uploader job at 2025-07-04T08:56:05.639998
[2025-07-04 08:56:05,640: INFO/ForkPoolWorker-3] Using 6 search queries: nature, people, food, travel, architecture, animals
[2025-07-04 08:56:06,359: INFO/MainProcess] Task apps.gallery.tasks.populate_unsplash_images[2b5a2141-5030-4860-b7c1-a173dd8a4ef4] received
[2025-07-04 08:56:10,538: INFO/ForkPoolWorker-1] Task apps.gallery.tasks.populate_unsplash_images[fb5337c5-df1d-42e8-bb91-03a9324d2183] succeeded in 94.94549917899985s: None
[2025-07-04 08:56:10,711: INFO/ForkPoolWorker-1] Fetching audios to process
[2025-07-04 08:56:11,594: INFO/MainProcess] Task apps.gallery.tasks.process_audio[7ab470a8-e01f-4886-b7a0-691f68f13dc7] received
[2025-07-04 08:56:11,850: INFO/ForkPoolWorker-1] No audio files to process
[2025-07-04 08:56:12,218: INFO/ForkPoolWorker-1] Task apps.gallery.tasks.process_audio[2b4dae04-bcd7-4bec-a9f8-f6632a3472f6] succeeded in 1.5071702850000293s: None
[2025-07-04 08:56:12,389: INFO/ForkPoolWorker-1] Fetching unsplash images to process
[2025-07-04 08:56:12,389: INFO/ForkPoolWorker-1] Starting Unsplash to gcs uploader job at 2025-07-04T08:56:12.389835
[2025-07-04 08:56:12,389: INFO/ForkPoolWorker-1] Using 6 search queries: nature, people, food, travel, architecture, animals
[2025-07-04 08:56:13,102: INFO/MainProcess] Task apps.gallery.tasks.populate_unsplash_images[73851c2a-b0a4-467a-b53a-70ec7bde281e] received
[2025-07-04 08:56:18,771: INFO/ForkPoolWorker-2] Task apps.gallery.tasks.populate_unsplash_images[1ebe0b02-f535-4dca-8122-53ee5ebc5428] succeeded in 92.37765977599975s: None
[2025-07-04 08:56:18,942: INFO/ForkPoolWorker-2] Fetching audios to process
[2025-07-04 08:56:19,657: INFO/MainProcess] Task apps.gallery.tasks.process_audio[7eba95c1-469d-4ea6-ab7b-79dbe58b995a] received
[2025-07-04 08:56:20,118: INFO/ForkPoolWorker-2] No audio files to process
[2025-07-04 08:56:20,460: INFO/ForkPoolWorker-2] Task apps.gallery.tasks.process_audio[e6d1c055-4c24-4781-9449-2df27592b7b2] succeeded in 1.5176916589998655s: None
[2025-07-04 08:56:20,631: INFO/ForkPoolWorker-2] Fetching unsplash images to process
[2025-07-04 08:56:20,631: INFO/ForkPoolWorker-2] Starting Unsplash to gcs uploader job at 2025-07-04T08:56:20.631362
[2025-07-04 08:56:20,631: INFO/ForkPoolWorker-2] Using 6 search queries: nature, people, food, travel, architecture, animals
[2025-07-04 08:56:21,354: INFO/MainProcess] Task apps.gallery.tasks.populate_unsplash_images[c249a34e-f8f3-49ee-9703-37cd06e9eb03] received
[2025-07-04 08:57:18,991: INFO/ForkPoolWorker-4] Task apps.gallery.tasks.populate_unsplash_images[3ec32af0-b796-4e81-b1ce-e72bee966ceb] succeeded in 91.95364672299911s: None
[2025-07-04 08:57:19,165: INFO/ForkPoolWorker-4] Fetching audios to process
[2025-07-04 08:57:20,238: INFO/MainProcess] Task apps.gallery.tasks.process_audio[65226987-1ac1-41b7-8442-991b6bd66e7c] received
[2025-07-04 08:57:20,309: INFO/ForkPoolWorker-4] No audio files to process
[2025-07-04 08:57:20,624: INFO/ForkPoolWorker-4] Task apps.gallery.tasks.process_audio[52ab63f1-2920-4a3d-abb7-7601fdd6034a] succeeded in 1.459464773000036s: None
[2025-07-04 08:57:20,966: INFO/ForkPoolWorker-4] Fetching unsplash images to process
[2025-07-04 08:57:20,966: INFO/ForkPoolWorker-4] Starting Unsplash to gcs uploader job at 2025-07-04T08:57:20.966941
[2025-07-04 08:57:20,967: INFO/ForkPoolWorker-4] Using 6 search queries: nature, people, food, travel, architecture, animals
[2025-07-04 08:57:21,686: INFO/MainProcess] Task apps.gallery.tasks.populate_unsplash_images[f0c2c6f3-21b5-40b4-899a-97e83bf91833] received
[2025-07-04 08:57:45,073: INFO/ForkPoolWorker-1] Task apps.gallery.tasks.populate_unsplash_images[2515aa73-482a-4cdd-9d13-876aa4e6334c] succeeded in 92.6869771290003s: None
[2025-07-04 08:57:45,243: INFO/ForkPoolWorker-1] Fetching audios to process
[2025-07-04 08:57:45,961: INFO/MainProcess] Task apps.gallery.tasks.process_audio[2cc52a32-d466-4e48-a3dd-a29084cd6286] received
[2025-07-04 08:57:46,450: INFO/ForkPoolWorker-1] No audio files to process
[2025-07-04 08:57:46,649: INFO/ForkPoolWorker-3] Task apps.gallery.tasks.populate_unsplash_images[1efc98d6-ffb1-4c55-a443-34a9712efbb2] succeeded in 101.01262092700017s: None
[2025-07-04 08:57:46,813: INFO/ForkPoolWorker-1] Task apps.gallery.tasks.process_audio[e00671c1-8aaa-4c46-99e0-77e5e8782cfe] succeeded in 1.5703502100004698s: None
[2025-07-04 08:57:46,822: INFO/ForkPoolWorker-1] Fetching audios to process
[2025-07-04 08:57:46,822: INFO/ForkPoolWorker-3] Fetching unsplash images to process
[2025-07-04 08:57:46,822: INFO/ForkPoolWorker-3] Starting Unsplash to gcs uploader job at 2025-07-04T08:57:46.822922
[2025-07-04 08:57:46,822: INFO/ForkPoolWorker-3] Using 6 search queries: nature, people, food, travel, architecture, animals
[2025-07-04 08:57:47,994: INFO/ForkPoolWorker-1] No audio files to process
[2025-07-04 08:57:48,065: INFO/MainProcess] Task apps.gallery.tasks.populate_unsplash_images[b2223705-6a50-4b4f-8674-1d00fe41adb4] received
[2025-07-04 08:57:48,359: INFO/ForkPoolWorker-1] Task apps.gallery.tasks.process_audio[0bb9c7d6-4653-459d-8801-a57136d35f9b] succeeded in 1.5366583439999886s: None
[2025-07-04 08:57:48,713: INFO/MainProcess] Task apps.gallery.tasks.process_audio[a11647b4-a01a-4d69-a54c-85e98cdc893d] received
[2025-07-04 08:57:48,714: INFO/ForkPoolWorker-1] Fetching unsplash images to process
[2025-07-04 08:57:48,714: INFO/ForkPoolWorker-1] Starting Unsplash to gcs uploader job at 2025-07-04T08:57:48.714577
[2025-07-04 08:57:48,714: INFO/ForkPoolWorker-1] Using 6 search queries: nature, people, food, travel, architecture, animals
[2025-07-04 08:57:49,779: INFO/MainProcess] Task apps.gallery.tasks.populate_unsplash_images[65b8d95a-1c82-4ede-baef-810523673dfb] received
[2025-07-04 08:57:53,677: INFO/ForkPoolWorker-2] Task apps.gallery.tasks.populate_unsplash_images[014270ab-a2a5-48f4-af53-75d4010a88de] succeeded in 93.05047502100024s: None
[2025-07-04 08:57:53,934: INFO/ForkPoolWorker-2] Fetching audios to process
[2025-07-04 08:57:54,646: INFO/MainProcess] Task apps.gallery.tasks.process_audio[2f0d9b77-dea1-4b7c-8fd4-47eea7de559b] received
[2025-07-04 08:57:55,112: INFO/ForkPoolWorker-2] No audio files to process
[2025-07-04 08:57:55,449: INFO/ForkPoolWorker-2] Task apps.gallery.tasks.process_audio[fedc2307-6a2a-48e9-8132-a81eb7894dfc] succeeded in 1.514952653000364s: None
[2025-07-04 08:57:55,621: INFO/ForkPoolWorker-2] Fetching unsplash images to process
[2025-07-04 08:57:55,621: INFO/ForkPoolWorker-2] Starting Unsplash to gcs uploader job at 2025-07-04T08:57:55.621449
[2025-07-04 08:57:55,621: INFO/ForkPoolWorker-2] Using 6 search queries: nature, people, food, travel, architecture, animals
[2025-07-04 08:57:56,506: INFO/MainProcess] Task apps.gallery.tasks.populate_unsplash_images[38818cb7-0980-4a9e-953c-14b5240cf03b] received
[2025-07-04 08:58:52,217: INFO/ForkPoolWorker-4] Task apps.gallery.tasks.populate_unsplash_images[42ce4aa7-0099-4936-8202-0643fd1bfb00] succeeded in 91.25311432400031s: None
[2025-07-04 08:58:52,389: INFO/ForkPoolWorker-4] Fetching audios to process
[2025-07-04 08:58:53,633: ERROR/MainProcess] Received unregistered task of type 'apps.gallery.tasks.generate_metadata'.
The message has been ignored and discarded.

Did you remember to import the module containing this task?
Or maybe you're using relative imports?

Please see
https://docs.celeryq.dev/en/latest/internals/protocol.html
for more information.

The full contents of the message body was:
b'[[], {}, {"callbacks": null, "errbacks": null, "chain": null, "chord": null}]' (77b)

The full contents of the message headers:
{'lang': 'py', 'task': 'apps.gallery.tasks.generate_metadata', 'id': '8015fe2e-c72b-4280-846e-8086e45109fe', 'shadow': None, 'eta': None, 'expires': None, 'group': None, 'group_index': None, 'retries': 0, 'timelimit': [None, None], 'root_id': '8015fe2e-c72b-4280-846e-8086e45109fe', 'parent_id': None, 'argsrepr': '()', 'kwargsrepr': '{}', 'origin': 'gen7@63f692d7cb61', 'ignore_result': False, 'stamped_headers': None, 'stamps': {}}

The delivery info for this task is:
{'exchange': '', 'routing_key': 'celery'}
Traceback (most recent call last):
  File "/usr/local/lib/python3.12/site-packages/celery/worker/consumer/consumer.py", line 642, in on_task_received
    strategy = strategies[type_]
               ~~~~~~~~~~^^^^^^^
KeyError: 'apps.gallery.tasks.generate_metadata'
[2025-07-04 08:58:53,644: INFO/ForkPoolWorker-4] No audio files to process
[2025-07-04 08:58:53,960: INFO/ForkPoolWorker-4] Task apps.gallery.tasks.process_audio[0939ffa5-eb50-4cda-b399-8f0d7a8cc02a] succeeded in 1.5712772469996708s: None
[2025-07-04 08:58:54,501: INFO/ForkPoolWorker-4] Fetching unsplash images to process
[2025-07-04 08:58:54,501: INFO/ForkPoolWorker-4] Starting Unsplash to gcs uploader job at 2025-07-04T08:58:54.501299
[2025-07-04 08:58:54,501: INFO/ForkPoolWorker-4] Using 6 search queries: nature, people, food, travel, architecture, animals
[2025-07-04 08:58:55,048: INFO/MainProcess] Task apps.gallery.tasks.process_audio[0bf1251e-6caf-41fc-8699-0f0be39e9312] received
[2025-07-04 08:58:55,750: INFO/MainProcess] Task apps.gallery.tasks.populate_unsplash_images[812ed137-7d76-400b-a117-373f8e4ba128] received
[2025-07-04 08:59:20,513: INFO/ForkPoolWorker-1] Task apps.gallery.tasks.populate_unsplash_images[7fb8ca48-33ad-460d-bdff-0c08986f6a03] succeeded in 91.80154931900051s: None
[2025-07-04 08:59:20,691: INFO/ForkPoolWorker-1] Fetching audios to process
[2025-07-04 08:59:21,185: INFO/ForkPoolWorker-3] Task apps.gallery.tasks.populate_unsplash_images[da928115-abff-4307-acbe-00c67096709c] succeeded in 94.36680016199989s: None
[2025-07-04 08:59:21,891: INFO/ForkPoolWorker-1] No audio files to process
[2025-07-04 08:59:21,959: INFO/MainProcess] Task apps.gallery.tasks.process_audio[d4d74253-15a4-4056-8a28-d471f2125ace] received
[2025-07-04 08:59:21,960: INFO/ForkPoolWorker-3] Fetching unsplash images to process
[2025-07-04 08:59:21,960: INFO/ForkPoolWorker-3] Starting Unsplash to gcs uploader job at 2025-07-04T08:59:21.960269
[2025-07-04 08:59:21,960: INFO/ForkPoolWorker-3] Using 6 search queries: nature, people, food, travel, architecture, animals
[2025-07-04 08:59:22,258: INFO/ForkPoolWorker-1] Task apps.gallery.tasks.process_audio[69331a4a-081a-4d43-87de-5b6989bdfbb9] succeeded in 1.568541962999916s: None
[2025-07-04 08:59:22,673: INFO/ForkPoolWorker-1] Fetching audios to process
[2025-07-04 08:59:23,215: INFO/MainProcess] Task apps.gallery.tasks.populate_unsplash_images[6501ffb2-3e66-4c32-b03c-a7a431155ab7] received
[2025-07-04 08:59:23,751: INFO/MainProcess] Task apps.gallery.tasks.process_audio[42c4ed9f-bf76-4ff3-984e-9cd348b5964c] received
[2025-07-04 08:59:23,903: INFO/ForkPoolWorker-1] No audio files to process
[2025-07-04 08:59:24,274: INFO/ForkPoolWorker-1] Task apps.gallery.tasks.process_audio[7ab470a8-e01f-4886-b7a0-691f68f13dc7] succeeded in 1.600767992999863s: None
[2025-07-04 08:59:24,452: INFO/ForkPoolWorker-1] Fetching unsplash images to process
[2025-07-04 08:59:24,452: INFO/ForkPoolWorker-1] Starting Unsplash to gcs uploader job at 2025-07-04T08:59:24.452628
[2025-07-04 08:59:24,452: INFO/ForkPoolWorker-1] Using 6 search queries: nature, people, food, travel, architecture, animals
[2025-07-04 08:59:25,177: INFO/MainProcess] Task apps.gallery.tasks.populate_unsplash_images[7792098c-80b9-4da2-83f1-5d23a266df28] received
[2025-07-04 08:59:27,327: INFO/ForkPoolWorker-2] Task apps.gallery.tasks.populate_unsplash_images[4d8dac4f-2299-478b-9b93-fc081cb9ed74] succeeded in 91.70923700100047s: None
[2025-07-04 08:59:27,509: INFO/ForkPoolWorker-2] Fetching audios to process
[2025-07-04 08:59:28,229: INFO/MainProcess] Task apps.gallery.tasks.process_audio[e0eac080-b355-47e4-be83-f819946bf8d6] received
[2025-07-04 08:59:28,634: INFO/ForkPoolWorker-2] No audio files to process
[2025-07-04 08:59:28,986: INFO/ForkPoolWorker-2] Task apps.gallery.tasks.process_audio[7eba95c1-469d-4ea6-ab7b-79dbe58b995a] succeeded in 1.4772787160000007s: None
[2025-07-04 08:59:29,165: INFO/ForkPoolWorker-2] Fetching unsplash images to process
[2025-07-04 08:59:29,165: INFO/ForkPoolWorker-2] Starting Unsplash to gcs uploader job at 2025-07-04T08:59:29.165756
[2025-07-04 08:59:29,165: INFO/ForkPoolWorker-2] Using 6 search queries: nature, people, food, travel, architecture, animals
[2025-07-04 08:59:29,889: INFO/MainProcess] Task apps.gallery.tasks.populate_unsplash_images[b53b392b-3aee-4ea3-bdbf-2f0dba651dad] received
[2025-07-04 09:00:26,341: INFO/ForkPoolWorker-4] Task apps.gallery.tasks.populate_unsplash_images[11373fd2-4d4c-4834-9a12-b6082f4f996c] succeeded in 91.84328987200024s: None
[2025-07-04 09:00:26,515: INFO/ForkPoolWorker-4] Fetching audios to process
[2025-07-04 09:00:27,608: INFO/MainProcess] Task apps.gallery.tasks.process_audio[e0c49b22-3e79-4953-8410-49f66822b5b1] received
[2025-07-04 09:00:27,682: INFO/ForkPoolWorker-4] No audio files to process
[2025-07-04 09:00:27,997: INFO/ForkPoolWorker-4] Task apps.gallery.tasks.process_audio[65226987-1ac1-41b7-8442-991b6bd66e7c] succeeded in 1.4822565680005937s: None
[2025-07-04 09:00:28,170: INFO/ForkPoolWorker-4] Fetching unsplash images to process
[2025-07-04 09:00:28,171: INFO/ForkPoolWorker-4] Starting Unsplash to gcs uploader job at 2025-07-04T09:00:28.171065
[2025-07-04 09:00:28,171: INFO/ForkPoolWorker-4] Using 6 search queries: nature, people, food, travel, architecture, animals
[2025-07-04 09:00:28,877: INFO/MainProcess] Task apps.gallery.tasks.populate_unsplash_images[2924707e-83a0-4eca-897c-bbf36572a7fe] received
[2025-07-04 09:00:52,305: INFO/ForkPoolWorker-3] Task apps.gallery.tasks.populate_unsplash_images[2b5a2141-5030-4860-b7c1-a173dd8a4ef4] succeeded in 90.34869084000002s: None
[2025-07-04 09:00:52,478: INFO/ForkPoolWorker-3] Fetching audios to process
[2025-07-04 09:00:53,194: INFO/MainProcess] Task apps.gallery.tasks.process_audio[863a6cea-b9ed-4696-ba2f-187a629bd509] received
[2025-07-04 09:00:53,734: INFO/ForkPoolWorker-3] No audio files to process
[2025-07-04 09:00:54,067: INFO/ForkPoolWorker-3] Task apps.gallery.tasks.process_audio[2cc52a32-d466-4e48-a3dd-a29084cd6286] succeeded in 1.5891615090004052s: None
[2025-07-04 09:00:54,239: INFO/ForkPoolWorker-3] Fetching unsplash images to process
[2025-07-04 09:00:54,239: INFO/ForkPoolWorker-3] Starting Unsplash to gcs uploader job at 2025-07-04T09:00:54.239459
[2025-07-04 09:00:54,239: INFO/ForkPoolWorker-3] Using 6 search queries: nature, people, food, travel, architecture, animals
[2025-07-04 09:00:54,956: INFO/MainProcess] Task apps.gallery.tasks.populate_unsplash_images[4ee5c4d4-81c9-4cda-ac8e-72381518058e] received
[2025-07-04 09:00:58,508: INFO/ForkPoolWorker-1] Task apps.gallery.tasks.populate_unsplash_images[73851c2a-b0a4-467a-b53a-70ec7bde281e] succeeded in 94.05896419400051s: None
[2025-07-04 09:00:58,685: INFO/ForkPoolWorker-1] Fetching audios to process
[2025-07-04 09:00:59,403: INFO/MainProcess] Task apps.gallery.tasks.process_audio[0dba7af5-d6f3-47c7-b2da-660060c88b5f] received
[2025-07-04 09:00:59,965: INFO/ForkPoolWorker-1] No audio files to process
[2025-07-04 09:01:00,332: INFO/ForkPoolWorker-1] Task apps.gallery.tasks.process_audio[a11647b4-a01a-4d69-a54c-85e98cdc893d] succeeded in 1.6466361389993835s: None
[2025-07-04 09:01:00,504: INFO/ForkPoolWorker-1] Fetching unsplash images to process
[2025-07-04 09:01:00,505: INFO/ForkPoolWorker-1] Starting Unsplash to gcs uploader job at 2025-07-04T09:01:00.505004
[2025-07-04 09:01:00,505: INFO/ForkPoolWorker-1] Using 6 search queries: nature, people, food, travel, architecture, animals
[2025-07-04 09:01:01,217: INFO/MainProcess] Task apps.gallery.tasks.populate_unsplash_images[79ec36f1-b3aa-49eb-97c1-4d368aa08837] received
[2025-07-04 09:01:05,723: INFO/ForkPoolWorker-2] Task apps.gallery.tasks.populate_unsplash_images[c249a34e-f8f3-49ee-9703-37cd06e9eb03] succeeded in 96.56054732499979s: None
[2025-07-04 09:01:05,897: INFO/ForkPoolWorker-2] Fetching audios to process
[2025-07-04 09:01:06,756: INFO/MainProcess] Task apps.gallery.tasks.process_audio[1a055e3e-7bd4-4423-b9ba-d1dbc3237a6b] received
[2025-07-04 09:01:07,080: INFO/ForkPoolWorker-2] No audio files to process
[2025-07-04 09:01:07,421: INFO/ForkPoolWorker-2] Task apps.gallery.tasks.process_audio[2f0d9b77-dea1-4b7c-8fd4-47eea7de559b] succeeded in 1.5242940130001443s: None
[2025-07-04 09:01:07,596: INFO/ForkPoolWorker-2] Fetching unsplash images to process
[2025-07-04 09:01:07,596: INFO/ForkPoolWorker-2] Starting Unsplash to gcs uploader job at 2025-07-04T09:01:07.596777
[2025-07-04 09:01:07,596: INFO/ForkPoolWorker-2] Using 6 search queries: nature, people, food, travel, architecture, animals
[2025-07-04 09:01:08,306: INFO/MainProcess] Task apps.gallery.tasks.populate_unsplash_images[956afbd4-9dcb-44e2-a6c7-80866cbc8318] received
[2025-07-04 09:02:01,028: INFO/ForkPoolWorker-4] Task apps.gallery.tasks.populate_unsplash_images[f0c2c6f3-21b5-40b4-899a-97e83bf91833] succeeded in 92.86072951000006s: None
[2025-07-04 09:02:01,202: INFO/ForkPoolWorker-4] Fetching audios to process
[2025-07-04 09:02:02,267: INFO/MainProcess] Task apps.gallery.tasks.process_audio[ccbce108-4ae8-42a7-9549-5d3045d6396e] received
[2025-07-04 09:02:02,361: INFO/ForkPoolWorker-4] No audio files to process
[2025-07-04 09:02:02,674: INFO/ForkPoolWorker-4] Task apps.gallery.tasks.process_audio[0bf1251e-6caf-41fc-8699-0f0be39e9312] succeeded in 1.4726889479998135s: None
[2025-07-04 09:02:02,848: INFO/ForkPoolWorker-4] Fetching unsplash images to process
[2025-07-04 09:02:02,848: INFO/ForkPoolWorker-4] Starting Unsplash to gcs uploader job at 2025-07-04T09:02:02.848137
[2025-07-04 09:02:02,848: INFO/ForkPoolWorker-4] Using 6 search queries: nature, people, food, travel, architecture, animals
[2025-07-04 09:02:03,737: INFO/MainProcess] Task apps.gallery.tasks.populate_unsplash_images[98e5c8e5-b2d1-4092-9a55-ae824f9f7fe3] received
[2025-07-04 09:02:30,257: INFO/ForkPoolWorker-3] Task apps.gallery.tasks.populate_unsplash_images[b2223705-6a50-4b4f-8674-1d00fe41adb4] succeeded in 96.0205649440004s: None
[2025-07-04 09:02:30,431: INFO/ForkPoolWorker-3] Fetching audios to process
[2025-07-04 09:02:31,499: INFO/MainProcess] Task apps.gallery.tasks.process_audio[95243bb6-2433-496c-abdb-2e65df73f892] received
[2025-07-04 09:02:31,676: INFO/ForkPoolWorker-3] No audio files to process
[2025-07-04 09:02:32,006: INFO/ForkPoolWorker-3] Task apps.gallery.tasks.process_audio[d4d74253-15a4-4056-8a28-d471f2125ace] succeeded in 1.5750476530001833s: None
[2025-07-04 09:02:32,182: INFO/ForkPoolWorker-3] Fetching unsplash images to process
[2025-07-04 09:02:32,182: INFO/ForkPoolWorker-3] Starting Unsplash to gcs uploader job at 2025-07-04T09:02:32.182841
[2025-07-04 09:02:32,182: INFO/ForkPoolWorker-3] Using 6 search queries: nature, people, food, travel, architecture, animals
[2025-07-04 09:02:32,900: INFO/MainProcess] Task apps.gallery.tasks.populate_unsplash_images[e4c9f07a-76b9-4d41-8fd0-842bf75e4033] received
[2025-07-04 09:02:33,692: INFO/ForkPoolWorker-1] Task apps.gallery.tasks.populate_unsplash_images[65b8d95a-1c82-4ede-baef-810523673dfb] succeeded in 93.19000606400004s: None
[2025-07-04 09:02:34,038: INFO/ForkPoolWorker-1] Fetching audios to process
[2025-07-04 09:02:34,750: INFO/MainProcess] Task apps.gallery.tasks.process_audio[62ef1a27-b520-4805-8d55-e014383c365b] received
[2025-07-04 09:02:35,167: INFO/ForkPoolWorker-1] No audio files to process
[2025-07-04 09:02:35,531: INFO/ForkPoolWorker-1] Task apps.gallery.tasks.process_audio[42c4ed9f-bf76-4ff3-984e-9cd348b5964c] succeeded in 1.4930489640000815s: None
[2025-07-04 09:02:35,701: INFO/ForkPoolWorker-1] Fetching unsplash images to process
[2025-07-04 09:02:35,701: INFO/ForkPoolWorker-1] Starting Unsplash to gcs uploader job at 2025-07-04T09:02:35.701787
[2025-07-04 09:02:35,701: INFO/ForkPoolWorker-1] Using 6 search queries: nature, people, food, travel, architecture, animals
[2025-07-04 09:02:36,598: INFO/MainProcess] Task apps.gallery.tasks.populate_unsplash_images[4968a17c-7ecd-43d9-ae80-e8a6d527e154] received
[2025-07-04 09:02:42,354: INFO/ForkPoolWorker-2] Task apps.gallery.tasks.populate_unsplash_images[38818cb7-0980-4a9e-953c-14b5240cf03b] succeeded in 94.76026021500002s: None
[2025-07-04 09:02:42,527: INFO/ForkPoolWorker-2] Fetching audios to process
[2025-07-04 09:02:43,410: INFO/MainProcess] Task apps.gallery.tasks.process_audio[97384114-ab06-4a31-b542-3c5fe064f665] received
[2025-07-04 09:02:43,661: INFO/ForkPoolWorker-2] No audio files to process
[2025-07-04 09:02:44,002: INFO/ForkPoolWorker-2] Task apps.gallery.tasks.process_audio[e0eac080-b355-47e4-be83-f819946bf8d6] succeeded in 1.475311664000401s: None
[2025-07-04 09:02:44,174: INFO/ForkPoolWorker-2] Fetching unsplash images to process
[2025-07-04 09:02:44,174: INFO/ForkPoolWorker-2] Starting Unsplash to gcs uploader job at 2025-07-04T09:02:44.174456
[2025-07-04 09:02:44,174: INFO/ForkPoolWorker-2] Using 6 search queries: nature, people, food, travel, architecture, animals
[2025-07-04 09:02:44,895: INFO/MainProcess] Task apps.gallery.tasks.populate_unsplash_images[298584a5-a8a7-46ca-9afe-30489fb25730] received
[2025-07-04 09:03:36,383: INFO/ForkPoolWorker-4] Task apps.gallery.tasks.populate_unsplash_images[812ed137-7d76-400b-a117-373f8e4ba128] succeeded in 93.53784529200038s: None
[2025-07-04 09:03:36,555: INFO/ForkPoolWorker-4] Fetching audios to process
[2025-07-04 09:03:37,636: INFO/MainProcess] Task apps.gallery.tasks.populate_unsplash_images[fc65723f-6d5c-4193-b1cb-4e6f92c6a525] received
[2025-07-04 09:03:37,781: INFO/ForkPoolWorker-4] No audio files to process
[2025-07-04 09:03:38,102: INFO/ForkPoolWorker-4] Task apps.gallery.tasks.process_audio[e0c49b22-3e79-4953-8410-49f66822b5b1] succeeded in 1.5478393520006648s: None
[2025-07-04 09:03:38,279: INFO/ForkPoolWorker-4] Fetching unsplash images to process
[2025-07-04 09:03:38,279: INFO/ForkPoolWorker-4] Starting Unsplash to gcs uploader job at 2025-07-04T09:03:38.279673
[2025-07-04 09:03:38,279: INFO/ForkPoolWorker-4] Using 6 search queries: nature, people, food, travel, architecture, animals
[2025-07-04 09:03:38,997: INFO/MainProcess] Task apps.gallery.tasks.process_audio[6ea5e40d-a032-40ee-a9c7-370ada7a1875] received
[2025-07-04 09:04:04,231: INFO/ForkPoolWorker-3] Task apps.gallery.tasks.populate_unsplash_images[6501ffb2-3e66-4c32-b03c-a7a431155ab7] succeeded in 92.05211856299957s: None
[2025-07-04 09:04:04,403: INFO/ForkPoolWorker-3] Fetching audios to process
[2025-07-04 09:04:05,488: INFO/MainProcess] Task apps.gallery.tasks.process_audio[d8020a7d-80e6-42f8-9d7d-825728995693] received
[2025-07-04 09:04:05,561: INFO/ForkPoolWorker-3] No audio files to process
[2025-07-04 09:04:05,889: INFO/ForkPoolWorker-3] Task apps.gallery.tasks.process_audio[863a6cea-b9ed-4696-ba2f-187a629bd509] succeeded in 1.4860299100000702s: None
[2025-07-04 09:04:06,061: INFO/ForkPoolWorker-3] Fetching unsplash images to process
[2025-07-04 09:04:06,061: INFO/ForkPoolWorker-3] Starting Unsplash to gcs uploader job at 2025-07-04T09:04:06.061499
[2025-07-04 09:04:06,061: INFO/ForkPoolWorker-3] Using 6 search queries: nature, people, food, travel, architecture, animals
[2025-07-04 09:04:06,769: INFO/MainProcess] Task apps.gallery.tasks.populate_unsplash_images[1bcbf1cd-3116-4f53-94bc-4a35dd33703f] received
[2025-07-04 09:04:10,489: INFO/ForkPoolWorker-1] Task apps.gallery.tasks.populate_unsplash_images[7792098c-80b9-4da2-83f1-5d23a266df28] succeeded in 94.79078106299949s: None
[2025-07-04 09:04:10,660: INFO/ForkPoolWorker-1] Fetching audios to process
[2025-07-04 09:04:11,546: INFO/MainProcess] Task apps.gallery.tasks.process_audio[674756ab-bb68-40e2-8425-e9ef6043efe1] received
[2025-07-04 09:04:11,850: INFO/ForkPoolWorker-1] No audio files to process
[2025-07-04 09:04:12,215: INFO/ForkPoolWorker-1] Task apps.gallery.tasks.process_audio[0dba7af5-d6f3-47c7-b2da-660060c88b5f] succeeded in 1.5545519779998358s: None
[2025-07-04 09:04:12,510: INFO/ForkPoolWorker-1] Fetching unsplash images to process
[2025-07-04 09:04:12,510: INFO/ForkPoolWorker-1] Starting Unsplash to gcs uploader job at 2025-07-04T09:04:12.510784
[2025-07-04 09:04:12,510: INFO/ForkPoolWorker-1] Using 6 search queries: nature, people, food, travel, architecture, animals
[2025-07-04 09:04:13,223: INFO/MainProcess] Task apps.gallery.tasks.populate_unsplash_images[346ac33c-4e8e-44a5-9f4b-56f035b64f90] received
[2025-07-04 09:04:20,414: INFO/ForkPoolWorker-2] Task apps.gallery.tasks.populate_unsplash_images[b53b392b-3aee-4ea3-bdbf-2f0dba651dad] succeeded in 96.24332193800001s: None
[2025-07-04 09:04:20,585: INFO/ForkPoolWorker-2] Fetching audios to process
[2025-07-04 09:04:21,465: INFO/MainProcess] Task apps.gallery.tasks.process_audio[a3d56f1d-c5cc-40cf-9fff-79ac29442580] received
[2025-07-04 09:04:21,755: INFO/ForkPoolWorker-2] No audio files to process
[2025-07-04 09:04:22,096: INFO/ForkPoolWorker-2] Task apps.gallery.tasks.process_audio[1a055e3e-7bd4-4423-b9ba-d1dbc3237a6b] succeeded in 1.5117495929998768s: None
[2025-07-04 09:04:22,269: INFO/ForkPoolWorker-2] Fetching unsplash images to process
[2025-07-04 09:04:22,269: INFO/ForkPoolWorker-2] Starting Unsplash to gcs uploader job at 2025-07-04T09:04:22.269548
[2025-07-04 09:04:22,269: INFO/ForkPoolWorker-2] Using 6 search queries: nature, people, food, travel, architecture, animals
[2025-07-04 09:04:22,977: INFO/MainProcess] Task apps.gallery.tasks.populate_unsplash_images[67ac3a63-4501-4207-b22a-84d47f933cb0] received
[2025-07-04 09:05:16,628: INFO/ForkPoolWorker-4] Task apps.gallery.tasks.populate_unsplash_images[2924707e-83a0-4eca-897c-bbf36572a7fe] succeeded in 98.35151569499976s: None
[2025-07-04 09:05:16,802: INFO/ForkPoolWorker-4] Fetching audios to process
[2025-07-04 09:05:17,930: INFO/ForkPoolWorker-4] No audio files to process
[2025-07-04 09:05:18,102: INFO/MainProcess] Task apps.gallery.tasks.populate_unsplash_images[0b2f0252-64eb-4730-a582-265f8ba3c96b] received
[2025-07-04 09:05:18,243: INFO/ForkPoolWorker-4] Task apps.gallery.tasks.process_audio[ccbce108-4ae8-42a7-9549-5d3045d6396e] succeeded in 1.4404312099995877s: None
[2025-07-04 09:05:18,448: INFO/ForkPoolWorker-4] Fetching unsplash images to process
[2025-07-04 09:05:18,449: INFO/ForkPoolWorker-4] Starting Unsplash to gcs uploader job at 2025-07-04T09:05:18.449059
[2025-07-04 09:05:18,449: INFO/ForkPoolWorker-4] Using 6 search queries: nature, people, food, travel, architecture, animals
[2025-07-04 09:05:19,158: INFO/MainProcess] Task apps.gallery.tasks.process_audio[14eea1e2-9c3a-45b9-b161-cd8d23aeaa79] received
[2025-07-04 09:05:38,223: INFO/ForkPoolWorker-3] Task apps.gallery.tasks.populate_unsplash_images[4ee5c4d4-81c9-4cda-ac8e-72381518058e] succeeded in 92.16510803100027s: None
[2025-07-04 09:05:38,399: INFO/ForkPoolWorker-3] Fetching audios to process
[2025-07-04 09:05:39,106: INFO/MainProcess] Task apps.gallery.tasks.process_audio[2c74e725-4318-45df-a6a2-2eacfc621d09] received
[2025-07-04 09:05:39,528: INFO/ForkPoolWorker-3] No audio files to process
[2025-07-04 09:05:39,857: INFO/ForkPoolWorker-3] Task apps.gallery.tasks.process_audio[95243bb6-2433-496c-abdb-2e65df73f892] succeeded in 1.4584003509999093s: None
[2025-07-04 09:05:40,032: INFO/ForkPoolWorker-3] Fetching unsplash images to process
[2025-07-04 09:05:40,033: INFO/ForkPoolWorker-3] Starting Unsplash to gcs uploader job at 2025-07-04T09:05:40.033019
[2025-07-04 09:05:40,033: INFO/ForkPoolWorker-3] Using 6 search queries: nature, people, food, travel, architecture, animals
[2025-07-04 09:05:40,742: INFO/MainProcess] Task apps.gallery.tasks.populate_unsplash_images[4e80bcf8-400c-44e2-a067-3beb3271e70e] received
[2025-07-04 09:05:44,587: INFO/ForkPoolWorker-1] Task apps.gallery.tasks.populate_unsplash_images[79ec36f1-b3aa-49eb-97c1-4d368aa08837] succeeded in 92.08022708099998s: None
[2025-07-04 09:05:44,759: INFO/ForkPoolWorker-1] Fetching audios to process
[2025-07-04 09:05:45,478: INFO/MainProcess] Task apps.gallery.tasks.process_audio[85015932-458e-4691-8a7e-93a88e9f6877] received
[2025-07-04 09:05:45,925: INFO/ForkPoolWorker-1] No audio files to process
[2025-07-04 09:05:46,289: INFO/ForkPoolWorker-1] Task apps.gallery.tasks.process_audio[62ef1a27-b520-4805-8d55-e014383c365b] succeeded in 1.5304931959999521s: None
[2025-07-04 09:05:46,460: INFO/ForkPoolWorker-1] Fetching unsplash images to process
[2025-07-04 09:05:46,460: INFO/ForkPoolWorker-1] Starting Unsplash to gcs uploader job at 2025-07-04T09:05:46.460723
[2025-07-04 09:05:46,460: INFO/ForkPoolWorker-1] Using 6 search queries: nature, people, food, travel, architecture, animals
[2025-07-04 09:05:47,170: INFO/MainProcess] Task apps.gallery.tasks.populate_unsplash_images[3488ecaa-5c9a-4a54-a382-923158b42978] received
[2025-07-04 09:05:57,388: INFO/ForkPoolWorker-2] Task apps.gallery.tasks.populate_unsplash_images[956afbd4-9dcb-44e2-a6c7-80866cbc8318] succeeded in 95.12226329999976s: None
[2025-07-04 09:05:57,561: INFO/ForkPoolWorker-2] Fetching audios to process
[2025-07-04 09:05:58,274: INFO/MainProcess] Task apps.gallery.tasks.process_audio[269f35cb-ea38-41a7-bc41-f610d309941e] received
[2025-07-04 09:05:58,855: INFO/ForkPoolWorker-2] No audio files to process
[2025-07-04 09:05:59,197: INFO/ForkPoolWorker-2] Task apps.gallery.tasks.process_audio[97384114-ab06-4a31-b542-3c5fe064f665] succeeded in 1.6358939320007266s: None
[2025-07-04 09:05:59,477: INFO/ForkPoolWorker-2] Fetching unsplash images to process
[2025-07-04 09:05:59,477: INFO/ForkPoolWorker-2] Starting Unsplash to gcs uploader job at 2025-07-04T09:05:59.477308
[2025-07-04 09:05:59,477: INFO/ForkPoolWorker-2] Using 6 search queries: nature, people, food, travel, architecture, animals
[2025-07-04 09:06:00,190: INFO/MainProcess] Task apps.gallery.tasks.populate_unsplash_images[b286608f-abd9-4d4b-bbfa-39277f6a68c7] received
[2025-07-04 09:06:50,587: INFO/ForkPoolWorker-4] Task apps.gallery.tasks.populate_unsplash_images[98e5c8e5-b2d1-4092-9a55-ae824f9f7fe3] succeeded in 92.14216749299976s: None
[2025-07-04 09:06:50,759: INFO/ForkPoolWorker-4] Fetching unsplash images to process
[2025-07-04 09:06:50,759: INFO/ForkPoolWorker-4] Starting Unsplash to gcs uploader job at 2025-07-04T09:06:50.759112
[2025-07-04 09:06:50,759: INFO/ForkPoolWorker-4] Using 6 search queries: nature, people, food, travel, architecture, animals
[2025-07-04 09:06:51,653: INFO/MainProcess] Task apps.gallery.tasks.process_audio[edadc1c1-abc7-4b15-89ba-951dcdc19e81] received
[2025-07-04 09:07:16,999: INFO/ForkPoolWorker-3] Task apps.gallery.tasks.populate_unsplash_images[e4c9f07a-76b9-4d41-8fd0-842bf75e4033] succeeded in 96.96965159699994s: None
[2025-07-04 09:07:17,162: INFO/ForkPoolWorker-3] Fetching audios to process
[2025-07-04 09:07:18,295: INFO/MainProcess] Task apps.gallery.tasks.populate_unsplash_images[ed20840e-a585-4aa1-a657-c5477f37107f] received
[2025-07-04 09:07:18,330: INFO/ForkPoolWorker-3] No audio files to process
[2025-07-04 09:07:18,549: INFO/ForkPoolWorker-1] Task apps.gallery.tasks.populate_unsplash_images[4968a17c-7ecd-43d9-ae80-e8a6d527e154] succeeded in 92.09135607999997s: None
[2025-07-04 09:07:18,661: INFO/ForkPoolWorker-3] Task apps.gallery.tasks.process_audio[6ea5e40d-a032-40ee-a9c7-370ada7a1875] succeeded in 1.498792979999962s: None
[2025-07-04 09:07:18,713: INFO/ForkPoolWorker-3] Fetching audios to process
[2025-07-04 09:07:18,713: INFO/ForkPoolWorker-1] Fetching unsplash images to process
[2025-07-04 09:07:18,714: INFO/ForkPoolWorker-1] Starting Unsplash to gcs uploader job at 2025-07-04T09:07:18.714048
[2025-07-04 09:07:18,714: INFO/ForkPoolWorker-1] Using 6 search queries: nature, people, food, travel, architecture, animals
[2025-07-04 09:07:19,766: INFO/MainProcess] Task apps.gallery.tasks.process_audio[03d71dee-b6ae-422e-a923-e305d213e654] received
[2025-07-04 09:07:19,923: INFO/ForkPoolWorker-3] No audio files to process
[2025-07-04 09:07:20,254: INFO/ForkPoolWorker-3] Task apps.gallery.tasks.process_audio[d8020a7d-80e6-42f8-9d7d-825728995693] succeeded in 1.5403651779997745s: None
[2025-07-04 09:07:20,284: INFO/MainProcess] Task apps.gallery.tasks.populate_unsplash_images[ad6dac7c-8890-453e-a3ef-1900f7355da0] received
[2025-07-04 09:07:20,773: INFO/ForkPoolWorker-3] Fetching audios to process
[2025-07-04 09:07:21,479: INFO/MainProcess] Task apps.gallery.tasks.process_audio[a4a621ba-67a7-4caa-ba00-f4080761d5b9] received
[2025-07-04 09:07:21,995: INFO/ForkPoolWorker-3] No audio files to process
[2025-07-04 09:07:22,325: INFO/ForkPoolWorker-3] Task apps.gallery.tasks.process_audio[674756ab-bb68-40e2-8425-e9ef6043efe1] succeeded in 1.553315102999477s: None
[2025-07-04 09:07:22,495: INFO/ForkPoolWorker-3] Fetching unsplash images to process
[2025-07-04 09:07:22,495: INFO/ForkPoolWorker-3] Starting Unsplash to gcs uploader job at 2025-07-04T09:07:22.495789
[2025-07-04 09:07:22,495: INFO/ForkPoolWorker-3] Using 6 search queries: nature, people, food, travel, architecture, animals
[2025-07-04 09:07:23,358: INFO/MainProcess] Task apps.gallery.tasks.populate_unsplash_images[fa67a932-9222-4344-8361-7bacaecfa45c] received
[2025-07-04 09:07:31,372: INFO/ForkPoolWorker-2] Task apps.gallery.tasks.populate_unsplash_images[298584a5-a8a7-46ca-9afe-30489fb25730] succeeded in 91.89874775099997s: None
[2025-07-04 09:07:31,719: INFO/ForkPoolWorker-2] Fetching audios to process
[2025-07-04 09:07:32,431: INFO/MainProcess] Task apps.gallery.tasks.process_audio[ec1a0bd7-30dd-4cbf-a6b7-7d5d547aab94] received
[2025-07-04 09:07:32,837: INFO/ForkPoolWorker-2] No audio files to process
[2025-07-04 09:07:33,222: INFO/ForkPoolWorker-2] Task apps.gallery.tasks.process_audio[a3d56f1d-c5cc-40cf-9fff-79ac29442580] succeeded in 1.5038675209998473s: None
[2025-07-04 09:07:33,409: INFO/ForkPoolWorker-2] Fetching unsplash images to process
[2025-07-04 09:07:33,409: INFO/ForkPoolWorker-2] Starting Unsplash to gcs uploader job at 2025-07-04T09:07:33.409915
[2025-07-04 09:07:33,409: INFO/ForkPoolWorker-2] Using 6 search queries: nature, people, food, travel, architecture, animals
[2025-07-04 09:07:34,291: INFO/MainProcess] Task apps.gallery.tasks.populate_unsplash_images[e9b9d512-0c2b-4fdf-9563-d0e1b8c0c810] received
[2025-07-04 09:08:25,749: INFO/ForkPoolWorker-4] Task apps.gallery.tasks.populate_unsplash_images[fc65723f-6d5c-4193-b1cb-4e6f92c6a525] succeeded in 94.99415666499954s: None
[2025-07-04 09:08:25,981: INFO/ForkPoolWorker-4] Fetching unsplash images to process
[2025-07-04 09:08:25,981: INFO/ForkPoolWorker-4] Starting Unsplash to gcs uploader job at 2025-07-04T09:08:25.981367
[2025-07-04 09:08:25,981: INFO/ForkPoolWorker-4] Using 6 search queries: nature, people, food, travel, architecture, animals
[2025-07-04 09:08:27,278: INFO/MainProcess] Task apps.gallery.tasks.populate_unsplash_images[b9842903-7428-4d0e-a973-a3e84239bc20] received
[2025-07-04 09:08:49,314: INFO/ForkPoolWorker-1] Task apps.gallery.tasks.populate_unsplash_images[1bcbf1cd-3116-4f53-94bc-4a35dd33703f] succeeded in 90.60385951599983s: None
[2025-07-04 09:08:49,484: INFO/ForkPoolWorker-1] Fetching audios to process
[2025-07-04 09:08:50,198: INFO/MainProcess] Task apps.gallery.tasks.populate_unsplash_images[53ba46e2-9839-43f1-92cb-59d64d1e8ae8] received
[2025-07-04 09:08:50,633: INFO/ForkPoolWorker-1] No audio files to process
[2025-07-04 09:08:50,996: INFO/ForkPoolWorker-1] Task apps.gallery.tasks.process_audio[14eea1e2-9c3a-45b9-b161-cd8d23aeaa79] succeeded in 1.5133264750002127s: None
[2025-07-04 09:08:51,169: INFO/ForkPoolWorker-1] Fetching audios to process
[2025-07-04 09:08:51,885: INFO/MainProcess] Task apps.gallery.tasks.process_audio[d15881a6-796f-43d8-b006-edb12dfb5ed2] received
[2025-07-04 09:08:52,285: INFO/ForkPoolWorker-1] No audio files to process
[2025-07-04 09:08:52,651: INFO/ForkPoolWorker-1] Task apps.gallery.tasks.process_audio[2c74e725-4318-45df-a6a2-2eacfc621d09] succeeded in 1.4817423469994537s: None
[2025-07-04 09:08:52,825: INFO/ForkPoolWorker-1] Fetching unsplash images to process
[2025-07-04 09:08:52,825: INFO/ForkPoolWorker-1] Starting Unsplash to gcs uploader job at 2025-07-04T09:08:52.825607
[2025-07-04 09:08:52,825: INFO/ForkPoolWorker-1] Using 6 search queries: nature, people, food, travel, architecture, animals
[2025-07-04 09:08:53,713: INFO/MainProcess] Task apps.gallery.tasks.populate_unsplash_images[e22089e0-e6f8-45bb-b8e8-c6a18e3d29db] received
[2025-07-04 09:09:00,671: INFO/ForkPoolWorker-3] Task apps.gallery.tasks.populate_unsplash_images[346ac33c-4e8e-44a5-9f4b-56f035b64f90] succeeded in 98.17946497100002s: None
[2025-07-04 09:09:00,843: INFO/ForkPoolWorker-3] Fetching audios to process
[2025-07-04 09:09:01,561: INFO/MainProcess] Task apps.gallery.tasks.process_audio[88a53ae2-4aa4-4005-9e53-ea56a7064d45] received
[2025-07-04 09:09:02,042: INFO/ForkPoolWorker-3] No audio files to process
[2025-07-04 09:09:02,369: INFO/ForkPoolWorker-3] Task apps.gallery.tasks.process_audio[85015932-458e-4691-8a7e-93a88e9f6877] succeeded in 1.5260071000002426s: None
[2025-07-04 09:09:02,541: INFO/ForkPoolWorker-3] Fetching unsplash images to process
[2025-07-04 09:09:02,541: INFO/ForkPoolWorker-3] Starting Unsplash to gcs uploader job at 2025-07-04T09:09:02.541656
[2025-07-04 09:09:02,541: INFO/ForkPoolWorker-3] Using 6 search queries: nature, people, food, travel, architecture, animals
[2025-07-04 09:09:03,254: INFO/MainProcess] Task apps.gallery.tasks.populate_unsplash_images[d114e5fb-da96-4865-8064-d35252edd091] received
[2025-07-04 09:09:09,393: INFO/ForkPoolWorker-2] Task apps.gallery.tasks.populate_unsplash_images[67ac3a63-4501-4207-b22a-84d47f933cb0] succeeded in 95.98667720499998s: None
[2025-07-04 09:09:09,570: INFO/ForkPoolWorker-2] Fetching audios to process
[2025-07-04 09:09:10,283: INFO/MainProcess] Task apps.gallery.tasks.process_audio[0715be42-4a78-4d50-a2fa-3552731c1d39] received
[2025-07-04 09:09:10,692: INFO/ForkPoolWorker-2] No audio files to process
[2025-07-04 09:09:11,032: INFO/ForkPoolWorker-2] Task apps.gallery.tasks.process_audio[269f35cb-ea38-41a7-bc41-f610d309941e] succeeded in 1.4627890320007282s: None
[2025-07-04 09:09:11,202: INFO/ForkPoolWorker-2] Fetching unsplash images to process
[2025-07-04 09:09:11,202: INFO/ForkPoolWorker-2] Starting Unsplash to gcs uploader job at 2025-07-04T09:09:11.202956
[2025-07-04 09:09:11,203: INFO/ForkPoolWorker-2] Using 6 search queries: nature, people, food, travel, architecture, animals
[2025-07-04 09:09:11,918: INFO/MainProcess] Task apps.gallery.tasks.process_audio[82be0214-3198-4135-9dbf-72384a63c833] received
[2025-07-04 09:10:01,270: INFO/ForkPoolWorker-4] Task apps.gallery.tasks.populate_unsplash_images[0b2f0252-64eb-4730-a582-265f8ba3c96b] succeeded in 95.29282912899998s: None
[2025-07-04 09:10:01,444: INFO/ForkPoolWorker-4] Fetching audios to process
[2025-07-04 09:10:02,329: INFO/MainProcess] Task apps.gallery.tasks.process_audio[ab326402-13af-4c3e-b07d-fc0ee50774d3] received
[2025-07-04 09:10:02,621: INFO/ForkPoolWorker-4] No audio files to process
[2025-07-04 09:10:02,939: INFO/ForkPoolWorker-4] Task apps.gallery.tasks.process_audio[edadc1c1-abc7-4b15-89ba-951dcdc19e81] succeeded in 1.495525161999467s: None
[2025-07-04 09:10:03,112: INFO/ForkPoolWorker-4] Fetching unsplash images to process
[2025-07-04 09:10:03,112: INFO/ForkPoolWorker-4] Starting Unsplash to gcs uploader job at 2025-07-04T09:10:03.112384
[2025-07-04 09:10:03,112: INFO/ForkPoolWorker-4] Using 6 search queries: nature, people, food, travel, architecture, animals
[2025-07-04 09:10:03,821: INFO/MainProcess] Task apps.gallery.tasks.populate_unsplash_images[de00b62c-8bd2-4c08-a97a-9582f0612543] received
[2025-07-04 09:10:24,366: INFO/ForkPoolWorker-1] Task apps.gallery.tasks.populate_unsplash_images[4e80bcf8-400c-44e2-a067-3beb3271e70e] succeeded in 91.54454020699995s: None
[2025-07-04 09:10:24,706: INFO/ForkPoolWorker-1] Fetching audios to process
[2025-07-04 09:10:25,433: INFO/MainProcess] Task apps.gallery.tasks.populate_unsplash_images[dff6497d-6003-494b-8527-40f6bc813650] received
[2025-07-04 09:10:25,825: INFO/ForkPoolWorker-1] No audio files to process
[2025-07-04 09:10:26,187: INFO/ForkPoolWorker-1] Task apps.gallery.tasks.process_audio[03d71dee-b6ae-422e-a923-e305d213e654] succeeded in 1.4809155599996302s: None
[2025-07-04 09:10:26,362: INFO/ForkPoolWorker-1] Fetching unsplash images to process
[2025-07-04 09:10:26,362: INFO/ForkPoolWorker-1] Starting Unsplash to gcs uploader job at 2025-07-04T09:10:26.362726
[2025-07-04 09:10:26,362: INFO/ForkPoolWorker-1] Using 6 search queries: nature, people, food, travel, architecture, animals
[2025-07-04 09:10:27,256: INFO/MainProcess] Task apps.gallery.tasks.process_audio[7fecea33-dff2-4c22-9f6b-59ef644168c4] received
[2025-07-04 09:10:38,466: INFO/ForkPoolWorker-3] Task apps.gallery.tasks.populate_unsplash_images[3488ecaa-5c9a-4a54-a382-923158b42978] succeeded in 95.9282614650001s: None
[2025-07-04 09:10:38,637: INFO/ForkPoolWorker-3] Fetching audios to process
[2025-07-04 09:10:39,345: INFO/MainProcess] Task apps.gallery.tasks.populate_unsplash_images[b7a58e73-0cb7-4574-bb59-135f9ec61f12] received
[2025-07-04 09:10:39,884: INFO/ForkPoolWorker-3] No audio files to process
[2025-07-04 09:10:40,212: INFO/ForkPoolWorker-3] Task apps.gallery.tasks.process_audio[a4a621ba-67a7-4caa-ba00-f4080761d5b9] succeeded in 1.5756149119997644s: None
[2025-07-04 09:10:40,383: INFO/ForkPoolWorker-3] Fetching unsplash images to process
[2025-07-04 09:10:40,383: INFO/ForkPoolWorker-3] Starting Unsplash to gcs uploader job at 2025-07-04T09:10:40.383896
[2025-07-04 09:10:40,383: INFO/ForkPoolWorker-3] Using 6 search queries: nature, people, food, travel, architecture, animals
[2025-07-04 09:10:41,104: INFO/MainProcess] Task apps.gallery.tasks.populate_unsplash_images[e95f098f-4215-4b3f-8db5-104242105fbf] received
[2025-07-04 09:10:41,279: INFO/ForkPoolWorker-2] Task apps.gallery.tasks.populate_unsplash_images[b286608f-abd9-4d4b-bbfa-39277f6a68c7] succeeded in 90.08017062400086s: None
[2025-07-04 09:10:41,452: INFO/ForkPoolWorker-2] Fetching audios to process
[2025-07-04 09:10:42,280: INFO/MainProcess] Task apps.gallery.tasks.process_audio[cfd69443-12ee-430e-bedd-c31db3ad18fd] received
[2025-07-04 09:10:42,619: INFO/ForkPoolWorker-2] No audio files to process
[2025-07-04 09:10:42,957: INFO/ForkPoolWorker-2] Task apps.gallery.tasks.process_audio[ec1a0bd7-30dd-4cbf-a6b7-7d5d547aab94] succeeded in 1.5048104830002558s: None
[2025-07-04 09:10:43,137: INFO/ForkPoolWorker-2] Fetching unsplash images to process
[2025-07-04 09:10:43,137: INFO/ForkPoolWorker-2] Starting Unsplash to gcs uploader job at 2025-07-04T09:10:43.137509
[2025-07-04 09:10:43,137: INFO/ForkPoolWorker-2] Using 6 search queries: nature, people, food, travel, architecture, animals
[2025-07-04 09:10:43,847: INFO/MainProcess] Task apps.gallery.tasks.populate_unsplash_images[7eaccf34-66cb-49c7-b10b-c3af12baa186] received
[2025-07-04 09:11:38,730: INFO/ForkPoolWorker-4] Task apps.gallery.tasks.populate_unsplash_images[ed20840e-a585-4aa1-a657-c5477f37107f] succeeded in 95.62177076599983s: None
[2025-07-04 09:11:38,901: INFO/ForkPoolWorker-4] Fetching unsplash images to process
[2025-07-04 09:11:38,902: INFO/ForkPoolWorker-4] Starting Unsplash to gcs uploader job at 2025-07-04T09:11:38.901999
[2025-07-04 09:11:38,902: INFO/ForkPoolWorker-4] Using 6 search queries: nature, people, food, travel, architecture, animals
[2025-07-04 09:11:39,791: INFO/MainProcess] Task apps.gallery.tasks.process_audio[fda7be37-ef2f-4b9a-8f13-274e4656ad32] received
[2025-07-04 09:11:57,964: INFO/ForkPoolWorker-1] Task apps.gallery.tasks.populate_unsplash_images[ad6dac7c-8890-453e-a3ef-1900f7355da0] succeeded in 91.60480795799958s: None
[2025-07-04 09:11:58,307: INFO/ForkPoolWorker-1] Fetching unsplash images to process
[2025-07-04 09:11:58,307: INFO/ForkPoolWorker-1] Starting Unsplash to gcs uploader job at 2025-07-04T09:11:58.307831
[2025-07-04 09:11:58,307: INFO/ForkPoolWorker-1] Using 6 search queries: nature, people, food, travel, architecture, animals
[2025-07-04 09:11:59,018: INFO/MainProcess] Task apps.gallery.tasks.populate_unsplash_images[2336ca6c-b49c-4a00-8e07-8fb808b5564b] received
[2025-07-04 09:12:13,045: INFO/ForkPoolWorker-3] Task apps.gallery.tasks.populate_unsplash_images[fa67a932-9222-4344-8361-7bacaecfa45c] succeeded in 92.66511146799985s: None
[2025-07-04 09:12:13,219: INFO/ForkPoolWorker-3] Fetching audios to process
[2025-07-04 09:12:14,107: INFO/MainProcess] Task apps.gallery.tasks.populate_unsplash_images[1112727a-3eba-44b2-bdb9-b765f31c076f] received
[2025-07-04 09:12:14,496: INFO/ForkPoolWorker-3] No audio files to process
[2025-07-04 09:12:14,825: INFO/ForkPoolWorker-3] Task apps.gallery.tasks.process_audio[d15881a6-796f-43d8-b006-edb12dfb5ed2] succeeded in 1.606410985000366s: None
[2025-07-04 09:12:15,000: INFO/ForkPoolWorker-3] Fetching unsplash images to process
[2025-07-04 09:12:15,000: INFO/ForkPoolWorker-3] Starting Unsplash to gcs uploader job at 2025-07-04T09:12:15.000627
[2025-07-04 09:12:15,000: INFO/ForkPoolWorker-3] Using 6 search queries: nature, people, food, travel, architecture, animals
[2025-07-04 09:12:15,712: INFO/MainProcess] Task apps.gallery.tasks.process_audio[04d5a815-e517-42f0-a82b-21cf7064b27f] received
[2025-07-04 09:12:18,263: INFO/ForkPoolWorker-2] Task apps.gallery.tasks.populate_unsplash_images[e9b9d512-0c2b-4fdf-9563-d0e1b8c0c810] succeeded in 95.12900966900088s: None
[2025-07-04 09:12:18,436: INFO/ForkPoolWorker-2] Fetching audios to process
[2025-07-04 09:12:19,145: INFO/MainProcess] Task apps.gallery.tasks.populate_unsplash_images[d8cd58ae-347f-4847-8180-cc4fe9b78403] received
[2025-07-04 09:12:19,683: INFO/ForkPoolWorker-2] No audio files to process
[2025-07-04 09:12:20,024: INFO/ForkPoolWorker-2] Task apps.gallery.tasks.process_audio[88a53ae2-4aa4-4005-9e53-ea56a7064d45] succeeded in 1.5881565540003066s: None
[2025-07-04 09:12:20,196: INFO/ForkPoolWorker-2] Fetching unsplash images to process
[2025-07-04 09:12:20,196: INFO/ForkPoolWorker-2] Starting Unsplash to gcs uploader job at 2025-07-04T09:12:20.196931
[2025-07-04 09:12:20,197: INFO/ForkPoolWorker-2] Using 6 search queries: nature, people, food, travel, architecture, animals
[2025-07-04 09:12:21,081: INFO/MainProcess] Task apps.gallery.tasks.process_audio[705a31ef-c510-4b94-9b97-d10fb3912b0b] received
[2025-07-04 09:13:13,048: INFO/ForkPoolWorker-4] Task apps.gallery.tasks.populate_unsplash_images[b9842903-7428-4d0e-a973-a3e84239bc20] succeeded in 94.14948028500021s: None
[2025-07-04 09:13:13,212: INFO/ForkPoolWorker-4] Fetching audios to process
[2025-07-04 09:13:14,432: INFO/ForkPoolWorker-4] No audio files to process
[2025-07-04 09:13:14,751: INFO/ForkPoolWorker-4] Task apps.gallery.tasks.process_audio[0715be42-4a78-4d50-a2fa-3552731c1d39] succeeded in 1.5398854640006903s: None
[2025-07-04 09:13:14,776: INFO/MainProcess] Task apps.gallery.tasks.process_audio[c28a9bc0-98b8-4138-8025-81ae1994b38c] received
[2025-07-04 09:13:15,261: INFO/ForkPoolWorker-4] Fetching audios to process
[2025-07-04 09:13:15,982: INFO/MainProcess] Task apps.gallery.tasks.populate_unsplash_images[5aea3d70-5e42-4033-a8a4-39994611fdde] received
[2025-07-04 09:13:16,426: INFO/ForkPoolWorker-4] No audio files to process
[2025-07-04 09:13:16,744: INFO/ForkPoolWorker-4] Task apps.gallery.tasks.process_audio[82be0214-3198-4135-9dbf-72384a63c833] succeeded in 1.48292753899932s: None
[2025-07-04 09:13:16,908: INFO/ForkPoolWorker-4] Fetching audios to process
[2025-07-04 09:13:17,778: INFO/MainProcess] Task apps.gallery.tasks.process_audio[866eee2d-c2a3-46b9-9783-01fe41022bd5] received
[2025-07-04 09:13:18,116: INFO/ForkPoolWorker-4] No audio files to process
[2025-07-04 09:13:18,429: INFO/ForkPoolWorker-4] Task apps.gallery.tasks.process_audio[ab326402-13af-4c3e-b07d-fc0ee50774d3] succeeded in 1.5205797469998288s: None
[2025-07-04 09:13:18,595: INFO/ForkPoolWorker-4] Fetching unsplash images to process
[2025-07-04 09:13:18,595: INFO/ForkPoolWorker-4] Starting Unsplash to gcs uploader job at 2025-07-04T09:13:18.595508
[2025-07-04 09:13:18,595: INFO/ForkPoolWorker-4] Using 6 search queries: nature, people, food, travel, architecture, animals
[2025-07-04 09:13:19,306: INFO/MainProcess] Task apps.gallery.tasks.populate_unsplash_images[0080f200-bff1-45a0-8882-a276a553c5c5] received
[2025-07-04 09:13:32,461: INFO/ForkPoolWorker-1] Task apps.gallery.tasks.populate_unsplash_images[53ba46e2-9839-43f1-92cb-59d64d1e8ae8] succeeded in 94.15720741899986s: None
[2025-07-04 09:13:32,771: INFO/ForkPoolWorker-1] Fetching unsplash images to process
[2025-07-04 09:13:32,771: INFO/ForkPoolWorker-1] Starting Unsplash to gcs uploader job at 2025-07-04T09:13:32.771784
[2025-07-04 09:13:32,771: INFO/ForkPoolWorker-1] Using 6 search queries: nature, people, food, travel, architecture, animals
[2025-07-04 09:13:33,485: INFO/MainProcess] Task apps.gallery.tasks.process_audio[d4e8c65d-5538-4b66-86b7-ab3ef553bedd] received
[2025-07-04 09:13:49,078: INFO/ForkPoolWorker-3] Task apps.gallery.tasks.populate_unsplash_images[e22089e0-e6f8-45bb-b8e8-c6a18e3d29db] succeeded in 94.08089374800056s: None
[2025-07-04 09:13:49,254: INFO/ForkPoolWorker-3] Fetching audios to process
[2025-07-04 09:13:50,134: INFO/MainProcess] Task apps.gallery.tasks.populate_unsplash_images[1601394a-3498-4a76-a2f9-67658a61ea05] received
[2025-07-04 09:13:50,510: INFO/ForkPoolWorker-3] No audio files to process
[2025-07-04 09:13:50,842: INFO/ForkPoolWorker-3] Task apps.gallery.tasks.process_audio[7fecea33-dff2-4c22-9f6b-59ef644168c4] succeeded in 1.589402605000032s: None
[2025-07-04 09:13:51,015: INFO/ForkPoolWorker-3] Fetching unsplash images to process
[2025-07-04 09:13:51,015: INFO/ForkPoolWorker-3] Starting Unsplash to gcs uploader job at 2025-07-04T09:13:51.015716
[2025-07-04 09:13:51,015: INFO/ForkPoolWorker-3] Using 6 search queries: nature, people, food, travel, architecture, animals
[2025-07-04 09:13:51,733: INFO/MainProcess] Task apps.gallery.tasks.process_audio[da13760a-5240-446d-8d58-d1c033d848c5] received
[2025-07-04 09:13:57,918: INFO/ForkPoolWorker-2] Task apps.gallery.tasks.populate_unsplash_images[d114e5fb-da96-4865-8064-d35252edd091] succeeded in 97.72628884799997s: None
[2025-07-04 09:13:58,088: INFO/ForkPoolWorker-2] Fetching unsplash images to process
[2025-07-04 09:13:58,088: INFO/ForkPoolWorker-2] Starting Unsplash to gcs uploader job at 2025-07-04T09:13:58.088162
[2025-07-04 09:13:58,088: INFO/ForkPoolWorker-2] Using 6 search queries: nature, people, food, travel, architecture, animals
[2025-07-04 09:13:58,827: INFO/MainProcess] Task apps.gallery.tasks.populate_unsplash_images[ab4da80c-b61a-412a-a0ea-de9ccf272e6c] received
[2025-07-04 09:14:53,076: INFO/ForkPoolWorker-4] Task apps.gallery.tasks.populate_unsplash_images[de00b62c-8bd2-4c08-a97a-9582f0612543] succeeded in 94.48561373300072s: None
[2025-07-04 09:14:53,248: INFO/ForkPoolWorker-4] Fetching audios to process
[2025-07-04 09:14:54,317: INFO/MainProcess] Task apps.gallery.tasks.populate_unsplash_images[9558e22b-9310-42c5-920e-6d2f061269e1] received
[2025-07-04 09:14:54,483: INFO/ForkPoolWorker-4] No audio files to process
[2025-07-04 09:14:54,797: INFO/ForkPoolWorker-4] Task apps.gallery.tasks.process_audio[cfd69443-12ee-430e-bedd-c31db3ad18fd] succeeded in 1.5487571869998646s: None
[2025-07-04 09:14:55,606: INFO/ForkPoolWorker-4] Fetching unsplash images to process
[2025-07-04 09:14:55,606: INFO/ForkPoolWorker-4] Starting Unsplash to gcs uploader job at 2025-07-04T09:14:55.606383
[2025-07-04 09:14:55,606: INFO/ForkPoolWorker-4] Using 6 search queries: nature, people, food, travel, architecture, animals
[2025-07-04 09:14:56,317: INFO/MainProcess] Task apps.gallery.tasks.process_audio[9a924224-7409-4c4f-b47f-c38ab8c305c1] received
[2025-07-04 09:15:04,592: INFO/ForkPoolWorker-1] Task apps.gallery.tasks.populate_unsplash_images[dff6497d-6003-494b-8527-40f6bc813650] succeeded in 91.82426947900058s: None
[2025-07-04 09:15:04,765: INFO/ForkPoolWorker-1] Fetching audios to process
[2025-07-04 09:15:05,473: INFO/MainProcess] Task apps.gallery.tasks.populate_unsplash_images[3929680f-c471-4b67-bf0b-471978d48064] received
[2025-07-04 09:15:06,038: INFO/ForkPoolWorker-1] No audio files to process
[2025-07-04 09:15:06,399: INFO/ForkPoolWorker-1] Task apps.gallery.tasks.process_audio[fda7be37-ef2f-4b9a-8f13-274e4656ad32] succeeded in 1.6344035679994704s: None
[2025-07-04 09:15:06,575: INFO/ForkPoolWorker-1] Fetching unsplash images to process
[2025-07-04 09:15:06,575: INFO/ForkPoolWorker-1] Starting Unsplash to gcs uploader job at 2025-07-04T09:15:06.575851
[2025-07-04 09:15:06,575: INFO/ForkPoolWorker-1] Using 6 search queries: nature, people, food, travel, architecture, animals
[2025-07-04 09:15:07,292: INFO/MainProcess] Task apps.gallery.tasks.process_audio[f4c68ee8-ba25-48cd-b9b0-f79a11125d17] received
[2025-07-04 09:15:25,225: INFO/ForkPoolWorker-3] Task apps.gallery.tasks.populate_unsplash_images[b7a58e73-0cb7-4574-bb59-135f9ec61f12] succeeded in 94.21330739700079s: None
[2025-07-04 09:15:25,399: INFO/ForkPoolWorker-3] Fetching unsplash images to process
[2025-07-04 09:15:25,400: INFO/ForkPoolWorker-3] Starting Unsplash to gcs uploader job at 2025-07-04T09:15:25.399994
[2025-07-04 09:15:25,400: INFO/ForkPoolWorker-3] Using 6 search queries: nature, people, food, travel, architecture, animals
[2025-07-04 09:15:26,281: INFO/MainProcess] Task apps.gallery.tasks.process_audio[e6a2337e-5ae6-4f66-930c-7030c6e3305d] received
[2025-07-04 09:15:31,004: INFO/ForkPoolWorker-2] Task apps.gallery.tasks.populate_unsplash_images[e95f098f-4215-4b3f-8db5-104242105fbf] succeeded in 92.91941228000087s: None
[2025-07-04 09:15:31,175: INFO/ForkPoolWorker-2] Fetching audios to process
[2025-07-04 09:15:31,886: INFO/MainProcess] Task apps.gallery.tasks.populate_unsplash_images[07b51799-ac6b-4f50-83d4-52c16ca55064] received
[2025-07-04 09:15:32,431: INFO/ForkPoolWorker-2] No audio files to process
[2025-07-04 09:15:32,779: INFO/ForkPoolWorker-2] Task apps.gallery.tasks.process_audio[04d5a815-e517-42f0-a82b-21cf7064b27f] succeeded in 1.603938639000262s: None
[2025-07-04 09:15:32,949: INFO/ForkPoolWorker-2] Fetching unsplash images to process
[2025-07-04 09:15:32,949: INFO/ForkPoolWorker-2] Starting Unsplash to gcs uploader job at 2025-07-04T09:15:32.949147
[2025-07-04 09:15:32,949: INFO/ForkPoolWorker-2] Using 6 search queries: nature, people, food, travel, architecture, animals
[2025-07-04 09:15:33,666: INFO/MainProcess] Task apps.gallery.tasks.process_audio[0835a847-7b4b-4b11-8dc2-f56aedce8a6f] received
[2025-07-04 09:16:26,885: INFO/ForkPoolWorker-4] Task apps.gallery.tasks.populate_unsplash_images[7eaccf34-66cb-49c7-b10b-c3af12baa186] succeeded in 91.28269862399975s: None
[2025-07-04 09:16:27,060: INFO/ForkPoolWorker-4] Fetching audios to process
[2025-07-04 09:16:28,134: INFO/MainProcess] Task apps.gallery.tasks.populate_unsplash_images[040aa058-84f9-4d12-88e0-3fb0ec012975] received
[2025-07-04 09:16:28,289: INFO/ForkPoolWorker-4] No audio files to process
[2025-07-04 09:16:28,603: INFO/ForkPoolWorker-4] Task apps.gallery.tasks.process_audio[705a31ef-c510-4b94-9b97-d10fb3912b0b] succeeded in 1.5430778229992939s: None
[2025-07-04 09:16:28,941: INFO/ForkPoolWorker-4] Fetching audios to process
[2025-07-04 09:16:29,650: INFO/MainProcess] Task apps.gallery.tasks.process_audio[b14630dc-0a98-412e-a5a8-7525e2a564be] received
[2025-07-04 09:16:30,071: INFO/ForkPoolWorker-4] No audio files to process
[2025-07-04 09:16:30,382: INFO/ForkPoolWorker-4] Task apps.gallery.tasks.process_audio[c28a9bc0-98b8-4138-8025-81ae1994b38c] succeeded in 1.4408232819996556s: None
[2025-07-04 09:16:30,556: INFO/ForkPoolWorker-4] Fetching unsplash images to process
[2025-07-04 09:16:30,556: INFO/ForkPoolWorker-4] Starting Unsplash to gcs uploader job at 2025-07-04T09:16:30.556546
[2025-07-04 09:16:30,556: INFO/ForkPoolWorker-4] Using 6 search queries: nature, people, food, travel, architecture, animals
[2025-07-04 09:16:31,297: INFO/MainProcess] Task apps.gallery.tasks.populate_unsplash_images[7d33392e-6897-4cf4-a972-69b66705ccdb] received
[2025-07-04 09:16:43,495: INFO/ForkPoolWorker-1] Task apps.gallery.tasks.populate_unsplash_images[2336ca6c-b49c-4a00-8e07-8fb808b5564b] succeeded in 96.92300715500005s: None
[2025-07-04 09:16:43,666: INFO/ForkPoolWorker-1] Fetching audios to process
[2025-07-04 09:16:44,544: INFO/MainProcess] Task apps.gallery.tasks.process_audio[f133cd38-2508-4308-8f01-35a562930353] received
[2025-07-04 09:16:44,827: INFO/ForkPoolWorker-1] No audio files to process
[2025-07-04 09:16:45,192: INFO/ForkPoolWorker-1] Task apps.gallery.tasks.process_audio[866eee2d-c2a3-46b9-9783-01fe41022bd5] succeeded in 1.5264030549997187s: None
[2025-07-04 09:16:45,362: INFO/ForkPoolWorker-1] Fetching unsplash images to process
[2025-07-04 09:16:45,363: INFO/ForkPoolWorker-1] Starting Unsplash to gcs uploader job at 2025-07-04T09:16:45.362974
[2025-07-04 09:16:45,363: INFO/ForkPoolWorker-1] Using 6 search queries: nature, people, food, travel, architecture, animals
[2025-07-04 09:16:46,074: INFO/MainProcess] Task apps.gallery.tasks.process_audio[3e56f01d-1fbc-4ebd-ac14-6a9e47156868] received
[2025-07-04 09:16:54,877: INFO/ForkPoolWorker-3] Task apps.gallery.tasks.populate_unsplash_images[1112727a-3eba-44b2-bdb9-b765f31c076f] succeeded in 89.48127376200046s: None
[2025-07-04 09:16:55,215: INFO/ForkPoolWorker-3] Fetching audios to process
[2025-07-04 09:16:55,929: INFO/MainProcess] Task apps.gallery.tasks.populate_unsplash_images[69319020-d1da-45ec-8d96-1d969cb2dd7e] received
[2025-07-04 09:16:56,388: INFO/ForkPoolWorker-3] No audio files to process
[2025-07-04 09:16:56,722: INFO/ForkPoolWorker-3] Task apps.gallery.tasks.process_audio[d4e8c65d-5538-4b66-86b7-ab3ef553bedd] succeeded in 1.5069328809995568s: None
[2025-07-04 09:16:56,894: INFO/ForkPoolWorker-3] Fetching unsplash images to process
[2025-07-04 09:16:56,895: INFO/ForkPoolWorker-3] Starting Unsplash to gcs uploader job at 2025-07-04T09:16:56.894991
[2025-07-04 09:16:56,895: INFO/ForkPoolWorker-3] Using 6 search queries: nature, people, food, travel, architecture, animals
[2025-07-04 09:16:57,782: INFO/MainProcess] Task apps.gallery.tasks.process_audio[d603445a-62c2-4b3d-b28d-c9ba2b384e51] received
[2025-07-04 09:17:02,256: INFO/ForkPoolWorker-2] Task apps.gallery.tasks.populate_unsplash_images[d8cd58ae-347f-4847-8180-cc4fe9b78403] succeeded in 89.31097007599965s: None
[2025-07-04 09:17:02,429: INFO/ForkPoolWorker-2] Fetching audios to process
[2025-07-04 09:17:03,138: INFO/MainProcess] Task apps.gallery.tasks.populate_unsplash_images[9fa0948d-f9a2-44d6-80d6-ed5e6b96563e] received
[2025-07-04 09:17:03,632: INFO/ForkPoolWorker-2] No audio files to process
[2025-07-04 09:17:03,969: INFO/ForkPoolWorker-2] Task apps.gallery.tasks.process_audio[da13760a-5240-446d-8d58-d1c033d848c5] succeeded in 1.5405998770002043s: None
[2025-07-04 09:17:04,139: INFO/ForkPoolWorker-2] Fetching unsplash images to process
[2025-07-04 09:17:04,139: INFO/ForkPoolWorker-2] Starting Unsplash to gcs uploader job at 2025-07-04T09:17:04.139725
[2025-07-04 09:17:04,139: INFO/ForkPoolWorker-2] Using 6 search queries: nature, people, food, travel, architecture, animals
[2025-07-04 09:17:04,850: INFO/MainProcess] Task apps.gallery.tasks.process_audio[3901a5e5-ae79-4a41-adae-bcf037c6c18f] received
[2025-07-04 09:18:02,993: INFO/ForkPoolWorker-4] Task apps.gallery.tasks.populate_unsplash_images[5aea3d70-5e42-4033-a8a4-39994611fdde] succeeded in 92.44109558000036s: None
[2025-07-04 09:18:03,167: INFO/ForkPoolWorker-4] Fetching unsplash images to process
[2025-07-04 09:18:03,167: INFO/ForkPoolWorker-4] Starting Unsplash to gcs uploader job at 2025-07-04T09:18:03.167647
[2025-07-04 09:18:03,167: INFO/ForkPoolWorker-4] Using 6 search queries: nature, people, food, travel, architecture, animals
[2025-07-04 09:18:04,242: INFO/MainProcess] Task apps.gallery.tasks.process_audio[96fb4bfe-7e4f-4a3b-a174-6e59e4b810a1] received
[2025-07-04 09:18:20,507: INFO/ForkPoolWorker-1] Task apps.gallery.tasks.populate_unsplash_images[0080f200-bff1-45a0-8882-a276a553c5c5] succeeded in 95.14846667800066s: None
[2025-07-04 09:18:20,679: INFO/ForkPoolWorker-1] Fetching audios to process
[2025-07-04 09:18:21,391: INFO/MainProcess] Task apps.gallery.tasks.populate_unsplash_images[df9bbf3b-eabd-4db3-9d3b-5723ce06d8e9] received
[2025-07-04 09:18:21,849: INFO/ForkPoolWorker-1] No audio files to process
[2025-07-04 09:18:22,210: INFO/ForkPoolWorker-1] Task apps.gallery.tasks.process_audio[9a924224-7409-4c4f-b47f-c38ab8c305c1] succeeded in 1.5329432859998633s: None
[2025-07-04 09:18:22,560: INFO/ForkPoolWorker-1] Fetching unsplash images to process
[2025-07-04 09:18:22,560: INFO/ForkPoolWorker-1] Starting Unsplash to gcs uploader job at 2025-07-04T09:18:22.560573
[2025-07-04 09:18:22,560: INFO/ForkPoolWorker-1] Using 6 search queries: nature, people, food, travel, architecture, animals
[2025-07-04 09:18:23,283: INFO/MainProcess] Task apps.gallery.tasks.process_audio[10e7db93-3b33-4364-b624-1aa686496ad1] received
[2025-07-04 09:18:35,994: INFO/ForkPoolWorker-3] Task apps.gallery.tasks.populate_unsplash_images[1601394a-3498-4a76-a2f9-67658a61ea05] succeeded in 99.10306112200033s: None
[2025-07-04 09:18:36,165: INFO/ForkPoolWorker-3] Fetching audios to process
[2025-07-04 09:18:36,642: INFO/ForkPoolWorker-2] Task apps.gallery.tasks.populate_unsplash_images[ab4da80c-b61a-412a-a0ea-de9ccf272e6c] succeeded in 92.50649447900014s: None
[2025-07-04 09:18:37,007: INFO/MainProcess] Task apps.gallery.tasks.populate_unsplash_images[04954f42-4460-49e2-a7e0-f0f6c6d43704] received
[2025-07-04 09:18:37,008: INFO/ForkPoolWorker-2] Fetching audios to process
[2025-07-04 09:18:37,373: INFO/ForkPoolWorker-3] No audio files to process
[2025-07-04 09:18:37,701: INFO/ForkPoolWorker-3] Task apps.gallery.tasks.process_audio[f4c68ee8-ba25-48cd-b9b0-f79a11125d17] succeeded in 1.5360228509998706s: None
[2025-07-04 09:18:38,000: INFO/MainProcess] Task apps.gallery.tasks.process_audio[6500bada-aa7f-4992-92c1-f2e0afd150d6] received
[2025-07-04 09:18:38,139: INFO/ForkPoolWorker-2] No audio files to process
[2025-07-04 09:18:38,220: INFO/ForkPoolWorker-3] Fetching unsplash images to process
[2025-07-04 09:18:38,220: INFO/ForkPoolWorker-3] Starting Unsplash to gcs uploader job at 2025-07-04T09:18:38.220532
[2025-07-04 09:18:38,220: INFO/ForkPoolWorker-3] Using 6 search queries: nature, people, food, travel, architecture, animals
[2025-07-04 09:18:38,489: INFO/ForkPoolWorker-2] Task apps.gallery.tasks.process_audio[e6a2337e-5ae6-4f66-930c-7030c6e3305d] succeeded in 1.4808107589997235s: None
[2025-07-04 09:18:38,982: INFO/MainProcess] Task apps.gallery.tasks.populate_unsplash_images[97c44e23-364c-4932-a3df-ea130662ae04] received
[2025-07-04 09:18:38,983: INFO/ForkPoolWorker-2] Fetching audios to process
[2025-07-04 09:18:39,914: INFO/MainProcess] Task apps.gallery.tasks.process_audio[fe7a1290-06dd-4d88-b787-122450cd1b5a] received
[2025-07-04 09:18:40,277: INFO/ForkPoolWorker-2] No audio files to process
[2025-07-04 09:18:40,653: INFO/ForkPoolWorker-2] Task apps.gallery.tasks.process_audio[0835a847-7b4b-4b11-8dc2-f56aedce8a6f] succeeded in 1.670636007000212s: None
[2025-07-04 09:18:40,842: INFO/ForkPoolWorker-2] Fetching unsplash images to process
[2025-07-04 09:18:40,842: INFO/ForkPoolWorker-2] Starting Unsplash to gcs uploader job at 2025-07-04T09:18:40.842151
[2025-07-04 09:18:40,842: INFO/ForkPoolWorker-2] Using 6 search queries: nature, people, food, travel, architecture, animals
[2025-07-04 09:18:41,595: INFO/MainProcess] Task apps.gallery.tasks.populate_unsplash_images[4e9b35b8-d48c-4537-9fec-a8e7a6320c80] received
[2025-07-04 09:19:38,649: INFO/ForkPoolWorker-4] Task apps.gallery.tasks.populate_unsplash_images[9558e22b-9310-42c5-920e-6d2f061269e1] succeeded in 95.48577252599989s: None
[2025-07-04 09:19:38,824: INFO/ForkPoolWorker-4] Fetching audios to process
[2025-07-04 09:19:40,094: INFO/MainProcess] Task apps.gallery.tasks.populate_unsplash_images[c6140bb4-8523-4991-81f7-e1fc0cc0e8f8] received
[2025-07-04 09:19:40,125: INFO/ForkPoolWorker-4] No audio files to process
[2025-07-04 09:19:40,439: INFO/ForkPoolWorker-4] Task apps.gallery.tasks.process_audio[b14630dc-0a98-412e-a5a8-7525e2a564be] succeeded in 1.6155393569997614s: None
[2025-07-04 09:19:40,616: INFO/ForkPoolWorker-4] Fetching unsplash images to process
[2025-07-04 09:19:40,616: INFO/ForkPoolWorker-4] Starting Unsplash to gcs uploader job at 2025-07-04T09:19:40.616910
[2025-07-04 09:19:40,616: INFO/ForkPoolWorker-4] Using 6 search queries: nature, people, food, travel, architecture, animals
[2025-07-04 09:19:41,353: INFO/MainProcess] Task apps.gallery.tasks.process_audio[c4d0789c-284c-4db9-bf75-6ff24c00cd1d] received
[2025-07-04 09:19:57,764: INFO/ForkPoolWorker-1] Task apps.gallery.tasks.populate_unsplash_images[3929680f-c471-4b67-bf0b-471978d48064] succeeded in 95.20765662899976s: None
[2025-07-04 09:19:57,970: INFO/ForkPoolWorker-1] Fetching audios to process
[2025-07-04 09:19:58,729: INFO/MainProcess] Task apps.gallery.tasks.process_audio[f150ca71-3dd7-4026-92b3-669644745e55] received
[2025-07-04 09:19:59,231: INFO/ForkPoolWorker-1] No audio files to process
[2025-07-04 09:19:59,598: INFO/ForkPoolWorker-1] Task apps.gallery.tasks.process_audio[f133cd38-2508-4308-8f01-35a562930353] succeeded in 1.6279524130004575s: None
[2025-07-04 09:19:59,784: INFO/ForkPoolWorker-1] Fetching audios to process
[2025-07-04 09:20:00,502: INFO/MainProcess] Task apps.gallery.tasks.populate_unsplash_images[a8fbf021-5f88-4717-a2bc-9350900318ba] received
[2025-07-04 09:20:00,968: INFO/ForkPoolWorker-1] No audio files to process
[2025-07-04 09:20:01,335: INFO/ForkPoolWorker-1] Task apps.gallery.tasks.process_audio[3e56f01d-1fbc-4ebd-ac14-6a9e47156868] succeeded in 1.5510538560001805s: None
[2025-07-04 09:20:01,571: INFO/ForkPoolWorker-1] Fetching unsplash images to process
[2025-07-04 09:20:01,571: INFO/ForkPoolWorker-1] Starting Unsplash to gcs uploader job at 2025-07-04T09:20:01.571829
[2025-07-04 09:20:01,571: INFO/ForkPoolWorker-1] Using 6 search queries: nature, people, food, travel, architecture, animals
[2025-07-04 09:20:02,314: INFO/MainProcess] Task apps.gallery.tasks.process_audio[36913188-07a9-4617-9dfb-be19b5719203] received
[2025-07-04 09:20:11,401: INFO/ForkPoolWorker-3] Task apps.gallery.tasks.populate_unsplash_images[07b51799-ac6b-4f50-83d4-52c16ca55064] succeeded in 93.18531898400033s: None
[2025-07-04 09:20:11,584: INFO/ForkPoolWorker-3] Fetching audios to process
[2025-07-04 09:20:12,518: INFO/MainProcess] Task apps.gallery.tasks.populate_unsplash_images[05e1f7ea-f8f1-4d29-95d2-37b5bdb918f5] received
[2025-07-04 09:20:12,794: INFO/ForkPoolWorker-3] No audio files to process
[2025-07-04 09:20:13,124: INFO/ForkPoolWorker-3] Task apps.gallery.tasks.process_audio[d603445a-62c2-4b3d-b28d-c9ba2b384e51] succeeded in 1.539131075000114s: None
[2025-07-04 09:20:13,332: INFO/ForkPoolWorker-3] Fetching unsplash images to process
[2025-07-04 09:20:13,333: INFO/ForkPoolWorker-3] Starting Unsplash to gcs uploader job at 2025-07-04T09:20:13.332988
[2025-07-04 09:20:13,333: INFO/ForkPoolWorker-3] Using 6 search queries: nature, people, food, travel, architecture, animals
[2025-07-04 09:20:14,116: INFO/MainProcess] Task apps.gallery.tasks.process_audio[d09427af-8a6b-447e-905d-b3db5a0b1bc1] received
[2025-07-04 09:20:14,781: INFO/ForkPoolWorker-2] Task apps.gallery.tasks.populate_unsplash_images[040aa058-84f9-4d12-88e0-3fb0ec012975] succeeded in 93.94299602499996s: None
[2025-07-04 09:20:14,978: INFO/ForkPoolWorker-2] Fetching audios to process
[2025-07-04 09:20:15,754: INFO/MainProcess] Task apps.gallery.tasks.populate_unsplash_images[9137eeb7-db8d-413a-8c67-55a2137e3fce] received
[2025-07-04 09:20:16,293: INFO/ForkPoolWorker-2] No audio files to process
[2025-07-04 09:20:16,679: INFO/ForkPoolWorker-2] Task apps.gallery.tasks.process_audio[3901a5e5-ae79-4a41-adae-bcf037c6c18f] succeeded in 1.7017239320002773s: None
[2025-07-04 09:20:16,887: INFO/ForkPoolWorker-2] Fetching audios to process
[2025-07-04 09:20:17,666: INFO/MainProcess] Task apps.gallery.tasks.process_audio[b2538197-12fb-40da-a547-4f75d00de93d] received
[2025-07-04 09:20:18,190: INFO/ForkPoolWorker-2] No audio files to process
[2025-07-04 09:20:18,549: INFO/ForkPoolWorker-2] Task apps.gallery.tasks.process_audio[96fb4bfe-7e4f-4a3b-a174-6e59e4b810a1] succeeded in 1.6614765070007707s: None
[2025-07-04 09:20:18,925: INFO/ForkPoolWorker-2] Fetching unsplash images to process
[2025-07-04 09:20:18,925: INFO/ForkPoolWorker-2] Starting Unsplash to gcs uploader job at 2025-07-04T09:20:18.925966
[2025-07-04 09:20:18,926: INFO/ForkPoolWorker-2] Using 6 search queries: nature, people, food, travel, architecture, animals
[2025-07-04 09:20:19,677: INFO/MainProcess] Task apps.gallery.tasks.populate_unsplash_images[ea6e24e1-83df-4756-b5ac-a28c5a1b54b5] received
[2025-07-04 09:21:13,165: INFO/ForkPoolWorker-4] Task apps.gallery.tasks.populate_unsplash_images[7d33392e-6897-4cf4-a972-69b66705ccdb] succeeded in 92.55253055600042s: None
[2025-07-04 09:21:13,394: INFO/ForkPoolWorker-4] Fetching audios to process
[2025-07-04 09:21:14,504: INFO/MainProcess] Task apps.gallery.tasks.process_audio[777a048e-8925-4cd8-8a89-c2952b94d1f9] received
[2025-07-04 09:21:14,623: INFO/ForkPoolWorker-4] No audio files to process
[2025-07-04 09:21:14,939: INFO/ForkPoolWorker-4] Task apps.gallery.tasks.process_audio[10e7db93-3b33-4364-b624-1aa686496ad1] succeeded in 1.5446448619995863s: None
[2025-07-04 09:21:15,112: INFO/ForkPoolWorker-4] Fetching unsplash images to process
[2025-07-04 09:21:15,112: INFO/ForkPoolWorker-4] Starting Unsplash to gcs uploader job at 2025-07-04T09:21:15.112755
[2025-07-04 09:21:15,112: INFO/ForkPoolWorker-4] Using 6 search queries: nature, people, food, travel, architecture, animals
[2025-07-04 09:21:15,999: INFO/MainProcess] Task apps.gallery.tasks.populate_unsplash_images[4dc19e09-9bc6-4c32-a96a-7a617153c90f] received
[2025-07-04 09:21:35,230: INFO/ForkPoolWorker-1] Task apps.gallery.tasks.populate_unsplash_images[69319020-d1da-45ec-8d96-1d969cb2dd7e] succeeded in 93.6623380709998s: None
[2025-07-04 09:21:35,419: INFO/ForkPoolWorker-1] Fetching audios to process
[2025-07-04 09:21:36,134: INFO/MainProcess] Task apps.gallery.tasks.populate_unsplash_images[85da68ce-30be-415f-b2b1-a0a35d936199] received
[2025-07-04 09:21:36,598: INFO/ForkPoolWorker-1] No audio files to process
[2025-07-04 09:21:36,969: INFO/ForkPoolWorker-1] Task apps.gallery.tasks.process_audio[6500bada-aa7f-4992-92c1-f2e0afd150d6] succeeded in 1.5502113349994033s: None
[2025-07-04 09:21:37,144: INFO/ForkPoolWorker-1] Fetching unsplash images to process
[2025-07-04 09:21:37,144: INFO/ForkPoolWorker-1] Starting Unsplash to gcs uploader job at 2025-07-04T09:21:37.144415
[2025-07-04 09:21:37,144: INFO/ForkPoolWorker-1] Using 6 search queries: nature, people, food, travel, architecture, animals
[2025-07-04 09:21:38,027: INFO/MainProcess] Task apps.gallery.tasks.process_audio[000bf13c-e7a0-4947-ae08-03f7c754b7cd] received
[2025-07-04 09:21:49,548: INFO/ForkPoolWorker-3] Task apps.gallery.tasks.populate_unsplash_images[9fa0948d-f9a2-44d6-80d6-ed5e6b96563e] succeeded in 96.21901877400069s: None
[2025-07-04 09:21:49,720: INFO/ForkPoolWorker-3] Fetching audios to process
[2025-07-04 09:21:50,434: INFO/MainProcess] Task apps.gallery.tasks.process_audio[30d6eb68-8267-4e62-b484-68581789f26c] received
[2025-07-04 09:21:50,981: INFO/ForkPoolWorker-3] No audio files to process
[2025-07-04 09:21:51,310: INFO/ForkPoolWorker-3] Task apps.gallery.tasks.process_audio[fe7a1290-06dd-4d88-b787-122450cd1b5a] succeeded in 1.5914844479993917s: None
[2025-07-04 09:21:51,488: INFO/ForkPoolWorker-3] Fetching unsplash images to process
[2025-07-04 09:21:51,488: INFO/ForkPoolWorker-3] Starting Unsplash to gcs uploader job at 2025-07-04T09:21:51.488140
[2025-07-04 09:21:51,488: INFO/ForkPoolWorker-3] Using 6 search queries: nature, people, food, travel, architecture, animals
[2025-07-04 09:21:51,823: INFO/ForkPoolWorker-2] Task apps.gallery.tasks.populate_unsplash_images[df9bbf3b-eabd-4db3-9d3b-5723ce06d8e9] succeeded in 92.90277810800035s: None
[2025-07-04 09:21:52,011: INFO/ForkPoolWorker-2] Fetching unsplash images to process
[2025-07-04 09:21:52,011: INFO/ForkPoolWorker-2] Starting Unsplash to gcs uploader job at 2025-07-04T09:21:52.011613
[2025-07-04 09:21:52,011: INFO/ForkPoolWorker-2] Using 6 search queries: nature, people, food, travel, architecture, animals
[2025-07-04 09:21:52,554: INFO/MainProcess] Task apps.gallery.tasks.populate_unsplash_images[657cce4d-4e8c-4eac-90c4-e8e77acd551f] received
[2025-07-04 09:21:53,242: INFO/MainProcess] Task apps.gallery.tasks.process_audio[84b4dcb0-9004-49d6-80e3-7cc72f60a3c5] received
[2025-07-04 09:22:49,935: INFO/ForkPoolWorker-4] Task apps.gallery.tasks.populate_unsplash_images[04954f42-4460-49e2-a7e0-f0f6c6d43704] succeeded in 94.82700540499991s: None
[2025-07-04 09:22:50,109: INFO/ForkPoolWorker-4] Fetching audios to process
[2025-07-04 09:22:51,175: INFO/MainProcess] Task apps.gallery.tasks.populate_unsplash_images[bb9dde12-6eb2-44a6-b2b7-de0a9276b564] received
[2025-07-04 09:22:51,367: INFO/ForkPoolWorker-4] No audio files to process
[2025-07-04 09:22:51,689: INFO/ForkPoolWorker-4] Task apps.gallery.tasks.process_audio[c4d0789c-284c-4db9-bf75-6ff24c00cd1d] succeeded in 1.5804979700005788s: None
[2025-07-04 09:22:51,889: INFO/ForkPoolWorker-4] Fetching audios to process
[2025-07-04 09:22:52,603: INFO/MainProcess] Task apps.gallery.tasks.process_audio[bdc67257-c06c-43f6-8eaa-95f6b9838775] received
[2025-07-04 09:22:53,104: INFO/ForkPoolWorker-4] No audio files to process
[2025-07-04 09:22:53,422: INFO/ForkPoolWorker-4] Task apps.gallery.tasks.process_audio[f150ca71-3dd7-4026-92b3-669644745e55] succeeded in 1.5334256710002592s: None
[2025-07-04 09:22:53,598: INFO/ForkPoolWorker-4] Fetching unsplash images to process
[2025-07-04 09:22:53,599: INFO/ForkPoolWorker-4] Starting Unsplash to gcs uploader job at 2025-07-04T09:22:53.599136
[2025-07-04 09:22:53,599: INFO/ForkPoolWorker-4] Using 6 search queries: nature, people, food, travel, architecture, animals
[2025-07-04 09:22:54,504: INFO/MainProcess] Task apps.gallery.tasks.populate_unsplash_images[e267ad83-55ec-4d36-8f2e-6d3cdf73ee12] received
[2025-07-04 09:23:07,983: INFO/ForkPoolWorker-1] Task apps.gallery.tasks.populate_unsplash_images[97c44e23-364c-4932-a3df-ea130662ae04] succeeded in 90.8427014129993s: None
[2025-07-04 09:23:08,155: INFO/ForkPoolWorker-1] Fetching audios to process
[2025-07-04 09:23:08,858: INFO/MainProcess] Task apps.gallery.tasks.process_audio[2f04f245-bee0-450d-800d-9c4d6586eed7] received
[2025-07-04 09:23:09,360: INFO/ForkPoolWorker-1] No audio files to process
[2025-07-04 09:23:09,725: INFO/ForkPoolWorker-1] Task apps.gallery.tasks.process_audio[36913188-07a9-4617-9dfb-be19b5719203] succeeded in 1.5703106279997883s: None
[2025-07-04 09:23:09,897: INFO/ForkPoolWorker-1] Fetching unsplash images to process
[2025-07-04 09:23:09,897: INFO/ForkPoolWorker-1] Starting Unsplash to gcs uploader job at 2025-07-04T09:23:09.897334
[2025-07-04 09:23:09,897: INFO/ForkPoolWorker-1] Using 6 search queries: nature, people, food, travel, architecture, animals
[2025-07-04 09:23:10,597: INFO/MainProcess] Task apps.gallery.tasks.populate_unsplash_images[19bde879-40ce-493a-aac8-033867e1e9ec] received
[2025-07-04 09:23:25,970: INFO/ForkPoolWorker-2] Task apps.gallery.tasks.populate_unsplash_images[c6140bb4-8523-4991-81f7-e1fc0cc0e8f8] succeeded in 93.96208576700064s: None
[2025-07-04 09:23:26,141: INFO/ForkPoolWorker-2] Fetching audios to process
[2025-07-04 09:23:26,666: INFO/ForkPoolWorker-3] Task apps.gallery.tasks.populate_unsplash_images[4e9b35b8-d48c-4537-9fec-a8e7a6320c80] succeeded in 95.18186109100043s: None
[2025-07-04 09:23:27,193: INFO/MainProcess] Task apps.gallery.tasks.process_audio[12f8ec01-5b84-458a-9b4a-2fe964bb2d06] received
[2025-07-04 09:23:27,194: INFO/ForkPoolWorker-3] Fetching unsplash images to process
[2025-07-04 09:23:27,194: INFO/ForkPoolWorker-3] Starting Unsplash to gcs uploader job at 2025-07-04T09:23:27.194402
[2025-07-04 09:23:27,194: INFO/ForkPoolWorker-3] Using 6 search queries: nature, people, food, travel, architecture, animals
[2025-07-04 09:23:27,317: INFO/ForkPoolWorker-2] No audio files to process
[2025-07-04 09:23:27,659: INFO/ForkPoolWorker-2] Task apps.gallery.tasks.process_audio[d09427af-8a6b-447e-905d-b3db5a0b1bc1] succeeded in 1.5183342210002593s: None
[2025-07-04 09:23:27,934: INFO/ForkPoolWorker-2] Fetching audios to process
[2025-07-04 09:23:28,469: INFO/MainProcess] Task apps.gallery.tasks.process_audio[2d09ac0e-9d75-4a6d-8db1-fde3b8d75577] received
[2025-07-04 09:23:29,002: INFO/MainProcess] Task apps.gallery.tasks.populate_unsplash_images[6cc61c88-9d55-4e78-b18f-48a1ad3bb866] received
[2025-07-04 09:23:29,095: INFO/ForkPoolWorker-2] No audio files to process
[2025-07-04 09:23:29,436: INFO/ForkPoolWorker-2] Task apps.gallery.tasks.process_audio[b2538197-12fb-40da-a547-4f75d00de93d] succeeded in 1.5024766040005488s: None
[2025-07-04 09:23:29,608: INFO/ForkPoolWorker-2] Fetching unsplash images to process
[2025-07-04 09:23:29,608: INFO/ForkPoolWorker-2] Starting Unsplash to gcs uploader job at 2025-07-04T09:23:29.608671
[2025-07-04 09:23:29,608: INFO/ForkPoolWorker-2] Using 6 search queries: nature, people, food, travel, architecture, animals
[2025-07-04 09:23:30,327: INFO/MainProcess] Task apps.gallery.tasks.process_audio[a60a5444-217f-45cd-80cb-24c2801a7fc9] received
[2025-07-04 09:24:28,038: INFO/ForkPoolWorker-4] Task apps.gallery.tasks.populate_unsplash_images[a8fbf021-5f88-4717-a2bc-9350900318ba] succeeded in 94.44342735800001s: None
[2025-07-04 09:24:28,210: INFO/ForkPoolWorker-4] Fetching audios to process
[2025-07-04 09:24:29,268: INFO/MainProcess] Task apps.gallery.tasks.populate_unsplash_images[1f8674e6-a194-4131-b676-a261c1cb8839] received
[2025-07-04 09:24:29,338: INFO/ForkPoolWorker-4] No audio files to process
[2025-07-04 09:24:29,658: INFO/ForkPoolWorker-4] Task apps.gallery.tasks.process_audio[777a048e-8925-4cd8-8a89-c2952b94d1f9] succeeded in 1.447800403000656s: None
[2025-07-04 09:24:29,829: INFO/ForkPoolWorker-4] Fetching unsplash images to process
[2025-07-04 09:24:29,829: INFO/ForkPoolWorker-4] Starting Unsplash to gcs uploader job at 2025-07-04T09:24:29.829719
[2025-07-04 09:24:29,829: INFO/ForkPoolWorker-4] Using 6 search queries: nature, people, food, travel, architecture, animals
[2025-07-04 09:24:30,722: ERROR/MainProcess] Received unregistered task of type 'apps.gallery.tasks.generate_metadata'.
The message has been ignored and discarded.

Did you remember to import the module containing this task?
Or maybe you're using relative imports?

Please see
https://docs.celeryq.dev/en/latest/internals/protocol.html
for more information.

The full contents of the message body was:
b'[[], {}, {"callbacks": null, "errbacks": null, "chain": null, "chord": null}]' (77b)

The full contents of the message headers:
{'lang': 'py', 'task': 'apps.gallery.tasks.generate_metadata', 'id': '732b9754-8786-400f-80c1-b66bdf9b4664', 'shadow': None, 'eta': None, 'expires': None, 'group': None, 'group_index': None, 'retries': 0, 'timelimit': [None, None], 'root_id': '732b9754-8786-400f-80c1-b66bdf9b4664', 'parent_id': None, 'argsrepr': '()', 'kwargsrepr': '{}', 'origin': 'gen7@63f692d7cb61', 'ignore_result': False, 'stamped_headers': None, 'stamps': {}}

The delivery info for this task is:
{'exchange': '', 'routing_key': 'celery'}
Traceback (most recent call last):
  File "/usr/local/lib/python3.12/site-packages/celery/worker/consumer/consumer.py", line 642, in on_task_received
    strategy = strategies[type_]
               ~~~~~~~~~~^^^^^^^
KeyError: 'apps.gallery.tasks.generate_metadata'
[2025-07-04 09:24:31,763: INFO/MainProcess] Task apps.gallery.tasks.process_audio[752e90a8-e139-4bd0-a715-003eb7d04612] received
[2025-07-04 09:24:41,389: INFO/ForkPoolWorker-1] Task apps.gallery.tasks.populate_unsplash_images[05e1f7ea-f8f1-4d29-95d2-37b5bdb918f5] succeeded in 91.49604574000023s: None
[2025-07-04 09:24:41,564: INFO/ForkPoolWorker-1] Fetching unsplash images to process
[2025-07-04 09:24:41,564: INFO/ForkPoolWorker-1] Starting Unsplash to gcs uploader job at 2025-07-04T09:24:41.564643
[2025-07-04 09:24:41,564: INFO/ForkPoolWorker-1] Using 6 search queries: nature, people, food, travel, architecture, animals
[2025-07-04 09:24:42,274: INFO/MainProcess] Task apps.gallery.tasks.populate_unsplash_images[96cd5d1a-c2c7-4849-a187-5d9c7aacfc4b] received
[2025-07-04 09:24:56,564: INFO/ForkPoolWorker-3] Task apps.gallery.tasks.populate_unsplash_images[9137eeb7-db8d-413a-8c67-55a2137e3fce] succeeded in 89.37436676099969s: None
[2025-07-04 09:24:56,735: INFO/ForkPoolWorker-3] Fetching audios to process
[2025-07-04 09:24:57,451: INFO/MainProcess] Task apps.gallery.tasks.populate_unsplash_images[fa3fbde4-7411-42e2-904f-dc9c44bbf26e] received
[2025-07-04 09:24:57,903: INFO/ForkPoolWorker-3] No audio files to process
[2025-07-04 09:24:58,233: INFO/ForkPoolWorker-3] Task apps.gallery.tasks.process_audio[000bf13c-e7a0-4947-ae08-03f7c754b7cd] succeeded in 1.4981599680004365s: None
[2025-07-04 09:24:58,410: INFO/ForkPoolWorker-3] Fetching audios to process
[2025-07-04 09:24:59,290: INFO/MainProcess] Task apps.gallery.tasks.process_audio[29577f45-2c3e-40b4-b5e6-4c075f4b7a2e] received
[2025-07-04 09:24:59,700: INFO/ForkPoolWorker-3] No audio files to process
[2025-07-04 09:25:00,029: INFO/ForkPoolWorker-3] Task apps.gallery.tasks.process_audio[30d6eb68-8267-4e62-b484-68581789f26c] succeeded in 1.6189159859995925s: None
[2025-07-04 09:25:00,202: INFO/ForkPoolWorker-3] Fetching unsplash images to process
[2025-07-04 09:25:00,203: INFO/ForkPoolWorker-3] Starting Unsplash to gcs uploader job at 2025-07-04T09:25:00.203038
[2025-07-04 09:25:00,203: INFO/ForkPoolWorker-3] Using 6 search queries: nature, people, food, travel, architecture, animals
[2025-07-04 09:25:00,916: INFO/MainProcess] Task apps.gallery.tasks.populate_unsplash_images[ed6eea23-f5c7-48c5-ba18-1ebe1a9a4528] received
[2025-07-04 09:25:01,635: INFO/ForkPoolWorker-2] Task apps.gallery.tasks.populate_unsplash_images[ea6e24e1-83df-4756-b5ac-a28c5a1b54b5] succeeded in 92.03104102900033s: None
[2025-07-04 09:25:01,808: INFO/ForkPoolWorker-2] Fetching audios to process
[2025-07-04 09:25:02,518: INFO/MainProcess] Task apps.gallery.tasks.process_audio[0fa3e9ed-6610-418e-9f5c-f0dee60c6b4e] received
[2025-07-04 09:25:02,967: INFO/ForkPoolWorker-2] No audio files to process
[2025-07-04 09:25:03,318: INFO/ForkPoolWorker-2] Task apps.gallery.tasks.process_audio[84b4dcb0-9004-49d6-80e3-7cc72f60a3c5] succeeded in 1.5099408149999363s: None
[2025-07-04 09:25:03,604: INFO/ForkPoolWorker-2] Fetching unsplash images to process
[2025-07-04 09:25:03,604: INFO/ForkPoolWorker-2] Starting Unsplash to gcs uploader job at 2025-07-04T09:25:03.604332
[2025-07-04 09:25:03,604: INFO/ForkPoolWorker-2] Using 6 search queries: nature, people, food, travel, architecture, animals
[2025-07-04 09:25:04,315: INFO/MainProcess] Task apps.gallery.tasks.populate_unsplash_images[c9b3c625-0ad2-4953-ac35-b4f7daea9887] received
[2025-07-04 09:26:01,042: INFO/ForkPoolWorker-4] Task apps.gallery.tasks.populate_unsplash_images[4dc19e09-9bc6-4c32-a96a-7a617153c90f] succeeded in 91.21699681700011s: None
[2025-07-04 09:26:01,217: INFO/ForkPoolWorker-4] Fetching audios to process
[2025-07-04 09:26:02,284: INFO/MainProcess] Task apps.gallery.tasks.process_audio[076b1147-a87a-48aa-85aa-5a4153c681e5] received
[2025-07-04 09:26:02,477: INFO/ForkPoolWorker-4] No audio files to process
[2025-07-04 09:26:02,794: INFO/ForkPoolWorker-4] Task apps.gallery.tasks.process_audio[bdc67257-c06c-43f6-8eaa-95f6b9838775] succeeded in 1.5775674599999547s: None
[2025-07-04 09:26:02,966: INFO/ForkPoolWorker-4] Fetching unsplash images to process
[2025-07-04 09:26:02,967: INFO/ForkPoolWorker-4] Starting Unsplash to gcs uploader job at 2025-07-04T09:26:02.967039
[2025-07-04 09:26:02,967: INFO/ForkPoolWorker-4] Using 6 search queries: nature, people, food, travel, architecture, animals
[2025-07-04 09:26:03,677: INFO/MainProcess] Task apps.gallery.tasks.populate_unsplash_images[eff92f49-c698-4f8b-be9b-d3618a2b004f] received
[2025-07-04 09:26:14,350: INFO/ForkPoolWorker-1] Task apps.gallery.tasks.populate_unsplash_images[85da68ce-30be-415f-b2b1-a0a35d936199] succeeded in 92.78925934600011s: None
[2025-07-04 09:26:14,523: INFO/ForkPoolWorker-1] Fetching audios to process
[2025-07-04 09:26:15,328: INFO/MainProcess] Task apps.gallery.tasks.process_audio[0df3a89d-f63b-469c-ba15-d7f9449c8a5b] received
[2025-07-04 09:26:15,782: INFO/ForkPoolWorker-1] No audio files to process
[2025-07-04 09:26:16,144: INFO/ForkPoolWorker-1] Task apps.gallery.tasks.process_audio[2f04f245-bee0-450d-800d-9c4d6586eed7] succeeded in 1.6218238230003408s: None
[2025-07-04 09:26:16,318: INFO/ForkPoolWorker-1] Fetching unsplash images to process
[2025-07-04 09:26:16,319: INFO/ForkPoolWorker-1] Starting Unsplash to gcs uploader job at 2025-07-04T09:26:16.319017
[2025-07-04 09:26:16,319: INFO/ForkPoolWorker-1] Using 6 search queries: nature, people, food, travel, architecture, animals
[2025-07-04 09:26:17,026: INFO/MainProcess] Task apps.gallery.tasks.populate_unsplash_images[9079fb07-090b-4980-bd65-4de357f13aea] received
[2025-07-04 09:26:38,393: INFO/ForkPoolWorker-2] Task apps.gallery.tasks.populate_unsplash_images[bb9dde12-6eb2-44a6-b2b7-de0a9276b564] succeeded in 94.79300147999948s: None
[2025-07-04 09:26:38,422: INFO/ForkPoolWorker-3] Task apps.gallery.tasks.populate_unsplash_images[657cce4d-4e8c-4eac-90c4-e8e77acd551f] succeeded in 98.22337840199998s: None
[2025-07-04 09:26:38,567: INFO/ForkPoolWorker-2] Fetching audios to process
[2025-07-04 09:26:38,567: INFO/ForkPoolWorker-3] Fetching audios to process
[2025-07-04 09:26:39,698: INFO/ForkPoolWorker-3] No audio files to process
[2025-07-04 09:26:39,798: INFO/ForkPoolWorker-2] No audio files to process
[2025-07-04 09:26:39,806: INFO/MainProcess] Task apps.gallery.tasks.process_audio[7af6f613-e104-40cf-b3b4-378d3f57f238] received
[2025-07-04 09:26:40,028: INFO/ForkPoolWorker-3] Task apps.gallery.tasks.process_audio[2d09ac0e-9d75-4a6d-8db1-fde3b8d75577] succeeded in 1.4608552919999056s: None
[2025-07-04 09:26:40,145: INFO/ForkPoolWorker-2] Task apps.gallery.tasks.process_audio[12f8ec01-5b84-458a-9b4a-2fe964bb2d06] succeeded in 1.578402355000435s: None
[2025-07-04 09:26:40,385: INFO/MainProcess] Task apps.gallery.tasks.populate_unsplash_images[3fe54722-c7c8-432f-bf7e-3c750cbd6267] received
[2025-07-04 09:26:40,387: INFO/ForkPoolWorker-2] Fetching unsplash images to process
[2025-07-04 09:26:40,387: INFO/ForkPoolWorker-2] Starting Unsplash to gcs uploader job at 2025-07-04T09:26:40.387198
[2025-07-04 09:26:40,387: INFO/ForkPoolWorker-2] Using 6 search queries: nature, people, food, travel, architecture, animals
[2025-07-04 09:26:40,387: INFO/ForkPoolWorker-3] Fetching audios to process
[2025-07-04 09:26:41,460: INFO/MainProcess] Task apps.gallery.tasks.process_audio[4bdfc107-f197-4062-b369-ef52431b16ca] received
[2025-07-04 09:26:41,540: INFO/ForkPoolWorker-3] No audio files to process
[2025-07-04 09:26:41,868: INFO/ForkPoolWorker-3] Task apps.gallery.tasks.process_audio[a60a5444-217f-45cd-80cb-24c2801a7fc9] succeeded in 1.4818410829993809s: None
[2025-07-04 09:26:42,228: INFO/MainProcess] Task apps.gallery.tasks.populate_unsplash_images[a1a11dd3-10a3-4bb5-aef1-efa248cfbf37] received
[2025-07-04 09:26:42,229: INFO/ForkPoolWorker-3] Fetching unsplash images to process
[2025-07-04 09:26:42,229: INFO/ForkPoolWorker-3] Starting Unsplash to gcs uploader job at 2025-07-04T09:26:42.229571
[2025-07-04 09:26:42,229: INFO/ForkPoolWorker-3] Using 6 search queries: nature, people, food, travel, architecture, animals
[2025-07-04 09:26:43,111: ERROR/MainProcess] Received unregistered task of type 'apps.gallery.tasks.generate_metadata'.
The message has been ignored and discarded.

Did you remember to import the module containing this task?
Or maybe you're using relative imports?

Please see
https://docs.celeryq.dev/en/latest/internals/protocol.html
for more information.

The full contents of the message body was:
b'[[], {}, {"callbacks": null, "errbacks": null, "chain": null, "chord": null}]' (77b)

The full contents of the message headers:
{'lang': 'py', 'task': 'apps.gallery.tasks.generate_metadata', 'id': '3302b1b7-3cda-41fa-b0e3-5712dc8fb1a8', 'shadow': None, 'eta': None, 'expires': None, 'group': None, 'group_index': None, 'retries': 0, 'timelimit': [None, None], 'root_id': '3302b1b7-3cda-41fa-b0e3-5712dc8fb1a8', 'parent_id': None, 'argsrepr': '()', 'kwargsrepr': '{}', 'origin': 'gen7@63f692d7cb61', 'ignore_result': False, 'stamped_headers': None, 'stamps': {}}

The delivery info for this task is:
{'exchange': '', 'routing_key': 'celery'}
Traceback (most recent call last):
  File "/usr/local/lib/python3.12/site-packages/celery/worker/consumer/consumer.py", line 642, in on_task_received
    strategy = strategies[type_]
               ~~~~~~~~~~^^^^^^^
KeyError: 'apps.gallery.tasks.generate_metadata'
[2025-07-04 09:26:44,890: INFO/MainProcess] Task apps.gallery.tasks.process_audio[2c98a0b5-3915-45ba-975a-327c331f9569] received
[2025-07-04 09:27:39,415: INFO/ForkPoolWorker-4] Task apps.gallery.tasks.populate_unsplash_images[e267ad83-55ec-4d36-8f2e-6d3cdf73ee12] succeeded in 96.4522412870001s: None
[2025-07-04 09:27:39,585: INFO/ForkPoolWorker-4] Fetching audios to process
[2025-07-04 09:27:40,652: INFO/MainProcess] Task apps.gallery.tasks.populate_unsplash_images[0d8642cd-c170-4ac2-b26a-6ff112f4b511] received
[2025-07-04 09:27:40,705: INFO/ForkPoolWorker-4] No audio files to process
[2025-07-04 09:27:41,023: INFO/ForkPoolWorker-4] Task apps.gallery.tasks.process_audio[752e90a8-e139-4bd0-a715-003eb7d04612] succeeded in 1.4378672560005725s: None
[2025-07-04 09:27:41,196: INFO/ForkPoolWorker-4] Fetching unsplash images to process
[2025-07-04 09:27:41,196: INFO/ForkPoolWorker-4] Starting Unsplash to gcs uploader job at 2025-07-04T09:27:41.196236
[2025-07-04 09:27:41,196: INFO/ForkPoolWorker-4] Using 6 search queries: nature, people, food, travel, architecture, animals
[2025-07-04 09:27:41,904: INFO/MainProcess] Task apps.gallery.tasks.process_audio[89f99b07-627d-4ac7-8305-a6f74101808e] received
[2025-07-04 09:27:46,122: INFO/ForkPoolWorker-1] Task apps.gallery.tasks.populate_unsplash_images[19bde879-40ce-493a-aac8-033867e1e9ec] succeeded in 89.80725071699999s: None
[2025-07-04 09:27:46,299: INFO/ForkPoolWorker-1] Fetching unsplash images to process
[2025-07-04 09:27:46,299: INFO/ForkPoolWorker-1] Starting Unsplash to gcs uploader job at 2025-07-04T09:27:46.299606
[2025-07-04 09:27:46,299: INFO/ForkPoolWorker-1] Using 6 search queries: nature, people, food, travel, architecture, animals
[2025-07-04 09:27:47,008: INFO/MainProcess] Task apps.gallery.tasks.populate_unsplash_images[287d4f8e-b1d0-45c2-83e1-756c13b61886] received
[2025-07-04 09:28:10,596: INFO/ForkPoolWorker-2] Task apps.gallery.tasks.populate_unsplash_images[6cc61c88-9d55-4e78-b18f-48a1ad3bb866] succeeded in 90.21319199000027s: None
[2025-07-04 09:28:10,768: INFO/ForkPoolWorker-2] Fetching audios to process
[2025-07-04 09:28:11,617: INFO/MainProcess] Task apps.gallery.tasks.populate_unsplash_images[5680da62-0898-42a8-9987-e484b16b5e19] received
[2025-07-04 09:28:11,938: INFO/ForkPoolWorker-2] No audio files to process
[2025-07-04 09:28:12,277: INFO/ForkPoolWorker-2] Task apps.gallery.tasks.process_audio[29577f45-2c3e-40b4-b5e6-4c075f4b7a2e] succeeded in 1.509106127999985s: None
[2025-07-04 09:28:12,452: INFO/ForkPoolWorker-2] Fetching unsplash images to process
[2025-07-04 09:28:12,452: INFO/ForkPoolWorker-2] Starting Unsplash to gcs uploader job at 2025-07-04T09:28:12.452614
[2025-07-04 09:28:12,452: INFO/ForkPoolWorker-2] Using 6 search queries: nature, people, food, travel, architecture, animals
[2025-07-04 09:28:13,164: INFO/MainProcess] Task apps.gallery.tasks.process_audio[0023701e-25b5-47c4-98a4-35e612c6d03e] received
[2025-07-04 09:28:18,244: INFO/ForkPoolWorker-3] Task apps.gallery.tasks.populate_unsplash_images[1f8674e6-a194-4131-b676-a261c1cb8839] succeeded in 96.01910451399999s: None
[2025-07-04 09:28:18,416: INFO/ForkPoolWorker-3] Fetching audios to process
[2025-07-04 09:28:19,120: INFO/MainProcess] Task apps.gallery.tasks.populate_unsplash_images[13f19386-ab7f-4c86-b1bc-74ed65ef265e] received
[2025-07-04 09:28:19,555: INFO/ForkPoolWorker-3] No audio files to process
[2025-07-04 09:28:19,887: INFO/ForkPoolWorker-3] Task apps.gallery.tasks.process_audio[0fa3e9ed-6610-418e-9f5c-f0dee60c6b4e] succeeded in 1.471540236000692s: None
[2025-07-04 09:28:20,230: INFO/ForkPoolWorker-3] Fetching unsplash images to process
[2025-07-04 09:28:20,230: INFO/ForkPoolWorker-3] Starting Unsplash to gcs uploader job at 2025-07-04T09:28:20.230718
[2025-07-04 09:28:20,230: INFO/ForkPoolWorker-3] Using 6 search queries: nature, people, food, travel, architecture, animals
[2025-07-04 09:28:20,933: ERROR/MainProcess] Received unregistered task of type 'apps.gallery.tasks.generate_metadata'.
The message has been ignored and discarded.

Did you remember to import the module containing this task?
Or maybe you're using relative imports?

Please see
https://docs.celeryq.dev/en/latest/internals/protocol.html
for more information.

The full contents of the message body was:
b'[[], {}, {"callbacks": null, "errbacks": null, "chain": null, "chord": null}]' (77b)

The full contents of the message headers:
{'lang': 'py', 'task': 'apps.gallery.tasks.generate_metadata', 'id': 'e088d26f-f488-4a1f-b98b-3966aff6ee49', 'shadow': None, 'eta': None, 'expires': None, 'group': None, 'group_index': None, 'retries': 0, 'timelimit': [None, None], 'root_id': 'e088d26f-f488-4a1f-b98b-3966aff6ee49', 'parent_id': None, 'argsrepr': '()', 'kwargsrepr': '{}', 'origin': 'gen7@63f692d7cb61', 'ignore_result': False, 'stamped_headers': None, 'stamps': {}}

The delivery info for this task is:
{'exchange': '', 'routing_key': 'celery'}
Traceback (most recent call last):
  File "/usr/local/lib/python3.12/site-packages/celery/worker/consumer/consumer.py", line 642, in on_task_received
    strategy = strategies[type_]
               ~~~~~~~~~~^^^^^^^
KeyError: 'apps.gallery.tasks.generate_metadata'
[2025-07-04 09:28:21,979: INFO/MainProcess] Task apps.gallery.tasks.process_audio[0b4a3aa4-4878-4232-93ad-43d3091c4828] received
[2025-07-04 09:29:11,333: INFO/ForkPoolWorker-4] Task apps.gallery.tasks.populate_unsplash_images[96cd5d1a-c2c7-4849-a187-5d9c7aacfc4b] succeeded in 90.14074157699997s: None
[2025-07-04 09:29:11,507: INFO/ForkPoolWorker-4] Fetching audios to process
[2025-07-04 09:29:12,584: INFO/MainProcess] Task apps.gallery.tasks.process_audio[05234f73-4747-47b3-9dd2-64fd89a5735f] received
[2025-07-04 09:29:12,683: INFO/ForkPoolWorker-4] No audio files to process
[2025-07-04 09:29:13,002: INFO/ForkPoolWorker-4] Task apps.gallery.tasks.process_audio[076b1147-a87a-48aa-85aa-5a4153c681e5] succeeded in 1.494763611000053s: None
[2025-07-04 09:29:13,175: INFO/ForkPoolWorker-4] Fetching unsplash images to process
[2025-07-04 09:29:13,175: INFO/ForkPoolWorker-4] Starting Unsplash to gcs uploader job at 2025-07-04T09:29:13.175440
[2025-07-04 09:29:13,175: INFO/ForkPoolWorker-4] Using 6 search queries: nature, people, food, travel, architecture, animals
[2025-07-04 09:29:13,888: INFO/MainProcess] Task apps.gallery.tasks.populate_unsplash_images[3e752faf-13b6-45b1-9268-4dd285af5633] received
[2025-07-04 09:29:21,303: INFO/ForkPoolWorker-1] Task apps.gallery.tasks.populate_unsplash_images[fa3fbde4-7411-42e2-904f-dc9c44bbf26e] succeeded in 95.00877266499992s: None
[2025-07-04 09:29:21,477: INFO/ForkPoolWorker-1] Fetching audios to process
[2025-07-04 09:29:22,185: INFO/MainProcess] Task apps.gallery.tasks.process_audio[1f515604-dbac-48b1-bef8-1f22f89a7067] received
[2025-07-04 09:29:22,713: INFO/ForkPoolWorker-1] No audio files to process
[2025-07-04 09:29:23,078: INFO/ForkPoolWorker-1] Task apps.gallery.tasks.process_audio[0df3a89d-f63b-469c-ba15-d7f9449c8a5b] succeeded in 1.601500505000331s: None
[2025-07-04 09:29:23,425: INFO/ForkPoolWorker-1] Fetching unsplash images to process
[2025-07-04 09:29:23,425: INFO/ForkPoolWorker-1] Starting Unsplash to gcs uploader job at 2025-07-04T09:29:23.425458
[2025-07-04 09:29:23,425: INFO/ForkPoolWorker-1] Using 6 search queries: nature, people, food, travel, architecture, animals
[2025-07-04 09:29:24,134: INFO/MainProcess] Task apps.gallery.tasks.populate_unsplash_images[aa16c3d9-0c2c-48b0-8f79-766e554c4804] received
[2025-07-04 09:49:36,538: INFO/MainProcess] missed heartbeat from celery@63f692d7cb61
[2025-07-04 09:49:36,542: INFO/MainProcess] missed heartbeat from celery@838e3ebc3f56
[2025-07-04 09:49:36,547: WARNING/MainProcess] consumer: Connection to broker lost. Trying to re-establish the connection...
Traceback (most recent call last):
  File "/usr/local/lib/python3.12/site-packages/celery/worker/consumer/consumer.py", line 336, in start
    blueprint.start(self)
  File "/usr/local/lib/python3.12/site-packages/celery/bootsteps.py", line 116, in start
    step.start(parent)
  File "/usr/local/lib/python3.12/site-packages/celery/worker/consumer/consumer.py", line 726, in start
    c.loop(*c.loop_args())
  File "/usr/local/lib/python3.12/site-packages/celery/worker/loops.py", line 97, in asynloop
    next(loop)
  File "/usr/local/lib/python3.12/site-packages/kombu/asynchronous/hub.py", line 373, in create_loop
    cb(*cbargs)
  File "/usr/local/lib/python3.12/site-packages/kombu/transport/redis.py", line 1359, in on_readable
    self.cycle.on_readable(fileno)
  File "/usr/local/lib/python3.12/site-packages/kombu/transport/redis.py", line 576, in on_readable
    chan.handlers[type]()
  File "/usr/local/lib/python3.12/site-packages/kombu/transport/redis.py", line 925, in _receive
    ret.append(self._receive_one(c))
               ^^^^^^^^^^^^^^^^^^^^
  File "/usr/local/lib/python3.12/site-packages/kombu/transport/redis.py", line 935, in _receive_one
    response = c.parse_response()
               ^^^^^^^^^^^^^^^^^^
  File "/usr/local/lib/python3.12/site-packages/redis/client.py", line 865, in parse_response
    response = self._execute(conn, try_read)
               ^^^^^^^^^^^^^^^^^^^^^^^^^^^^^
  File "/usr/local/lib/python3.12/site-packages/redis/client.py", line 841, in _execute
    return conn.retry.call_with_retry(
           ^^^^^^^^^^^^^^^^^^^^^^^^^^^
  File "/usr/local/lib/python3.12/site-packages/redis/retry.py", line 65, in call_with_retry
    fail(error)
  File "/usr/local/lib/python3.12/site-packages/redis/client.py", line 843, in <lambda>
    lambda error: self._disconnect_raise_connect(conn, error),
                  ^^^^^^^^^^^^^^^^^^^^^^^^^^^^^^^^^^^^^^^^^^^
  File "/usr/local/lib/python3.12/site-packages/redis/client.py", line 830, in _disconnect_raise_connect
    raise error
  File "/usr/local/lib/python3.12/site-packages/redis/retry.py", line 62, in call_with_retry
    return do()
           ^^^^
  File "/usr/local/lib/python3.12/site-packages/redis/client.py", line 842, in <lambda>
    lambda: command(*args, **kwargs),
            ^^^^^^^^^^^^^^^^^^^^^^^^
  File "/usr/local/lib/python3.12/site-packages/redis/client.py", line 863, in try_read
    return conn.read_response(disconnect_on_error=False, push_request=True)
           ^^^^^^^^^^^^^^^^^^^^^^^^^^^^^^^^^^^^^^^^^^^^^^^^^^^^^^^^^^^^^^^^
  File "/usr/local/lib/python3.12/site-packages/redis/connection.py", line 592, in read_response
    response = self._parser.read_response(disable_decoding=disable_decoding)
               ^^^^^^^^^^^^^^^^^^^^^^^^^^^^^^^^^^^^^^^^^^^^^^^^^^^^^^^^^^^^^
  File "/usr/local/lib/python3.12/site-packages/redis/_parsers/resp2.py", line 15, in read_response
    result = self._read_response(disable_decoding=disable_decoding)
             ^^^^^^^^^^^^^^^^^^^^^^^^^^^^^^^^^^^^^^^^^^^^^^^^^^^^^^
  File "/usr/local/lib/python3.12/site-packages/redis/_parsers/resp2.py", line 25, in _read_response
    raw = self._buffer.readline()
          ^^^^^^^^^^^^^^^^^^^^^^^
  File "/usr/local/lib/python3.12/site-packages/redis/_parsers/socket.py", line 115, in readline
    self._read_from_socket()
  File "/usr/local/lib/python3.12/site-packages/redis/_parsers/socket.py", line 68, in _read_from_socket
    raise ConnectionError(SERVER_CLOSED_CONNECTION_ERROR)
redis.exceptions.ConnectionError: Connection closed by server.
[2025-07-04 09:49:36,561: WARNING/MainProcess] Restoring 16 unacknowledged message(s)
[2025-07-04 09:49:49,526: WARNING/MainProcess] /usr/local/lib/python3.12/site-packages/celery/worker/consumer/consumer.py:386: CPendingDeprecationWarning: 
In Celery 5.1 we introduced an optional breaking change which
on connection loss cancels all currently executed tasks with late acknowledgement enabled.
These tasks cannot be acknowledged as the connection is gone, and the tasks are automatically redelivered
back to the queue. You can enable this behavior using the worker_cancel_long_running_tasks_on_connection_loss
setting. In Celery 5.1 it is set to False by default. The setting will be set to True by default in Celery 6.0.

  warnings.warn(CANCEL_TASKS_BY_DEFAULT, CPendingDeprecationWarning)

[2025-07-04 09:49:49,527: INFO/MainProcess] Temporarily reducing the prefetch count to 4 to avoid over-fetching since 6 tasks are currently being processed.
The prefetch count will be gradually restored to 16 as the tasks complete processing.
[2025-07-04 09:49:51,900: INFO/MainProcess] Connected to redis://default:**@168.231.112.236:6379//
[2025-07-04 09:49:53,571: INFO/MainProcess] mingle: searching for neighbors
[2025-07-04 09:49:54,646: WARNING/ForkPoolWorker-3] /usr/local/lib/python3.12/site-packages/celery/app/trace.py:686: RuntimeWarning: Exception raised outside body: ConnectionError('Connection closed by server.'):
Traceback (most recent call last):
  File "/usr/local/lib/python3.12/site-packages/django/db/backends/utils.py", line 105, in _execute
    return self.cursor.execute(sql, params)
           ^^^^^^^^^^^^^^^^^^^^^^^^^^^^^^^^
psycopg2.OperationalError: server closed the connection unexpectedly
	This probably means the server terminated abnormally
	before or while processing the request.


The above exception was the direct cause of the following exception:

Traceback (most recent call last):
  File "/usr/local/lib/python3.12/site-packages/celery/app/trace.py", line 477, in trace_task
    R = retval = fun(*args, **kwargs)
                 ^^^^^^^^^^^^^^^^^^^^
  File "/usr/local/lib/python3.12/site-packages/celery/app/trace.py", line 760, in __protected_call__
    return self.run(*args, **kwargs)
           ^^^^^^^^^^^^^^^^^^^^^^^^^
  File "/app/apps/gallery/tasks.py", line 155, in populate_unsplash_images
    client.run()
  File "/app/apps/utils/unsplash_client/_client.py", line 295, in run
    user = User.objects.get(is_superuser=True)
           ^^^^^^^^^^^^^^^^^^^^^^^^^^^^^^^^^^^
  File "/usr/local/lib/python3.12/site-packages/django/db/models/manager.py", line 87, in manager_method
    return getattr(self.get_queryset(), name)(*args, **kwargs)
           ^^^^^^^^^^^^^^^^^^^^^^^^^^^^^^^^^^^^^^^^^^^^^^^^^^^
  File "/usr/local/lib/python3.12/site-packages/django/db/models/query.py", line 645, in get
    num = len(clone)
          ^^^^^^^^^^
  File "/usr/local/lib/python3.12/site-packages/django/db/models/query.py", line 382, in __len__
    self._fetch_all()
  File "/usr/local/lib/python3.12/site-packages/django/db/models/query.py", line 1928, in _fetch_all
    self._result_cache = list(self._iterable_class(self))
                         ^^^^^^^^^^^^^^^^^^^^^^^^^^^^^^^^
  File "/usr/local/lib/python3.12/site-packages/django/db/models/query.py", line 91, in __iter__
    results = compiler.execute_sql(
              ^^^^^^^^^^^^^^^^^^^^^
  File "/usr/local/lib/python3.12/site-packages/django/db/models/sql/compiler.py", line 1574, in execute_sql
    cursor.execute(sql, params)
  File "/usr/local/lib/python3.12/site-packages/django/db/backends/utils.py", line 122, in execute
    return super().execute(sql, params)
           ^^^^^^^^^^^^^^^^^^^^^^^^^^^^
  File "/usr/local/lib/python3.12/site-packages/django/db/backends/utils.py", line 79, in execute
    return self._execute_with_wrappers(
           ^^^^^^^^^^^^^^^^^^^^^^^^^^^^
  File "/usr/local/lib/python3.12/site-packages/django/db/backends/utils.py", line 92, in _execute_with_wrappers
    return executor(sql, params, many, context)
           ^^^^^^^^^^^^^^^^^^^^^^^^^^^^^^^^^^^^
  File "/usr/local/lib/python3.12/site-packages/django/db/backends/utils.py", line 100, in _execute
    with self.db.wrap_database_errors:
         ^^^^^^^^^^^^^^^^^^^^^^^^^^^^
  File "/usr/local/lib/python3.12/site-packages/django/db/utils.py", line 91, in __exit__
    raise dj_exc_value.with_traceback(traceback) from exc_value
  File "/usr/local/lib/python3.12/site-packages/django/db/backends/utils.py", line 105, in _execute
    return self.cursor.execute(sql, params)
           ^^^^^^^^^^^^^^^^^^^^^^^^^^^^^^^^
django.db.utils.OperationalError: server closed the connection unexpectedly
	This probably means the server terminated abnormally
	before or while processing the request.


During handling of the above exception, another exception occurred:

Traceback (most recent call last):
  File "/usr/local/lib/python3.12/site-packages/celery/app/trace.py", line 494, in trace_task
    I, R, state, retval = on_error(task_request, exc)
                          ^^^^^^^^^^^^^^^^^^^^^^^^^^^
  File "/usr/local/lib/python3.12/site-packages/celery/app/trace.py", line 399, in on_error
    R = I.handle_error_state(
        ^^^^^^^^^^^^^^^^^^^^^
  File "/usr/local/lib/python3.12/site-packages/celery/app/trace.py", line 178, in handle_error_state
    return {
           ^
  File "/usr/local/lib/python3.12/site-packages/celery/app/trace.py", line 230, in handle_failure
    task.backend.mark_as_failure(
  File "/usr/local/lib/python3.12/site-packages/celery/backends/base.py", line 167, in mark_as_failure
    self.store_result(task_id, exc, state,
  File "/usr/local/lib/python3.12/site-packages/celery/backends/base.py", line 526, in store_result
    self._store_result(task_id, result, state, traceback,
  File "/usr/local/lib/python3.12/site-packages/celery/backends/base.py", line 973, in _store_result
    current_meta = self._get_task_meta_for(task_id)
                   ^^^^^^^^^^^^^^^^^^^^^^^^^^^^^^^^
  File "/usr/local/lib/python3.12/site-packages/celery/backends/base.py", line 995, in _get_task_meta_for
    meta = self.get(self.get_key_for_task(task_id))
           ^^^^^^^^^^^^^^^^^^^^^^^^^^^^^^^^^^^^^^^^
  File "/usr/local/lib/python3.12/site-packages/celery/backends/redis.py", line 376, in get
    return self.client.get(key)
           ^^^^^^^^^^^^^^^^^^^^
  File "/usr/local/lib/python3.12/site-packages/redis/commands/core.py", line 1822, in get
    return self.execute_command("GET", name, keys=[name])
           ^^^^^^^^^^^^^^^^^^^^^^^^^^^^^^^^^^^^^^^^^^^^^^
  File "/usr/local/lib/python3.12/site-packages/redis/client.py", line 559, in execute_command
    return self._execute_command(*args, **options)
           ^^^^^^^^^^^^^^^^^^^^^^^^^^^^^^^^^^^^^^^
  File "/usr/local/lib/python3.12/site-packages/redis/client.py", line 567, in _execute_command
    return conn.retry.call_with_retry(
           ^^^^^^^^^^^^^^^^^^^^^^^^^^^
  File "/usr/local/lib/python3.12/site-packages/redis/retry.py", line 65, in call_with_retry
    fail(error)
  File "/usr/local/lib/python3.12/site-packages/redis/client.py", line 571, in <lambda>
    lambda error: self._disconnect_raise(conn, error),
                  ^^^^^^^^^^^^^^^^^^^^^^^^^^^^^^^^^^^
  File "/usr/local/lib/python3.12/site-packages/redis/client.py", line 555, in _disconnect_raise
    raise error
  File "/usr/local/lib/python3.12/site-packages/redis/retry.py", line 62, in call_with_retry
    return do()
           ^^^^
  File "/usr/local/lib/python3.12/site-packages/redis/client.py", line 568, in <lambda>
    lambda: self._send_command_parse_response(
            ^^^^^^^^^^^^^^^^^^^^^^^^^^^^^^^^^^
  File "/usr/local/lib/python3.12/site-packages/redis/client.py", line 542, in _send_command_parse_response
    return self.parse_response(conn, command_name, **options)
           ^^^^^^^^^^^^^^^^^^^^^^^^^^^^^^^^^^^^^^^^^^^^^^^^^^
  File "/usr/local/lib/python3.12/site-packages/redis/client.py", line 584, in parse_response
    response = connection.read_response()
               ^^^^^^^^^^^^^^^^^^^^^^^^^^
  File "/usr/local/lib/python3.12/site-packages/redis/connection.py", line 592, in read_response
    response = self._parser.read_response(disable_decoding=disable_decoding)
               ^^^^^^^^^^^^^^^^^^^^^^^^^^^^^^^^^^^^^^^^^^^^^^^^^^^^^^^^^^^^^
  File "/usr/local/lib/python3.12/site-packages/redis/_parsers/resp2.py", line 15, in read_response
    result = self._read_response(disable_decoding=disable_decoding)
             ^^^^^^^^^^^^^^^^^^^^^^^^^^^^^^^^^^^^^^^^^^^^^^^^^^^^^^
  File "/usr/local/lib/python3.12/site-packages/redis/_parsers/resp2.py", line 25, in _read_response
    raw = self._buffer.readline()
          ^^^^^^^^^^^^^^^^^^^^^^^
  File "/usr/local/lib/python3.12/site-packages/redis/_parsers/socket.py", line 115, in readline
    self._read_from_socket()
  File "/usr/local/lib/python3.12/site-packages/redis/_parsers/socket.py", line 68, in _read_from_socket
    raise ConnectionError(SERVER_CLOSED_CONNECTION_ERROR)
redis.exceptions.ConnectionError: Connection closed by server.

  warn(RuntimeWarning(

[2025-07-04 09:49:55,870: ERROR/ForkPoolWorker-3] Task apps.gallery.tasks.populate_unsplash_images[c9b3c625-0ad2-4953-ac35-b4f7daea9887] raised unexpected: ConnectionError('Connection closed by server.')
Traceback (most recent call last):
  File "/usr/local/lib/python3.12/site-packages/django/db/backends/utils.py", line 105, in _execute
    return self.cursor.execute(sql, params)
           ^^^^^^^^^^^^^^^^^^^^^^^^^^^^^^^^
psycopg2.OperationalError: server closed the connection unexpectedly
	This probably means the server terminated abnormally
	before or while processing the request.


The above exception was the direct cause of the following exception:

Traceback (most recent call last):
  File "/usr/local/lib/python3.12/site-packages/celery/app/trace.py", line 477, in trace_task
    R = retval = fun(*args, **kwargs)
                 ^^^^^^^^^^^^^^^^^^^^
  File "/usr/local/lib/python3.12/site-packages/celery/app/trace.py", line 760, in __protected_call__
    return self.run(*args, **kwargs)
           ^^^^^^^^^^^^^^^^^^^^^^^^^
  File "/app/apps/gallery/tasks.py", line 155, in populate_unsplash_images
    client.run()
  File "/app/apps/utils/unsplash_client/_client.py", line 295, in run
    user = User.objects.get(is_superuser=True)
           ^^^^^^^^^^^^^^^^^^^^^^^^^^^^^^^^^^^
  File "/usr/local/lib/python3.12/site-packages/django/db/models/manager.py", line 87, in manager_method
    return getattr(self.get_queryset(), name)(*args, **kwargs)
           ^^^^^^^^^^^^^^^^^^^^^^^^^^^^^^^^^^^^^^^^^^^^^^^^^^^
  File "/usr/local/lib/python3.12/site-packages/django/db/models/query.py", line 645, in get
    num = len(clone)
          ^^^^^^^^^^
  File "/usr/local/lib/python3.12/site-packages/django/db/models/query.py", line 382, in __len__
    self._fetch_all()
  File "/usr/local/lib/python3.12/site-packages/django/db/models/query.py", line 1928, in _fetch_all
    self._result_cache = list(self._iterable_class(self))
                         ^^^^^^^^^^^^^^^^^^^^^^^^^^^^^^^^
  File "/usr/local/lib/python3.12/site-packages/django/db/models/query.py", line 91, in __iter__
    results = compiler.execute_sql(
              ^^^^^^^^^^^^^^^^^^^^^
  File "/usr/local/lib/python3.12/site-packages/django/db/models/sql/compiler.py", line 1574, in execute_sql
    cursor.execute(sql, params)
  File "/usr/local/lib/python3.12/site-packages/django/db/backends/utils.py", line 122, in execute
    return super().execute(sql, params)
           ^^^^^^^^^^^^^^^^^^^^^^^^^^^^
  File "/usr/local/lib/python3.12/site-packages/django/db/backends/utils.py", line 79, in execute
    return self._execute_with_wrappers(
           ^^^^^^^^^^^^^^^^^^^^^^^^^^^^
  File "/usr/local/lib/python3.12/site-packages/django/db/backends/utils.py", line 92, in _execute_with_wrappers
    return executor(sql, params, many, context)
           ^^^^^^^^^^^^^^^^^^^^^^^^^^^^^^^^^^^^
  File "/usr/local/lib/python3.12/site-packages/django/db/backends/utils.py", line 100, in _execute
    with self.db.wrap_database_errors:
         ^^^^^^^^^^^^^^^^^^^^^^^^^^^^
  File "/usr/local/lib/python3.12/site-packages/django/db/utils.py", line 91, in __exit__
    raise dj_exc_value.with_traceback(traceback) from exc_value
  File "/usr/local/lib/python3.12/site-packages/django/db/backends/utils.py", line 105, in _execute
    return self.cursor.execute(sql, params)
           ^^^^^^^^^^^^^^^^^^^^^^^^^^^^^^^^
django.db.utils.OperationalError: server closed the connection unexpectedly
	This probably means the server terminated abnormally
	before or while processing the request.


During handling of the above exception, another exception occurred:

Traceback (most recent call last):
  File "/usr/local/lib/python3.12/site-packages/celery/app/trace.py", line 494, in trace_task
    I, R, state, retval = on_error(task_request, exc)
                          ^^^^^^^^^^^^^^^^^^^^^^^^^^^
  File "/usr/local/lib/python3.12/site-packages/celery/app/trace.py", line 399, in on_error
    R = I.handle_error_state(
        ^^^^^^^^^^^^^^^^^^^^^
  File "/usr/local/lib/python3.12/site-packages/celery/app/trace.py", line 178, in handle_error_state
    return {
           ^
  File "/usr/local/lib/python3.12/site-packages/celery/app/trace.py", line 230, in handle_failure
    task.backend.mark_as_failure(
  File "/usr/local/lib/python3.12/site-packages/celery/backends/base.py", line 167, in mark_as_failure
    self.store_result(task_id, exc, state,
  File "/usr/local/lib/python3.12/site-packages/celery/backends/base.py", line 526, in store_result
    self._store_result(task_id, result, state, traceback,
  File "/usr/local/lib/python3.12/site-packages/celery/backends/base.py", line 973, in _store_result
    current_meta = self._get_task_meta_for(task_id)
                   ^^^^^^^^^^^^^^^^^^^^^^^^^^^^^^^^
  File "/usr/local/lib/python3.12/site-packages/celery/backends/base.py", line 995, in _get_task_meta_for
    meta = self.get(self.get_key_for_task(task_id))
           ^^^^^^^^^^^^^^^^^^^^^^^^^^^^^^^^^^^^^^^^
  File "/usr/local/lib/python3.12/site-packages/celery/backends/redis.py", line 376, in get
    return self.client.get(key)
           ^^^^^^^^^^^^^^^^^^^^
  File "/usr/local/lib/python3.12/site-packages/redis/commands/core.py", line 1822, in get
    return self.execute_command("GET", name, keys=[name])
           ^^^^^^^^^^^^^^^^^^^^^^^^^^^^^^^^^^^^^^^^^^^^^^
  File "/usr/local/lib/python3.12/site-packages/redis/client.py", line 559, in execute_command
    return self._execute_command(*args, **options)
           ^^^^^^^^^^^^^^^^^^^^^^^^^^^^^^^^^^^^^^^
  File "/usr/local/lib/python3.12/site-packages/redis/client.py", line 567, in _execute_command
    return conn.retry.call_with_retry(
           ^^^^^^^^^^^^^^^^^^^^^^^^^^^
  File "/usr/local/lib/python3.12/site-packages/redis/retry.py", line 65, in call_with_retry
    fail(error)
  File "/usr/local/lib/python3.12/site-packages/redis/client.py", line 571, in <lambda>
    lambda error: self._disconnect_raise(conn, error),
                  ^^^^^^^^^^^^^^^^^^^^^^^^^^^^^^^^^^^
  File "/usr/local/lib/python3.12/site-packages/redis/client.py", line 555, in _disconnect_raise
    raise error
  File "/usr/local/lib/python3.12/site-packages/redis/retry.py", line 62, in call_with_retry
    return do()
           ^^^^
  File "/usr/local/lib/python3.12/site-packages/redis/client.py", line 568, in <lambda>
    lambda: self._send_command_parse_response(
            ^^^^^^^^^^^^^^^^^^^^^^^^^^^^^^^^^^
  File "/usr/local/lib/python3.12/site-packages/redis/client.py", line 542, in _send_command_parse_response
    return self.parse_response(conn, command_name, **options)
           ^^^^^^^^^^^^^^^^^^^^^^^^^^^^^^^^^^^^^^^^^^^^^^^^^^
  File "/usr/local/lib/python3.12/site-packages/redis/client.py", line 584, in parse_response
    response = connection.read_response()
               ^^^^^^^^^^^^^^^^^^^^^^^^^^
  File "/usr/local/lib/python3.12/site-packages/redis/connection.py", line 592, in read_response
    response = self._parser.read_response(disable_decoding=disable_decoding)
               ^^^^^^^^^^^^^^^^^^^^^^^^^^^^^^^^^^^^^^^^^^^^^^^^^^^^^^^^^^^^^
  File "/usr/local/lib/python3.12/site-packages/redis/_parsers/resp2.py", line 15, in read_response
    result = self._read_response(disable_decoding=disable_decoding)
             ^^^^^^^^^^^^^^^^^^^^^^^^^^^^^^^^^^^^^^^^^^^^^^^^^^^^^^
  File "/usr/local/lib/python3.12/site-packages/redis/_parsers/resp2.py", line 25, in _read_response
    raw = self._buffer.readline()
          ^^^^^^^^^^^^^^^^^^^^^^^
  File "/usr/local/lib/python3.12/site-packages/redis/_parsers/socket.py", line 115, in readline
    self._read_from_socket()
  File "/usr/local/lib/python3.12/site-packages/redis/_parsers/socket.py", line 68, in _read_from_socket
    raise ConnectionError(SERVER_CLOSED_CONNECTION_ERROR)
redis.exceptions.ConnectionError: Connection closed by server.
[2025-07-04 09:49:59,078: WARNING/ForkPoolWorker-2] /usr/local/lib/python3.12/site-packages/celery/app/trace.py:686: RuntimeWarning: Exception raised outside body: ConnectionError('Connection closed by server.'):
Traceback (most recent call last):
  File "/usr/local/lib/python3.12/site-packages/django/db/backends/utils.py", line 105, in _execute
    return self.cursor.execute(sql, params)
           ^^^^^^^^^^^^^^^^^^^^^^^^^^^^^^^^
psycopg2.OperationalError: server closed the connection unexpectedly
	This probably means the server terminated abnormally
	before or while processing the request.


The above exception was the direct cause of the following exception:

Traceback (most recent call last):
  File "/usr/local/lib/python3.12/site-packages/celery/app/trace.py", line 477, in trace_task
    R = retval = fun(*args, **kwargs)
                 ^^^^^^^^^^^^^^^^^^^^
  File "/usr/local/lib/python3.12/site-packages/celery/app/trace.py", line 760, in __protected_call__
    return self.run(*args, **kwargs)
           ^^^^^^^^^^^^^^^^^^^^^^^^^
  File "/app/apps/gallery/tasks.py", line 155, in populate_unsplash_images
    client.run()
  File "/app/apps/utils/unsplash_client/_client.py", line 328, in run
    if Image.objects.filter(image_id=id).exists():
       ^^^^^^^^^^^^^^^^^^^^^^^^^^^^^^^^^^^^^^^^^^
  File "/usr/local/lib/python3.12/site-packages/django/db/models/query.py", line 1288, in exists
    return self.query.has_results(using=self.db)
           ^^^^^^^^^^^^^^^^^^^^^^^^^^^^^^^^^^^^^
  File "/usr/local/lib/python3.12/site-packages/django/db/models/sql/query.py", line 660, in has_results
    return compiler.has_results()
           ^^^^^^^^^^^^^^^^^^^^^^
  File "/usr/local/lib/python3.12/site-packages/django/db/models/sql/compiler.py", line 1542, in has_results
    return bool(self.execute_sql(SINGLE))
                ^^^^^^^^^^^^^^^^^^^^^^^^
  File "/usr/local/lib/python3.12/site-packages/django/db/models/sql/compiler.py", line 1574, in execute_sql
    cursor.execute(sql, params)
  File "/usr/local/lib/python3.12/site-packages/django/db/backends/utils.py", line 122, in execute
    return super().execute(sql, params)
           ^^^^^^^^^^^^^^^^^^^^^^^^^^^^
  File "/usr/local/lib/python3.12/site-packages/django/db/backends/utils.py", line 79, in execute
    return self._execute_with_wrappers(
           ^^^^^^^^^^^^^^^^^^^^^^^^^^^^
  File "/usr/local/lib/python3.12/site-packages/django/db/backends/utils.py", line 92, in _execute_with_wrappers
    return executor(sql, params, many, context)
           ^^^^^^^^^^^^^^^^^^^^^^^^^^^^^^^^^^^^
  File "/usr/local/lib/python3.12/site-packages/django/db/backends/utils.py", line 100, in _execute
    with self.db.wrap_database_errors:
         ^^^^^^^^^^^^^^^^^^^^^^^^^^^^
  File "/usr/local/lib/python3.12/site-packages/django/db/utils.py", line 91, in __exit__
    raise dj_exc_value.with_traceback(traceback) from exc_value
  File "/usr/local/lib/python3.12/site-packages/django/db/backends/utils.py", line 105, in _execute
    return self.cursor.execute(sql, params)
           ^^^^^^^^^^^^^^^^^^^^^^^^^^^^^^^^
django.db.utils.OperationalError: server closed the connection unexpectedly
	This probably means the server terminated abnormally
	before or while processing the request.


During handling of the above exception, another exception occurred:

Traceback (most recent call last):
  File "/usr/local/lib/python3.12/site-packages/celery/app/trace.py", line 494, in trace_task
    I, R, state, retval = on_error(task_request, exc)
                          ^^^^^^^^^^^^^^^^^^^^^^^^^^^
  File "/usr/local/lib/python3.12/site-packages/celery/app/trace.py", line 399, in on_error
    R = I.handle_error_state(
        ^^^^^^^^^^^^^^^^^^^^^
  File "/usr/local/lib/python3.12/site-packages/celery/app/trace.py", line 178, in handle_error_state
    return {
           ^
  File "/usr/local/lib/python3.12/site-packages/celery/app/trace.py", line 230, in handle_failure
    task.backend.mark_as_failure(
  File "/usr/local/lib/python3.12/site-packages/celery/backends/base.py", line 167, in mark_as_failure
    self.store_result(task_id, exc, state,
  File "/usr/local/lib/python3.12/site-packages/celery/backends/base.py", line 526, in store_result
    self._store_result(task_id, result, state, traceback,
  File "/usr/local/lib/python3.12/site-packages/celery/backends/base.py", line 973, in _store_result
    current_meta = self._get_task_meta_for(task_id)
                   ^^^^^^^^^^^^^^^^^^^^^^^^^^^^^^^^
  File "/usr/local/lib/python3.12/site-packages/celery/backends/base.py", line 995, in _get_task_meta_for
    meta = self.get(self.get_key_for_task(task_id))
           ^^^^^^^^^^^^^^^^^^^^^^^^^^^^^^^^^^^^^^^^
  File "/usr/local/lib/python3.12/site-packages/celery/backends/redis.py", line 376, in get
    return self.client.get(key)
           ^^^^^^^^^^^^^^^^^^^^
  File "/usr/local/lib/python3.12/site-packages/redis/commands/core.py", line 1822, in get
    return self.execute_command("GET", name, keys=[name])
           ^^^^^^^^^^^^^^^^^^^^^^^^^^^^^^^^^^^^^^^^^^^^^^
  File "/usr/local/lib/python3.12/site-packages/redis/client.py", line 559, in execute_command
    return self._execute_command(*args, **options)
           ^^^^^^^^^^^^^^^^^^^^^^^^^^^^^^^^^^^^^^^
  File "/usr/local/lib/python3.12/site-packages/redis/client.py", line 567, in _execute_command
    return conn.retry.call_with_retry(
           ^^^^^^^^^^^^^^^^^^^^^^^^^^^
  File "/usr/local/lib/python3.12/site-packages/redis/retry.py", line 65, in call_with_retry
    fail(error)
  File "/usr/local/lib/python3.12/site-packages/redis/client.py", line 571, in <lambda>
    lambda error: self._disconnect_raise(conn, error),
                  ^^^^^^^^^^^^^^^^^^^^^^^^^^^^^^^^^^^
  File "/usr/local/lib/python3.12/site-packages/redis/client.py", line 555, in _disconnect_raise
    raise error
  File "/usr/local/lib/python3.12/site-packages/redis/retry.py", line 62, in call_with_retry
    return do()
           ^^^^
  File "/usr/local/lib/python3.12/site-packages/redis/client.py", line 568, in <lambda>
    lambda: self._send_command_parse_response(
            ^^^^^^^^^^^^^^^^^^^^^^^^^^^^^^^^^^
  File "/usr/local/lib/python3.12/site-packages/redis/client.py", line 542, in _send_command_parse_response
    return self.parse_response(conn, command_name, **options)
           ^^^^^^^^^^^^^^^^^^^^^^^^^^^^^^^^^^^^^^^^^^^^^^^^^^
  File "/usr/local/lib/python3.12/site-packages/redis/client.py", line 584, in parse_response
    response = connection.read_response()
               ^^^^^^^^^^^^^^^^^^^^^^^^^^
  File "/usr/local/lib/python3.12/site-packages/redis/connection.py", line 592, in read_response
    response = self._parser.read_response(disable_decoding=disable_decoding)
               ^^^^^^^^^^^^^^^^^^^^^^^^^^^^^^^^^^^^^^^^^^^^^^^^^^^^^^^^^^^^^
  File "/usr/local/lib/python3.12/site-packages/redis/_parsers/resp2.py", line 15, in read_response
    result = self._read_response(disable_decoding=disable_decoding)
             ^^^^^^^^^^^^^^^^^^^^^^^^^^^^^^^^^^^^^^^^^^^^^^^^^^^^^^
  File "/usr/local/lib/python3.12/site-packages/redis/_parsers/resp2.py", line 25, in _read_response
    raw = self._buffer.readline()
          ^^^^^^^^^^^^^^^^^^^^^^^
  File "/usr/local/lib/python3.12/site-packages/redis/_parsers/socket.py", line 115, in readline
    self._read_from_socket()
  File "/usr/local/lib/python3.12/site-packages/redis/_parsers/socket.py", line 68, in _read_from_socket
    raise ConnectionError(SERVER_CLOSED_CONNECTION_ERROR)
redis.exceptions.ConnectionError: Connection closed by server.

  warn(RuntimeWarning(

[2025-07-04 09:50:00,292: ERROR/ForkPoolWorker-2] Task apps.gallery.tasks.populate_unsplash_images[ed6eea23-f5c7-48c5-ba18-1ebe1a9a4528] raised unexpected: ConnectionError('Connection closed by server.')
Traceback (most recent call last):
  File "/usr/local/lib/python3.12/site-packages/django/db/backends/utils.py", line 105, in _execute
    return self.cursor.execute(sql, params)
           ^^^^^^^^^^^^^^^^^^^^^^^^^^^^^^^^
psycopg2.OperationalError: server closed the connection unexpectedly
	This probably means the server terminated abnormally
	before or while processing the request.


The above exception was the direct cause of the following exception:

Traceback (most recent call last):
  File "/usr/local/lib/python3.12/site-packages/celery/app/trace.py", line 477, in trace_task
    R = retval = fun(*args, **kwargs)
                 ^^^^^^^^^^^^^^^^^^^^
  File "/usr/local/lib/python3.12/site-packages/celery/app/trace.py", line 760, in __protected_call__
    return self.run(*args, **kwargs)
           ^^^^^^^^^^^^^^^^^^^^^^^^^
  File "/app/apps/gallery/tasks.py", line 155, in populate_unsplash_images
    client.run()
  File "/app/apps/utils/unsplash_client/_client.py", line 328, in run
    if Image.objects.filter(image_id=id).exists():
       ^^^^^^^^^^^^^^^^^^^^^^^^^^^^^^^^^^^^^^^^^^
  File "/usr/local/lib/python3.12/site-packages/django/db/models/query.py", line 1288, in exists
    return self.query.has_results(using=self.db)
           ^^^^^^^^^^^^^^^^^^^^^^^^^^^^^^^^^^^^^
  File "/usr/local/lib/python3.12/site-packages/django/db/models/sql/query.py", line 660, in has_results
    return compiler.has_results()
           ^^^^^^^^^^^^^^^^^^^^^^
  File "/usr/local/lib/python3.12/site-packages/django/db/models/sql/compiler.py", line 1542, in has_results
    return bool(self.execute_sql(SINGLE))
                ^^^^^^^^^^^^^^^^^^^^^^^^
  File "/usr/local/lib/python3.12/site-packages/django/db/models/sql/compiler.py", line 1574, in execute_sql
    cursor.execute(sql, params)
  File "/usr/local/lib/python3.12/site-packages/django/db/backends/utils.py", line 122, in execute
    return super().execute(sql, params)
           ^^^^^^^^^^^^^^^^^^^^^^^^^^^^
  File "/usr/local/lib/python3.12/site-packages/django/db/backends/utils.py", line 79, in execute
    return self._execute_with_wrappers(
           ^^^^^^^^^^^^^^^^^^^^^^^^^^^^
  File "/usr/local/lib/python3.12/site-packages/django/db/backends/utils.py", line 92, in _execute_with_wrappers
    return executor(sql, params, many, context)
           ^^^^^^^^^^^^^^^^^^^^^^^^^^^^^^^^^^^^
  File "/usr/local/lib/python3.12/site-packages/django/db/backends/utils.py", line 100, in _execute
    with self.db.wrap_database_errors:
         ^^^^^^^^^^^^^^^^^^^^^^^^^^^^
  File "/usr/local/lib/python3.12/site-packages/django/db/utils.py", line 91, in __exit__
    raise dj_exc_value.with_traceback(traceback) from exc_value
  File "/usr/local/lib/python3.12/site-packages/django/db/backends/utils.py", line 105, in _execute
    return self.cursor.execute(sql, params)
           ^^^^^^^^^^^^^^^^^^^^^^^^^^^^^^^^
django.db.utils.OperationalError: server closed the connection unexpectedly
	This probably means the server terminated abnormally
	before or while processing the request.


During handling of the above exception, another exception occurred:

Traceback (most recent call last):
  File "/usr/local/lib/python3.12/site-packages/celery/app/trace.py", line 494, in trace_task
    I, R, state, retval = on_error(task_request, exc)
                          ^^^^^^^^^^^^^^^^^^^^^^^^^^^
  File "/usr/local/lib/python3.12/site-packages/celery/app/trace.py", line 399, in on_error
    R = I.handle_error_state(
        ^^^^^^^^^^^^^^^^^^^^^
  File "/usr/local/lib/python3.12/site-packages/celery/app/trace.py", line 178, in handle_error_state
    return {
           ^
  File "/usr/local/lib/python3.12/site-packages/celery/app/trace.py", line 230, in handle_failure
    task.backend.mark_as_failure(
  File "/usr/local/lib/python3.12/site-packages/celery/backends/base.py", line 167, in mark_as_failure
    self.store_result(task_id, exc, state,
  File "/usr/local/lib/python3.12/site-packages/celery/backends/base.py", line 526, in store_result
    self._store_result(task_id, result, state, traceback,
  File "/usr/local/lib/python3.12/site-packages/celery/backends/base.py", line 973, in _store_result
    current_meta = self._get_task_meta_for(task_id)
                   ^^^^^^^^^^^^^^^^^^^^^^^^^^^^^^^^
  File "/usr/local/lib/python3.12/site-packages/celery/backends/base.py", line 995, in _get_task_meta_for
    meta = self.get(self.get_key_for_task(task_id))
           ^^^^^^^^^^^^^^^^^^^^^^^^^^^^^^^^^^^^^^^^
  File "/usr/local/lib/python3.12/site-packages/celery/backends/redis.py", line 376, in get
    return self.client.get(key)
           ^^^^^^^^^^^^^^^^^^^^
  File "/usr/local/lib/python3.12/site-packages/redis/commands/core.py", line 1822, in get
    return self.execute_command("GET", name, keys=[name])
           ^^^^^^^^^^^^^^^^^^^^^^^^^^^^^^^^^^^^^^^^^^^^^^
  File "/usr/local/lib/python3.12/site-packages/redis/client.py", line 559, in execute_command
    return self._execute_command(*args, **options)
           ^^^^^^^^^^^^^^^^^^^^^^^^^^^^^^^^^^^^^^^
  File "/usr/local/lib/python3.12/site-packages/redis/client.py", line 567, in _execute_command
    return conn.retry.call_with_retry(
           ^^^^^^^^^^^^^^^^^^^^^^^^^^^
  File "/usr/local/lib/python3.12/site-packages/redis/retry.py", line 65, in call_with_retry
    fail(error)
  File "/usr/local/lib/python3.12/site-packages/redis/client.py", line 571, in <lambda>
    lambda error: self._disconnect_raise(conn, error),
                  ^^^^^^^^^^^^^^^^^^^^^^^^^^^^^^^^^^^
  File "/usr/local/lib/python3.12/site-packages/redis/client.py", line 555, in _disconnect_raise
    raise error
  File "/usr/local/lib/python3.12/site-packages/redis/retry.py", line 62, in call_with_retry
    return do()
           ^^^^
  File "/usr/local/lib/python3.12/site-packages/redis/client.py", line 568, in <lambda>
    lambda: self._send_command_parse_response(
            ^^^^^^^^^^^^^^^^^^^^^^^^^^^^^^^^^^
  File "/usr/local/lib/python3.12/site-packages/redis/client.py", line 542, in _send_command_parse_response
    return self.parse_response(conn, command_name, **options)
           ^^^^^^^^^^^^^^^^^^^^^^^^^^^^^^^^^^^^^^^^^^^^^^^^^^
  File "/usr/local/lib/python3.12/site-packages/redis/client.py", line 584, in parse_response
    response = connection.read_response()
               ^^^^^^^^^^^^^^^^^^^^^^^^^^
  File "/usr/local/lib/python3.12/site-packages/redis/connection.py", line 592, in read_response
    response = self._parser.read_response(disable_decoding=disable_decoding)
               ^^^^^^^^^^^^^^^^^^^^^^^^^^^^^^^^^^^^^^^^^^^^^^^^^^^^^^^^^^^^^
  File "/usr/local/lib/python3.12/site-packages/redis/_parsers/resp2.py", line 15, in read_response
    result = self._read_response(disable_decoding=disable_decoding)
             ^^^^^^^^^^^^^^^^^^^^^^^^^^^^^^^^^^^^^^^^^^^^^^^^^^^^^^
  File "/usr/local/lib/python3.12/site-packages/redis/_parsers/resp2.py", line 25, in _read_response
    raw = self._buffer.readline()
          ^^^^^^^^^^^^^^^^^^^^^^^
  File "/usr/local/lib/python3.12/site-packages/redis/_parsers/socket.py", line 115, in readline
    self._read_from_socket()
  File "/usr/local/lib/python3.12/site-packages/redis/_parsers/socket.py", line 68, in _read_from_socket
    raise ConnectionError(SERVER_CLOSED_CONNECTION_ERROR)
redis.exceptions.ConnectionError: Connection closed by server.
[2025-07-04 09:50:02,655: WARNING/ForkPoolWorker-4] /usr/local/lib/python3.12/site-packages/celery/app/trace.py:686: RuntimeWarning: Exception raised outside body: ConnectionError('Connection closed by server.'):
Traceback (most recent call last):
  File "/usr/local/lib/python3.12/site-packages/django/db/backends/utils.py", line 105, in _execute
    return self.cursor.execute(sql, params)
           ^^^^^^^^^^^^^^^^^^^^^^^^^^^^^^^^
psycopg2.OperationalError: server closed the connection unexpectedly
	This probably means the server terminated abnormally
	before or while processing the request.


The above exception was the direct cause of the following exception:

Traceback (most recent call last):
  File "/usr/local/lib/python3.12/site-packages/celery/app/trace.py", line 477, in trace_task
    R = retval = fun(*args, **kwargs)
                 ^^^^^^^^^^^^^^^^^^^^
  File "/usr/local/lib/python3.12/site-packages/celery/app/trace.py", line 760, in __protected_call__
    return self.run(*args, **kwargs)
           ^^^^^^^^^^^^^^^^^^^^^^^^^
  File "/app/apps/gallery/tasks.py", line 155, in populate_unsplash_images
    client.run()
  File "/app/apps/utils/unsplash_client/_client.py", line 315, in run
    collection = collections.first()
                 ^^^^^^^^^^^^^^^^^^^
  File "/usr/local/lib/python3.12/site-packages/django/db/models/query.py", line 1097, in first
    for obj in queryset[:1]:
               ~~~~~~~~^^^^
  File "/usr/local/lib/python3.12/site-packages/django/db/models/query.py", line 400, in __iter__
    self._fetch_all()
  File "/usr/local/lib/python3.12/site-packages/django/db/models/query.py", line 1928, in _fetch_all
    self._result_cache = list(self._iterable_class(self))
                         ^^^^^^^^^^^^^^^^^^^^^^^^^^^^^^^^
  File "/usr/local/lib/python3.12/site-packages/django/db/models/query.py", line 91, in __iter__
    results = compiler.execute_sql(
              ^^^^^^^^^^^^^^^^^^^^^
  File "/usr/local/lib/python3.12/site-packages/django/db/models/sql/compiler.py", line 1574, in execute_sql
    cursor.execute(sql, params)
  File "/usr/local/lib/python3.12/site-packages/django/db/backends/utils.py", line 122, in execute
    return super().execute(sql, params)
           ^^^^^^^^^^^^^^^^^^^^^^^^^^^^
  File "/usr/local/lib/python3.12/site-packages/django/db/backends/utils.py", line 79, in execute
    return self._execute_with_wrappers(
           ^^^^^^^^^^^^^^^^^^^^^^^^^^^^
  File "/usr/local/lib/python3.12/site-packages/django/db/backends/utils.py", line 92, in _execute_with_wrappers
    return executor(sql, params, many, context)
           ^^^^^^^^^^^^^^^^^^^^^^^^^^^^^^^^^^^^
  File "/usr/local/lib/python3.12/site-packages/django/db/backends/utils.py", line 100, in _execute
    with self.db.wrap_database_errors:
         ^^^^^^^^^^^^^^^^^^^^^^^^^^^^
  File "/usr/local/lib/python3.12/site-packages/django/db/utils.py", line 91, in __exit__
    raise dj_exc_value.with_traceback(traceback) from exc_value
  File "/usr/local/lib/python3.12/site-packages/django/db/backends/utils.py", line 105, in _execute
    return self.cursor.execute(sql, params)
           ^^^^^^^^^^^^^^^^^^^^^^^^^^^^^^^^
django.db.utils.OperationalError: server closed the connection unexpectedly
	This probably means the server terminated abnormally
	before or while processing the request.


During handling of the above exception, another exception occurred:

Traceback (most recent call last):
  File "/usr/local/lib/python3.12/site-packages/celery/app/trace.py", line 494, in trace_task
    I, R, state, retval = on_error(task_request, exc)
                          ^^^^^^^^^^^^^^^^^^^^^^^^^^^
  File "/usr/local/lib/python3.12/site-packages/celery/app/trace.py", line 399, in on_error
    R = I.handle_error_state(
        ^^^^^^^^^^^^^^^^^^^^^
  File "/usr/local/lib/python3.12/site-packages/celery/app/trace.py", line 178, in handle_error_state
    return {
           ^
  File "/usr/local/lib/python3.12/site-packages/celery/app/trace.py", line 230, in handle_failure
    task.backend.mark_as_failure(
  File "/usr/local/lib/python3.12/site-packages/celery/backends/base.py", line 167, in mark_as_failure
    self.store_result(task_id, exc, state,
  File "/usr/local/lib/python3.12/site-packages/celery/backends/base.py", line 526, in store_result
    self._store_result(task_id, result, state, traceback,
  File "/usr/local/lib/python3.12/site-packages/celery/backends/base.py", line 973, in _store_result
    current_meta = self._get_task_meta_for(task_id)
                   ^^^^^^^^^^^^^^^^^^^^^^^^^^^^^^^^
  File "/usr/local/lib/python3.12/site-packages/celery/backends/base.py", line 995, in _get_task_meta_for
    meta = self.get(self.get_key_for_task(task_id))
           ^^^^^^^^^^^^^^^^^^^^^^^^^^^^^^^^^^^^^^^^
  File "/usr/local/lib/python3.12/site-packages/celery/backends/redis.py", line 376, in get
    return self.client.get(key)
           ^^^^^^^^^^^^^^^^^^^^
  File "/usr/local/lib/python3.12/site-packages/redis/commands/core.py", line 1822, in get
    return self.execute_command("GET", name, keys=[name])
           ^^^^^^^^^^^^^^^^^^^^^^^^^^^^^^^^^^^^^^^^^^^^^^
  File "/usr/local/lib/python3.12/site-packages/redis/client.py", line 559, in execute_command
    return self._execute_command(*args, **options)
           ^^^^^^^^^^^^^^^^^^^^^^^^^^^^^^^^^^^^^^^
  File "/usr/local/lib/python3.12/site-packages/redis/client.py", line 567, in _execute_command
    return conn.retry.call_with_retry(
           ^^^^^^^^^^^^^^^^^^^^^^^^^^^
  File "/usr/local/lib/python3.12/site-packages/redis/retry.py", line 65, in call_with_retry
    fail(error)
  File "/usr/local/lib/python3.12/site-packages/redis/client.py", line 571, in <lambda>
    lambda error: self._disconnect_raise(conn, error),
                  ^^^^^^^^^^^^^^^^^^^^^^^^^^^^^^^^^^^
  File "/usr/local/lib/python3.12/site-packages/redis/client.py", line 555, in _disconnect_raise
    raise error
  File "/usr/local/lib/python3.12/site-packages/redis/retry.py", line 62, in call_with_retry
    return do()
           ^^^^
  File "/usr/local/lib/python3.12/site-packages/redis/client.py", line 568, in <lambda>
    lambda: self._send_command_parse_response(
            ^^^^^^^^^^^^^^^^^^^^^^^^^^^^^^^^^^
  File "/usr/local/lib/python3.12/site-packages/redis/client.py", line 542, in _send_command_parse_response
    return self.parse_response(conn, command_name, **options)
           ^^^^^^^^^^^^^^^^^^^^^^^^^^^^^^^^^^^^^^^^^^^^^^^^^^
  File "/usr/local/lib/python3.12/site-packages/redis/client.py", line 584, in parse_response
    response = connection.read_response()
               ^^^^^^^^^^^^^^^^^^^^^^^^^^
  File "/usr/local/lib/python3.12/site-packages/redis/connection.py", line 592, in read_response
    response = self._parser.read_response(disable_decoding=disable_decoding)
               ^^^^^^^^^^^^^^^^^^^^^^^^^^^^^^^^^^^^^^^^^^^^^^^^^^^^^^^^^^^^^
  File "/usr/local/lib/python3.12/site-packages/redis/_parsers/resp2.py", line 15, in read_response
    result = self._read_response(disable_decoding=disable_decoding)
             ^^^^^^^^^^^^^^^^^^^^^^^^^^^^^^^^^^^^^^^^^^^^^^^^^^^^^^
  File "/usr/local/lib/python3.12/site-packages/redis/_parsers/resp2.py", line 25, in _read_response
    raw = self._buffer.readline()
          ^^^^^^^^^^^^^^^^^^^^^^^
  File "/usr/local/lib/python3.12/site-packages/redis/_parsers/socket.py", line 115, in readline
    self._read_from_socket()
  File "/usr/local/lib/python3.12/site-packages/redis/_parsers/socket.py", line 68, in _read_from_socket
    raise ConnectionError(SERVER_CLOSED_CONNECTION_ERROR)
redis.exceptions.ConnectionError: Connection closed by server.

  warn(RuntimeWarning(

[2025-07-04 09:50:03,822: ERROR/ForkPoolWorker-1] Task apps.gallery.tasks.populate_unsplash_images[9079fb07-090b-4980-bd65-4de357f13aea] raised unexpected: ConnectionError('Connection closed by server.')
Traceback (most recent call last):
  File "/usr/local/lib/python3.12/site-packages/django/db/backends/utils.py", line 105, in _execute
    return self.cursor.execute(sql, params)
           ^^^^^^^^^^^^^^^^^^^^^^^^^^^^^^^^
psycopg2.OperationalError: server closed the connection unexpectedly
	This probably means the server terminated abnormally
	before or while processing the request.


The above exception was the direct cause of the following exception:

Traceback (most recent call last):
  File "/usr/local/lib/python3.12/site-packages/celery/app/trace.py", line 477, in trace_task
    R = retval = fun(*args, **kwargs)
                 ^^^^^^^^^^^^^^^^^^^^
  File "/usr/local/lib/python3.12/site-packages/celery/app/trace.py", line 760, in __protected_call__
    return self.run(*args, **kwargs)
           ^^^^^^^^^^^^^^^^^^^^^^^^^
  File "/app/apps/gallery/tasks.py", line 155, in populate_unsplash_images
    client.run()
  File "/app/apps/utils/unsplash_client/_client.py", line 314, in run
    if collections.exists():
       ^^^^^^^^^^^^^^^^^^^^
  File "/usr/local/lib/python3.12/site-packages/django/db/models/query.py", line 1288, in exists
    return self.query.has_results(using=self.db)
           ^^^^^^^^^^^^^^^^^^^^^^^^^^^^^^^^^^^^^
  File "/usr/local/lib/python3.12/site-packages/django/db/models/sql/query.py", line 660, in has_results
    return compiler.has_results()
           ^^^^^^^^^^^^^^^^^^^^^^
  File "/usr/local/lib/python3.12/site-packages/django/db/models/sql/compiler.py", line 1542, in has_results
    return bool(self.execute_sql(SINGLE))
                ^^^^^^^^^^^^^^^^^^^^^^^^
  File "/usr/local/lib/python3.12/site-packages/django/db/models/sql/compiler.py", line 1574, in execute_sql
    cursor.execute(sql, params)
  File "/usr/local/lib/python3.12/site-packages/django/db/backends/utils.py", line 122, in execute
    return super().execute(sql, params)
           ^^^^^^^^^^^^^^^^^^^^^^^^^^^^
  File "/usr/local/lib/python3.12/site-packages/django/db/backends/utils.py", line 79, in execute
    return self._execute_with_wrappers(
           ^^^^^^^^^^^^^^^^^^^^^^^^^^^^
  File "/usr/local/lib/python3.12/site-packages/django/db/backends/utils.py", line 92, in _execute_with_wrappers
    return executor(sql, params, many, context)
           ^^^^^^^^^^^^^^^^^^^^^^^^^^^^^^^^^^^^
  File "/usr/local/lib/python3.12/site-packages/django/db/backends/utils.py", line 100, in _execute
    with self.db.wrap_database_errors:
         ^^^^^^^^^^^^^^^^^^^^^^^^^^^^
  File "/usr/local/lib/python3.12/site-packages/django/db/utils.py", line 91, in __exit__
    raise dj_exc_value.with_traceback(traceback) from exc_value
  File "/usr/local/lib/python3.12/site-packages/django/db/backends/utils.py", line 105, in _execute
    return self.cursor.execute(sql, params)
           ^^^^^^^^^^^^^^^^^^^^^^^^^^^^^^^^
django.db.utils.OperationalError: server closed the connection unexpectedly
	This probably means the server terminated abnormally
	before or while processing the request.


During handling of the above exception, another exception occurred:

Traceback (most recent call last):
  File "/usr/local/lib/python3.12/site-packages/celery/app/trace.py", line 494, in trace_task
    I, R, state, retval = on_error(task_request, exc)
                          ^^^^^^^^^^^^^^^^^^^^^^^^^^^
  File "/usr/local/lib/python3.12/site-packages/celery/app/trace.py", line 399, in on_error
    R = I.handle_error_state(
        ^^^^^^^^^^^^^^^^^^^^^
  File "/usr/local/lib/python3.12/site-packages/celery/app/trace.py", line 178, in handle_error_state
    return {
           ^
  File "/usr/local/lib/python3.12/site-packages/celery/app/trace.py", line 230, in handle_failure
    task.backend.mark_as_failure(
  File "/usr/local/lib/python3.12/site-packages/celery/backends/base.py", line 167, in mark_as_failure
    self.store_result(task_id, exc, state,
  File "/usr/local/lib/python3.12/site-packages/celery/backends/base.py", line 526, in store_result
    self._store_result(task_id, result, state, traceback,
  File "/usr/local/lib/python3.12/site-packages/celery/backends/base.py", line 973, in _store_result
    current_meta = self._get_task_meta_for(task_id)
                   ^^^^^^^^^^^^^^^^^^^^^^^^^^^^^^^^
  File "/usr/local/lib/python3.12/site-packages/celery/backends/base.py", line 995, in _get_task_meta_for
    meta = self.get(self.get_key_for_task(task_id))
           ^^^^^^^^^^^^^^^^^^^^^^^^^^^^^^^^^^^^^^^^
  File "/usr/local/lib/python3.12/site-packages/celery/backends/redis.py", line 376, in get
    return self.client.get(key)
           ^^^^^^^^^^^^^^^^^^^^
  File "/usr/local/lib/python3.12/site-packages/redis/commands/core.py", line 1822, in get
    return self.execute_command("GET", name, keys=[name])
           ^^^^^^^^^^^^^^^^^^^^^^^^^^^^^^^^^^^^^^^^^^^^^^
  File "/usr/local/lib/python3.12/site-packages/redis/client.py", line 559, in execute_command
    return self._execute_command(*args, **options)
           ^^^^^^^^^^^^^^^^^^^^^^^^^^^^^^^^^^^^^^^
  File "/usr/local/lib/python3.12/site-packages/redis/client.py", line 567, in _execute_command
    return conn.retry.call_with_retry(
           ^^^^^^^^^^^^^^^^^^^^^^^^^^^
  File "/usr/local/lib/python3.12/site-packages/redis/retry.py", line 65, in call_with_retry
    fail(error)
  File "/usr/local/lib/python3.12/site-packages/redis/client.py", line 571, in <lambda>
    lambda error: self._disconnect_raise(conn, error),
                  ^^^^^^^^^^^^^^^^^^^^^^^^^^^^^^^^^^^
  File "/usr/local/lib/python3.12/site-packages/redis/client.py", line 555, in _disconnect_raise
    raise error
  File "/usr/local/lib/python3.12/site-packages/redis/retry.py", line 62, in call_with_retry
    return do()
           ^^^^
  File "/usr/local/lib/python3.12/site-packages/redis/client.py", line 568, in <lambda>
    lambda: self._send_command_parse_response(
            ^^^^^^^^^^^^^^^^^^^^^^^^^^^^^^^^^^
  File "/usr/local/lib/python3.12/site-packages/redis/client.py", line 542, in _send_command_parse_response
    return self.parse_response(conn, command_name, **options)
           ^^^^^^^^^^^^^^^^^^^^^^^^^^^^^^^^^^^^^^^^^^^^^^^^^^
  File "/usr/local/lib/python3.12/site-packages/redis/client.py", line 584, in parse_response
    response = connection.read_response()
               ^^^^^^^^^^^^^^^^^^^^^^^^^^
  File "/usr/local/lib/python3.12/site-packages/redis/connection.py", line 592, in read_response
    response = self._parser.read_response(disable_decoding=disable_decoding)
               ^^^^^^^^^^^^^^^^^^^^^^^^^^^^^^^^^^^^^^^^^^^^^^^^^^^^^^^^^^^^^
  File "/usr/local/lib/python3.12/site-packages/redis/_parsers/resp2.py", line 15, in read_response
    result = self._read_response(disable_decoding=disable_decoding)
             ^^^^^^^^^^^^^^^^^^^^^^^^^^^^^^^^^^^^^^^^^^^^^^^^^^^^^^
  File "/usr/local/lib/python3.12/site-packages/redis/_parsers/resp2.py", line 25, in _read_response
    raw = self._buffer.readline()
          ^^^^^^^^^^^^^^^^^^^^^^^
  File "/usr/local/lib/python3.12/site-packages/redis/_parsers/socket.py", line 115, in readline
    self._read_from_socket()
  File "/usr/local/lib/python3.12/site-packages/redis/_parsers/socket.py", line 68, in _read_from_socket
    raise ConnectionError(SERVER_CLOSED_CONNECTION_ERROR)
redis.exceptions.ConnectionError: Connection closed by server.
[2025-07-04 09:50:03,891: ERROR/ForkPoolWorker-4] Task apps.gallery.tasks.populate_unsplash_images[eff92f49-c698-4f8b-be9b-d3618a2b004f] raised unexpected: ConnectionError('Connection closed by server.')
Traceback (most recent call last):
  File "/usr/local/lib/python3.12/site-packages/django/db/backends/utils.py", line 105, in _execute
    return self.cursor.execute(sql, params)
           ^^^^^^^^^^^^^^^^^^^^^^^^^^^^^^^^
psycopg2.OperationalError: server closed the connection unexpectedly
	This probably means the server terminated abnormally
	before or while processing the request.


The above exception was the direct cause of the following exception:

Traceback (most recent call last):
  File "/usr/local/lib/python3.12/site-packages/celery/app/trace.py", line 477, in trace_task
    R = retval = fun(*args, **kwargs)
                 ^^^^^^^^^^^^^^^^^^^^
  File "/usr/local/lib/python3.12/site-packages/celery/app/trace.py", line 760, in __protected_call__
    return self.run(*args, **kwargs)
           ^^^^^^^^^^^^^^^^^^^^^^^^^
  File "/app/apps/gallery/tasks.py", line 155, in populate_unsplash_images
    client.run()
  File "/app/apps/utils/unsplash_client/_client.py", line 315, in run
    collection = collections.first()
                 ^^^^^^^^^^^^^^^^^^^
  File "/usr/local/lib/python3.12/site-packages/django/db/models/query.py", line 1097, in first
    for obj in queryset[:1]:
               ~~~~~~~~^^^^
  File "/usr/local/lib/python3.12/site-packages/django/db/models/query.py", line 400, in __iter__
    self._fetch_all()
  File "/usr/local/lib/python3.12/site-packages/django/db/models/query.py", line 1928, in _fetch_all
    self._result_cache = list(self._iterable_class(self))
                         ^^^^^^^^^^^^^^^^^^^^^^^^^^^^^^^^
  File "/usr/local/lib/python3.12/site-packages/django/db/models/query.py", line 91, in __iter__
    results = compiler.execute_sql(
              ^^^^^^^^^^^^^^^^^^^^^
  File "/usr/local/lib/python3.12/site-packages/django/db/models/sql/compiler.py", line 1574, in execute_sql
    cursor.execute(sql, params)
  File "/usr/local/lib/python3.12/site-packages/django/db/backends/utils.py", line 122, in execute
    return super().execute(sql, params)
           ^^^^^^^^^^^^^^^^^^^^^^^^^^^^
  File "/usr/local/lib/python3.12/site-packages/django/db/backends/utils.py", line 79, in execute
    return self._execute_with_wrappers(
           ^^^^^^^^^^^^^^^^^^^^^^^^^^^^
  File "/usr/local/lib/python3.12/site-packages/django/db/backends/utils.py", line 92, in _execute_with_wrappers
    return executor(sql, params, many, context)
           ^^^^^^^^^^^^^^^^^^^^^^^^^^^^^^^^^^^^
  File "/usr/local/lib/python3.12/site-packages/django/db/backends/utils.py", line 100, in _execute
    with self.db.wrap_database_errors:
         ^^^^^^^^^^^^^^^^^^^^^^^^^^^^
  File "/usr/local/lib/python3.12/site-packages/django/db/utils.py", line 91, in __exit__
    raise dj_exc_value.with_traceback(traceback) from exc_value
  File "/usr/local/lib/python3.12/site-packages/django/db/backends/utils.py", line 105, in _execute
    return self.cursor.execute(sql, params)
           ^^^^^^^^^^^^^^^^^^^^^^^^^^^^^^^^
django.db.utils.OperationalError: server closed the connection unexpectedly
	This probably means the server terminated abnormally
	before or while processing the request.


During handling of the above exception, another exception occurred:

Traceback (most recent call last):
  File "/usr/local/lib/python3.12/site-packages/celery/app/trace.py", line 494, in trace_task
    I, R, state, retval = on_error(task_request, exc)
                          ^^^^^^^^^^^^^^^^^^^^^^^^^^^
  File "/usr/local/lib/python3.12/site-packages/celery/app/trace.py", line 399, in on_error
    R = I.handle_error_state(
        ^^^^^^^^^^^^^^^^^^^^^
  File "/usr/local/lib/python3.12/site-packages/celery/app/trace.py", line 178, in handle_error_state
    return {
           ^
  File "/usr/local/lib/python3.12/site-packages/celery/app/trace.py", line 230, in handle_failure
    task.backend.mark_as_failure(
  File "/usr/local/lib/python3.12/site-packages/celery/backends/base.py", line 167, in mark_as_failure
    self.store_result(task_id, exc, state,
  File "/usr/local/lib/python3.12/site-packages/celery/backends/base.py", line 526, in store_result
    self._store_result(task_id, result, state, traceback,
  File "/usr/local/lib/python3.12/site-packages/celery/backends/base.py", line 973, in _store_result
    current_meta = self._get_task_meta_for(task_id)
                   ^^^^^^^^^^^^^^^^^^^^^^^^^^^^^^^^
  File "/usr/local/lib/python3.12/site-packages/celery/backends/base.py", line 995, in _get_task_meta_for
    meta = self.get(self.get_key_for_task(task_id))
           ^^^^^^^^^^^^^^^^^^^^^^^^^^^^^^^^^^^^^^^^
  File "/usr/local/lib/python3.12/site-packages/celery/backends/redis.py", line 376, in get
    return self.client.get(key)
           ^^^^^^^^^^^^^^^^^^^^
  File "/usr/local/lib/python3.12/site-packages/redis/commands/core.py", line 1822, in get
    return self.execute_command("GET", name, keys=[name])
           ^^^^^^^^^^^^^^^^^^^^^^^^^^^^^^^^^^^^^^^^^^^^^^
  File "/usr/local/lib/python3.12/site-packages/redis/client.py", line 559, in execute_command
    return self._execute_command(*args, **options)
           ^^^^^^^^^^^^^^^^^^^^^^^^^^^^^^^^^^^^^^^
  File "/usr/local/lib/python3.12/site-packages/redis/client.py", line 567, in _execute_command
    return conn.retry.call_with_retry(
           ^^^^^^^^^^^^^^^^^^^^^^^^^^^
  File "/usr/local/lib/python3.12/site-packages/redis/retry.py", line 65, in call_with_retry
    fail(error)
  File "/usr/local/lib/python3.12/site-packages/redis/client.py", line 571, in <lambda>
    lambda error: self._disconnect_raise(conn, error),
                  ^^^^^^^^^^^^^^^^^^^^^^^^^^^^^^^^^^^
  File "/usr/local/lib/python3.12/site-packages/redis/client.py", line 555, in _disconnect_raise
    raise error
  File "/usr/local/lib/python3.12/site-packages/redis/retry.py", line 62, in call_with_retry
    return do()
           ^^^^
  File "/usr/local/lib/python3.12/site-packages/redis/client.py", line 568, in <lambda>
    lambda: self._send_command_parse_response(
            ^^^^^^^^^^^^^^^^^^^^^^^^^^^^^^^^^^
  File "/usr/local/lib/python3.12/site-packages/redis/client.py", line 542, in _send_command_parse_response
    return self.parse_response(conn, command_name, **options)
           ^^^^^^^^^^^^^^^^^^^^^^^^^^^^^^^^^^^^^^^^^^^^^^^^^^
  File "/usr/local/lib/python3.12/site-packages/redis/client.py", line 584, in parse_response
    response = connection.read_response()
               ^^^^^^^^^^^^^^^^^^^^^^^^^^
  File "/usr/local/lib/python3.12/site-packages/redis/connection.py", line 592, in read_response
    response = self._parser.read_response(disable_decoding=disable_decoding)
               ^^^^^^^^^^^^^^^^^^^^^^^^^^^^^^^^^^^^^^^^^^^^^^^^^^^^^^^^^^^^^
  File "/usr/local/lib/python3.12/site-packages/redis/_parsers/resp2.py", line 15, in read_response
    result = self._read_response(disable_decoding=disable_decoding)
             ^^^^^^^^^^^^^^^^^^^^^^^^^^^^^^^^^^^^^^^^^^^^^^^^^^^^^^
  File "/usr/local/lib/python3.12/site-packages/redis/_parsers/resp2.py", line 25, in _read_response
    raw = self._buffer.readline()
          ^^^^^^^^^^^^^^^^^^^^^^^
  File "/usr/local/lib/python3.12/site-packages/redis/_parsers/socket.py", line 115, in readline
    self._read_from_socket()
  File "/usr/local/lib/python3.12/site-packages/redis/_parsers/socket.py", line 68, in _read_from_socket
    raise ConnectionError(SERVER_CLOSED_CONNECTION_ERROR)
redis.exceptions.ConnectionError: Connection closed by server.
[2025-07-04 09:50:18,897: INFO/MainProcess] mingle: sync with 2 nodes
[2025-07-04 09:50:18,897: INFO/MainProcess] mingle: sync complete
[2025-07-04 09:50:23,962: INFO/MainProcess] Task apps.gallery.tasks.populate_unsplash_images[287d4f8e-b1d0-45c2-83e1-756c13b61886] received
[2025-07-04 09:50:24,149: INFO/ForkPoolWorker-4] Fetching unsplash images to process
[2025-07-04 09:50:24,150: INFO/ForkPoolWorker-4] Starting Unsplash to gcs uploader job at 2025-07-04T09:50:24.150021
[2025-07-04 09:50:24,150: INFO/ForkPoolWorker-4] Using 6 search queries: nature, people, food, travel, architecture, animals
[2025-07-04 09:50:24,680: INFO/MainProcess] Task apps.gallery.tasks.process_audio[89f99b07-627d-4ac7-8305-a6f74101808e] received
[2025-07-04 09:50:24,861: INFO/ForkPoolWorker-2] Fetching audios to process
[2025-07-04 09:50:25,390: INFO/MainProcess] Task apps.gallery.tasks.populate_unsplash_images[0d8642cd-c170-4ac2-b26a-6ff112f4b511] received
[2025-07-04 09:50:25,567: INFO/MainProcess] Resuming normal operations following a restart.
Prefetch count has been restored to the maximum of 16
[2025-07-04 09:50:25,567: INFO/ForkPoolWorker-3] Fetching unsplash images to process
[2025-07-04 09:50:25,567: INFO/ForkPoolWorker-3] Starting Unsplash to gcs uploader job at 2025-07-04T09:50:25.567546
[2025-07-04 09:50:25,567: INFO/ForkPoolWorker-3] Using 6 search queries: nature, people, food, travel, architecture, animals
[2025-07-04 09:50:26,007: INFO/ForkPoolWorker-2] No audio files to process
[2025-07-04 09:50:26,276: INFO/MainProcess] Task apps.gallery.tasks.process_audio[2c98a0b5-3915-45ba-975a-327c331f9569] received
[2025-07-04 09:50:26,346: INFO/ForkPoolWorker-2] Task apps.gallery.tasks.process_audio[89f99b07-627d-4ac7-8305-a6f74101808e] succeeded in 1.4851639059997979s: None
[2025-07-04 09:50:26,452: INFO/ForkPoolWorker-2] Fetching audios to process
[2025-07-04 09:50:26,810: INFO/MainProcess] Task apps.gallery.tasks.process_audio[96cc0917-2a3a-4b16-a96d-fd9c5352c126] received
[2025-07-04 09:50:27,171: INFO/ForkPoolWorker-1] Fetching audios to process
[2025-07-04 09:50:27,634: INFO/ForkPoolWorker-2] No audio files to process
[2025-07-04 09:50:27,700: INFO/MainProcess] Task apps.gallery.tasks.populate_unsplash_images[0ce81b39-b007-4ffb-a913-4755dcfdbcc2] received
[2025-07-04 09:50:27,972: INFO/ForkPoolWorker-2] Task apps.gallery.tasks.process_audio[2c98a0b5-3915-45ba-975a-327c331f9569] succeeded in 1.5196627529994657s: None
[2025-07-04 09:50:28,404: INFO/ForkPoolWorker-1] No audio files to process
[2025-07-04 09:50:28,502: INFO/MainProcess] Task apps.gallery.tasks.process_audio[d037b106-f9b9-4d2f-aaf5-f6f47fbe29c4] received
[2025-07-04 09:50:28,502: INFO/ForkPoolWorker-2] Fetching unsplash images to process
[2025-07-04 09:50:28,503: INFO/ForkPoolWorker-2] Starting Unsplash to gcs uploader job at 2025-07-04T09:50:28.503061
[2025-07-04 09:50:28,503: INFO/ForkPoolWorker-2] Using 6 search queries: nature, people, food, travel, architecture, animals
[2025-07-04 09:50:28,761: INFO/ForkPoolWorker-1] Task apps.gallery.tasks.process_audio[96cc0917-2a3a-4b16-a96d-fd9c5352c126] succeeded in 1.5901089139997566s: None
[2025-07-04 09:50:29,210: INFO/MainProcess] Task apps.gallery.tasks.populate_unsplash_images[f0f69a0b-d36d-45f2-95b0-f2b6a88aac17] received
[2025-07-04 09:50:29,386: INFO/ForkPoolWorker-1] Fetching audios to process
[2025-07-04 09:50:29,916: INFO/MainProcess] Task apps.gallery.tasks.process_audio[58eac3fa-b3d1-4d44-93f8-ee85b41619ed] received
[2025-07-04 09:50:30,442: INFO/MainProcess] Task apps.gallery.tasks.populate_unsplash_images[ed59bdd8-f835-434f-a899-65b2d1649e88] received
[2025-07-04 09:50:30,632: INFO/ForkPoolWorker-1] No audio files to process
[2025-07-04 09:50:30,996: INFO/ForkPoolWorker-1] Task apps.gallery.tasks.process_audio[d037b106-f9b9-4d2f-aaf5-f6f47fbe29c4] succeeded in 1.6108071460002975s: None
[2025-07-04 09:50:31,144: INFO/MainProcess] Task apps.gallery.tasks.process_audio[3d0afad4-74ba-44ac-9ca2-63bf5c4d7f26] received
[2025-07-04 09:50:31,679: INFO/MainProcess] Task apps.gallery.tasks.populate_unsplash_images[4728fd92-74b5-4a88-8a9a-87cec563cdc4] received
[2025-07-04 09:50:31,679: INFO/ForkPoolWorker-1] Fetching unsplash images to process
[2025-07-04 09:50:31,679: INFO/ForkPoolWorker-1] Starting Unsplash to gcs uploader job at 2025-07-04T09:50:31.679965
[2025-07-04 09:50:31,680: INFO/ForkPoolWorker-1] Using 6 search queries: nature, people, food, travel, architecture, animals
[2025-07-04 09:50:32,381: INFO/MainProcess] Task apps.gallery.tasks.process_audio[d9c206af-0bdb-4d2e-8562-6b57a2c73769] received
[2025-07-04 09:50:32,908: INFO/MainProcess] Task apps.gallery.tasks.populate_unsplash_images[0567c0da-6964-45bf-8239-eb1803a0a28f] received
[2025-07-04 09:50:33,606: INFO/MainProcess] Task apps.gallery.tasks.process_audio[5ef4bb01-9c71-4d45-8d60-46f4334edd63] received
[2025-07-04 09:50:34,131: INFO/MainProcess] Task apps.gallery.tasks.populate_unsplash_images[6ed91394-9975-4f36-b154-ba0eeb4ec3c0] received
[2025-07-04 09:50:34,653: INFO/MainProcess] Task apps.gallery.tasks.process_audio[7e8a5f17-b0cb-42c0-baeb-6f5fb4de7b13] received
[2025-07-04 09:50:35,175: INFO/MainProcess] Task apps.gallery.tasks.populate_unsplash_images[b89361ea-202d-4524-9c31-b3f599bf65bc] received
[2025-07-04 09:50:35,869: ERROR/MainProcess] Received unregistered task of type 'apps.gallery.tasks.generate_metadata'.
The message has been ignored and discarded.

Did you remember to import the module containing this task?
Or maybe you're using relative imports?

Please see
https://docs.celeryq.dev/en/latest/internals/protocol.html
for more information.

The full contents of the message body was:
b'[[], {}, {"callbacks": null, "errbacks": null, "chain": null, "chord": null}]' (77b)

The full contents of the message headers:
{'lang': 'py', 'task': 'apps.gallery.tasks.generate_metadata', 'id': '150326aa-8bb3-40aa-9c40-1c5882a6e00d', 'shadow': None, 'eta': None, 'expires': None, 'group': None, 'group_index': None, 'retries': 0, 'timelimit': [None, None], 'root_id': '150326aa-8bb3-40aa-9c40-1c5882a6e00d', 'parent_id': None, 'argsrepr': '()', 'kwargsrepr': '{}', 'origin': 'gen7@63f692d7cb61', 'ignore_result': False, 'stamped_headers': None, 'stamps': {}}

The delivery info for this task is:
{'exchange': '', 'routing_key': 'celery'}
Traceback (most recent call last):
  File "/usr/local/lib/python3.12/site-packages/celery/worker/consumer/consumer.py", line 642, in on_task_received
    strategy = strategies[type_]
               ~~~~~~~~~~^^^^^^^
KeyError: 'apps.gallery.tasks.generate_metadata'
[2025-07-04 09:50:55,308: WARNING/MainProcess] consumer: Connection to broker lost. Trying to re-establish the connection...
Traceback (most recent call last):
  File "/usr/local/lib/python3.12/site-packages/celery/worker/consumer/consumer.py", line 642, in on_task_received
    strategy = strategies[type_]
               ~~~~~~~~~~^^^^^^^
KeyError: 'apps.gallery.tasks.generate_metadata'

During handling of the above exception, another exception occurred:

Traceback (most recent call last):
  File "/usr/local/lib/python3.12/site-packages/celery/worker/consumer/consumer.py", line 336, in start
    blueprint.start(self)
  File "/usr/local/lib/python3.12/site-packages/celery/bootsteps.py", line 116, in start
    step.start(parent)
  File "/usr/local/lib/python3.12/site-packages/celery/worker/consumer/consumer.py", line 726, in start
    c.loop(*c.loop_args())
  File "/usr/local/lib/python3.12/site-packages/celery/worker/loops.py", line 97, in asynloop
    next(loop)
  File "/usr/local/lib/python3.12/site-packages/kombu/asynchronous/hub.py", line 373, in create_loop
    cb(*cbargs)
  File "/usr/local/lib/python3.12/site-packages/kombu/transport/redis.py", line 1359, in on_readable
    self.cycle.on_readable(fileno)
  File "/usr/local/lib/python3.12/site-packages/kombu/transport/redis.py", line 576, in on_readable
    chan.handlers[type]()
  File "/usr/local/lib/python3.12/site-packages/kombu/transport/redis.py", line 986, in _brpop_read
    self.connection._deliver(loads(bytes_to_str(item)), dest)
  File "/usr/local/lib/python3.12/site-packages/kombu/transport/virtual/base.py", line 1017, in _deliver
    callback(message)
  File "/usr/local/lib/python3.12/site-packages/kombu/transport/virtual/base.py", line 639, in _callback
    return callback(message)
           ^^^^^^^^^^^^^^^^^
  File "/usr/local/lib/python3.12/site-packages/kombu/messaging.py", line 668, in _receive_callback
    return on_m(message) if on_m else self.receive(decoded, message)
           ^^^^^^^^^^^^^
  File "/usr/local/lib/python3.12/site-packages/celery/worker/consumer/consumer.py", line 644, in on_task_received
    return on_unknown_task(None, message, exc)
           ^^^^^^^^^^^^^^^^^^^^^^^^^^^^^^^^^^^
  File "/usr/local/lib/python3.12/site-packages/celery/worker/consumer/consumer.py", line 591, in on_unknown_task
    self.app.backend.mark_as_failure(
  File "/usr/local/lib/python3.12/site-packages/celery/backends/base.py", line 167, in mark_as_failure
    self.store_result(task_id, exc, state,
  File "/usr/local/lib/python3.12/site-packages/celery/backends/base.py", line 526, in store_result
    self._store_result(task_id, result, state, traceback,
  File "/usr/local/lib/python3.12/site-packages/celery/backends/base.py", line 973, in _store_result
    current_meta = self._get_task_meta_for(task_id)
                   ^^^^^^^^^^^^^^^^^^^^^^^^^^^^^^^^
  File "/usr/local/lib/python3.12/site-packages/celery/backends/base.py", line 995, in _get_task_meta_for
    meta = self.get(self.get_key_for_task(task_id))
           ^^^^^^^^^^^^^^^^^^^^^^^^^^^^^^^^^^^^^^^^
  File "/usr/local/lib/python3.12/site-packages/celery/backends/redis.py", line 376, in get
    return self.client.get(key)
           ^^^^^^^^^^^^^^^^^^^^
  File "/usr/local/lib/python3.12/site-packages/redis/commands/core.py", line 1822, in get
    return self.execute_command("GET", name, keys=[name])
           ^^^^^^^^^^^^^^^^^^^^^^^^^^^^^^^^^^^^^^^^^^^^^^
  File "/usr/local/lib/python3.12/site-packages/redis/client.py", line 559, in execute_command
    return self._execute_command(*args, **options)
           ^^^^^^^^^^^^^^^^^^^^^^^^^^^^^^^^^^^^^^^
  File "/usr/local/lib/python3.12/site-packages/redis/client.py", line 567, in _execute_command
    return conn.retry.call_with_retry(
           ^^^^^^^^^^^^^^^^^^^^^^^^^^^
  File "/usr/local/lib/python3.12/site-packages/redis/retry.py", line 65, in call_with_retry
    fail(error)
  File "/usr/local/lib/python3.12/site-packages/redis/client.py", line 571, in <lambda>
    lambda error: self._disconnect_raise(conn, error),
                  ^^^^^^^^^^^^^^^^^^^^^^^^^^^^^^^^^^^
  File "/usr/local/lib/python3.12/site-packages/redis/client.py", line 555, in _disconnect_raise
    raise error
  File "/usr/local/lib/python3.12/site-packages/redis/retry.py", line 62, in call_with_retry
    return do()
           ^^^^
  File "/usr/local/lib/python3.12/site-packages/redis/client.py", line 568, in <lambda>
    lambda: self._send_command_parse_response(
            ^^^^^^^^^^^^^^^^^^^^^^^^^^^^^^^^^^
  File "/usr/local/lib/python3.12/site-packages/redis/client.py", line 542, in _send_command_parse_response
    return self.parse_response(conn, command_name, **options)
           ^^^^^^^^^^^^^^^^^^^^^^^^^^^^^^^^^^^^^^^^^^^^^^^^^^
  File "/usr/local/lib/python3.12/site-packages/redis/client.py", line 584, in parse_response
    response = connection.read_response()
               ^^^^^^^^^^^^^^^^^^^^^^^^^^
  File "/usr/local/lib/python3.12/site-packages/redis/connection.py", line 592, in read_response
    response = self._parser.read_response(disable_decoding=disable_decoding)
               ^^^^^^^^^^^^^^^^^^^^^^^^^^^^^^^^^^^^^^^^^^^^^^^^^^^^^^^^^^^^^
  File "/usr/local/lib/python3.12/site-packages/redis/_parsers/resp2.py", line 15, in read_response
    result = self._read_response(disable_decoding=disable_decoding)
             ^^^^^^^^^^^^^^^^^^^^^^^^^^^^^^^^^^^^^^^^^^^^^^^^^^^^^^
  File "/usr/local/lib/python3.12/site-packages/redis/_parsers/resp2.py", line 25, in _read_response
    raw = self._buffer.readline()
          ^^^^^^^^^^^^^^^^^^^^^^^
  File "/usr/local/lib/python3.12/site-packages/redis/_parsers/socket.py", line 115, in readline
    self._read_from_socket()
  File "/usr/local/lib/python3.12/site-packages/redis/_parsers/socket.py", line 68, in _read_from_socket
    raise ConnectionError(SERVER_CLOSED_CONNECTION_ERROR)
redis.exceptions.ConnectionError: Connection closed by server.
[2025-07-04 09:50:55,318: WARNING/MainProcess] Restoring 10 unacknowledged message(s)
[2025-07-04 09:51:03,200: WARNING/MainProcess] /usr/local/lib/python3.12/site-packages/celery/worker/consumer/consumer.py:386: CPendingDeprecationWarning: 
In Celery 5.1 we introduced an optional breaking change which
on connection loss cancels all currently executed tasks with late acknowledgement enabled.
These tasks cannot be acknowledged as the connection is gone, and the tasks are automatically redelivered
back to the queue. You can enable this behavior using the worker_cancel_long_running_tasks_on_connection_loss
setting. In Celery 5.1 it is set to False by default. The setting will be set to True by default in Celery 6.0.

  warnings.warn(CANCEL_TASKS_BY_DEFAULT, CPendingDeprecationWarning)

[2025-07-04 09:51:03,200: INFO/MainProcess] Temporarily reducing the prefetch count to 4 to avoid over-fetching since 10 tasks are currently being processed.
The prefetch count will be gradually restored to 16 as the tasks complete processing.
[2025-07-04 09:51:05,483: INFO/MainProcess] Connected to redis://default:**@168.231.112.236:6379//
[2025-07-04 09:51:07,253: INFO/MainProcess] mingle: searching for neighbors
[2025-07-04 09:51:09,731: INFO/MainProcess] mingle: sync with 2 nodes
[2025-07-04 09:51:09,731: INFO/MainProcess] mingle: sync complete
[2025-07-04 09:51:14,436: INFO/MainProcess] Task apps.gallery.tasks.populate_unsplash_images[ed59bdd8-f835-434f-a899-65b2d1649e88] received
[2025-07-04 09:51:14,928: INFO/MainProcess] Task apps.gallery.tasks.process_audio[58eac3fa-b3d1-4d44-93f8-ee85b41619ed] received
[2025-07-04 09:51:15,418: INFO/MainProcess] Task apps.gallery.tasks.process_audio[d2369fea-b571-4a2f-9e0c-89058cd7abf9] received
[2025-07-04 09:51:15,908: INFO/MainProcess] Task apps.gallery.tasks.populate_unsplash_images[feb19eec-4908-46e0-9ed7-ed7ed6a60739] received
[2025-07-04 09:51:54,406: INFO/ForkPoolWorker-4] Task apps.gallery.tasks.populate_unsplash_images[287d4f8e-b1d0-45c2-83e1-756c13b61886] succeeded in 90.2596001259999s: None
[2025-07-04 09:51:54,407: INFO/ForkPoolWorker-4] Fetching unsplash images to process
[2025-07-04 09:51:54,407: INFO/ForkPoolWorker-4] Starting Unsplash to gcs uploader job at 2025-07-04T09:51:54.407367
[2025-07-04 09:51:54,407: INFO/ForkPoolWorker-4] Using 6 search queries: nature, people, food, travel, architecture, animals
[2025-07-04 09:51:55,390: INFO/MainProcess] Task apps.gallery.tasks.process_audio[62a06b93-311c-45c7-8161-c4e01782d53e] received
[2025-07-04 09:51:56,055: INFO/MainProcess] Task apps.gallery.tasks.populate_unsplash_images[9ff2928a-510e-4d43-9b2b-941d83a304d5] received
[2025-07-04 09:51:56,549: INFO/MainProcess] Task apps.gallery.tasks.process_audio[063bb557-2e22-46ee-b67e-bebb3d71ed2d] received
[2025-07-04 09:51:57,042: INFO/MainProcess] Task apps.gallery.tasks.populate_unsplash_images[e2ce8600-660d-431e-9b04-c466d3d9e81a] received
[2025-07-04 09:51:57,532: INFO/MainProcess] Task apps.gallery.tasks.process_audio[b372bd01-05a0-48b6-8b41-1f37fb3da5d1] received
[2025-07-04 09:51:58,566: INFO/ForkPoolWorker-3] Task apps.gallery.tasks.populate_unsplash_images[0d8642cd-c170-4ac2-b26a-6ff112f4b511] succeeded in 93.00233629499962s: None
[2025-07-04 09:51:58,567: INFO/ForkPoolWorker-3] Fetching audios to process
[2025-07-04 09:51:59,216: INFO/MainProcess] Task apps.gallery.tasks.populate_unsplash_images[f1d446a0-79e1-4c9b-b8b2-d8358725b133] received
[2025-07-04 09:51:59,707: ERROR/MainProcess] Received unregistered task of type 'apps.gallery.tasks.generate_metadata'.
The message has been ignored and discarded.

Did you remember to import the module containing this task?
Or maybe you're using relative imports?

Please see
https://docs.celeryq.dev/en/latest/internals/protocol.html
for more information.

The full contents of the message body was:
b'[[], {}, {"callbacks": null, "errbacks": null, "chain": null, "chord": null}]' (77b)

The full contents of the message headers:
{'lang': 'py', 'task': 'apps.gallery.tasks.generate_metadata', 'id': '28fba1f9-5ceb-4b3d-afc2-40b3bab51c73', 'shadow': None, 'eta': None, 'expires': None, 'group': None, 'group_index': None, 'retries': 0, 'timelimit': [None, None], 'root_id': '28fba1f9-5ceb-4b3d-afc2-40b3bab51c73', 'parent_id': None, 'argsrepr': '()', 'kwargsrepr': '{}', 'origin': 'gen7@63f692d7cb61', 'ignore_result': False, 'stamped_headers': None, 'stamps': {}}

The delivery info for this task is:
{'exchange': '', 'routing_key': 'celery'}
Traceback (most recent call last):
  File "/usr/local/lib/python3.12/site-packages/celery/worker/consumer/consumer.py", line 642, in on_task_received
    strategy = strategies[type_]
               ~~~~~~~~~~^^^^^^^
KeyError: 'apps.gallery.tasks.generate_metadata'
[2025-07-04 09:51:59,789: INFO/ForkPoolWorker-3] No audio files to process
[2025-07-04 09:51:59,895: INFO/ForkPoolWorker-2] Task apps.gallery.tasks.populate_unsplash_images[0ce81b39-b007-4ffb-a913-4755dcfdbcc2] succeeded in 91.39656178299992s: None
[2025-07-04 09:51:59,896: INFO/ForkPoolWorker-2] Fetching audios to process
[2025-07-04 09:52:00,133: INFO/ForkPoolWorker-3] Task apps.gallery.tasks.process_audio[d2369fea-b571-4a2f-9e0c-89058cd7abf9] succeeded in 1.5667025399998238s: None
[2025-07-04 09:52:01,073: INFO/ForkPoolWorker-2] No audio files to process
[2025-07-04 09:52:01,351: INFO/MainProcess] Resuming normal operations following a restart.
Prefetch count has been restored to the maximum of 16
[2025-07-04 09:52:01,414: INFO/ForkPoolWorker-2] Task apps.gallery.tasks.process_audio[58eac3fa-b3d1-4d44-93f8-ee85b41619ed] succeeded in 1.5183523539999442s: None
[2025-07-04 09:52:01,513: INFO/MainProcess] Task apps.gallery.tasks.process_audio[9b4d0c2b-9b9b-41b0-8266-a2f5bb421ea0] received
[2025-07-04 09:52:02,217: INFO/MainProcess] Task apps.gallery.tasks.populate_unsplash_images[d327f45f-86c0-46e1-abde-5ec97464356e] received
[2025-07-04 09:52:02,217: INFO/ForkPoolWorker-2] Fetching unsplash images to process
[2025-07-04 09:52:02,217: INFO/ForkPoolWorker-2] Starting Unsplash to gcs uploader job at 2025-07-04T09:52:02.217933
[2025-07-04 09:52:02,218: INFO/ForkPoolWorker-2] Using 6 search queries: nature, people, food, travel, architecture, animals
[2025-07-04 09:52:02,893: INFO/MainProcess] Task apps.gallery.tasks.process_audio[25766c8a-67b2-41ca-bad8-cb8b9908df82] received
[2025-07-04 09:52:03,513: INFO/MainProcess] Task apps.gallery.tasks.populate_unsplash_images[751ddb3d-8ee2-47a0-ba95-686c1503aec0] received
[2025-07-04 09:52:04,003: INFO/MainProcess] Task apps.gallery.tasks.process_audio[394439c2-571a-4e1b-88a7-53e6503d923e] received
[2025-07-04 09:52:04,492: INFO/MainProcess] Task apps.gallery.tasks.populate_unsplash_images[c67e7871-9e3c-442d-9dbc-aadde835285d] received
[2025-07-04 09:52:04,833: INFO/ForkPoolWorker-1] Task apps.gallery.tasks.populate_unsplash_images[f0f69a0b-d36d-45f2-95b0-f2b6a88aac17] succeeded in 93.15658063299998s: None
[2025-07-04 09:52:04,834: INFO/ForkPoolWorker-1] Fetching unsplash images to process
[2025-07-04 09:52:04,834: INFO/ForkPoolWorker-1] Starting Unsplash to gcs uploader job at 2025-07-04T09:52:04.834516
[2025-07-04 09:52:04,834: INFO/ForkPoolWorker-1] Using 6 search queries: nature, people, food, travel, architecture, animals
[2025-07-04 09:52:04,984: INFO/MainProcess] Task apps.gallery.tasks.process_audio[5ee989bc-a02e-45dd-9b66-5e1dc429402b] received
[2025-07-04 09:52:05,818: INFO/MainProcess] Task apps.gallery.tasks.populate_unsplash_images[1e161b5d-fe6e-4e69-bf46-f41f503e1d50] received
[2025-07-04 09:52:06,311: INFO/MainProcess] Task apps.gallery.tasks.process_audio[d0ae7ddc-250c-4085-9e28-9d396015aa37] received
[2025-07-04 09:52:06,802: INFO/MainProcess] Task apps.gallery.tasks.populate_unsplash_images[78e66d4d-cc69-4b11-aa5e-abfc54d62817] received
[2025-07-04 09:52:07,312: INFO/MainProcess] Task apps.gallery.tasks.process_audio[7252b860-6330-44d2-8421-fee3f77f5ccf] received
[2025-07-04 09:52:14,786: INFO/MainProcess] missed heartbeat from celery@838e3ebc3f56
[2025-07-04 09:52:14,786: INFO/MainProcess] missed heartbeat from celery@63f692d7cb61
[2025-07-04 09:53:30,457: INFO/ForkPoolWorker-4] Task apps.gallery.tasks.populate_unsplash_images[ed59bdd8-f835-434f-a899-65b2d1649e88] succeeded in 96.05460702599976s: None
[2025-07-04 09:53:30,458: INFO/ForkPoolWorker-4] Fetching audios to process
[2025-07-04 09:53:31,692: INFO/ForkPoolWorker-4] No audio files to process
[2025-07-04 09:53:31,814: INFO/MainProcess] Task apps.gallery.tasks.process_audio[6876bf63-85c2-4af0-999c-c11acc3192e7] received
[2025-07-04 09:53:32,043: INFO/ForkPoolWorker-4] Task apps.gallery.tasks.process_audio[62a06b93-311c-45c7-8161-c4e01782d53e] succeeded in 1.5853187550001167s: None
[2025-07-04 09:53:32,044: INFO/ForkPoolWorker-4] Fetching audios to process
[2025-07-04 09:53:32,919: INFO/MainProcess] Task apps.gallery.tasks.populate_unsplash_images[b541acbb-e18d-4839-9a7c-07a150fb3569] received
[2025-07-04 09:53:33,365: INFO/ForkPoolWorker-4] No audio files to process
[2025-07-04 09:53:33,718: INFO/ForkPoolWorker-4] Task apps.gallery.tasks.process_audio[063bb557-2e22-46ee-b67e-bebb3d71ed2d] succeeded in 1.674445458000264s: None
[2025-07-04 09:53:33,719: INFO/ForkPoolWorker-4] Fetching unsplash images to process
[2025-07-04 09:53:33,719: INFO/ForkPoolWorker-4] Starting Unsplash to gcs uploader job at 2025-07-04T09:53:33.719727
[2025-07-04 09:53:33,719: INFO/ForkPoolWorker-4] Using 6 search queries: nature, people, food, travel, architecture, animals
[2025-07-04 09:53:34,130: INFO/ForkPoolWorker-2] Task apps.gallery.tasks.populate_unsplash_images[9ff2928a-510e-4d43-9b2b-941d83a304d5] succeeded in 91.91593858600027s: None
[2025-07-04 09:53:34,585: INFO/MainProcess] Task apps.gallery.tasks.process_audio[3db9b86b-7336-4f4d-9e3b-a7c19f33c9b5] received
[2025-07-04 09:53:34,585: INFO/ForkPoolWorker-2] Fetching unsplash images to process
[2025-07-04 09:53:34,585: INFO/ForkPoolWorker-2] Starting Unsplash to gcs uploader job at 2025-07-04T09:53:34.585958
[2025-07-04 09:53:34,586: INFO/ForkPoolWorker-2] Using 6 search queries: nature, people, food, travel, architecture, animals
[2025-07-04 09:53:35,427: INFO/MainProcess] Task apps.gallery.tasks.populate_unsplash_images[329498e0-31d6-47bd-93c4-723607ff1422] received
[2025-07-04 09:53:40,970: INFO/ForkPoolWorker-1] Task apps.gallery.tasks.populate_unsplash_images[feb19eec-4908-46e0-9ed7-ed7ed6a60739] succeeded in 96.13996913900064s: None
[2025-07-04 09:53:41,149: INFO/ForkPoolWorker-3] Fetching audios to process
[2025-07-04 09:53:41,808: INFO/MainProcess] Task apps.gallery.tasks.process_audio[e804f7b9-39b3-4305-9798-a7bad01501ca] received
[2025-07-04 09:53:42,349: INFO/ForkPoolWorker-3] No audio files to process
[2025-07-04 09:53:42,695: INFO/ForkPoolWorker-3] Task apps.gallery.tasks.process_audio[9b4d0c2b-9b9b-41b0-8266-a2f5bb421ea0] succeeded in 1.5492420139999012s: None
[2025-07-04 09:53:42,867: INFO/ForkPoolWorker-3] Fetching unsplash images to process
[2025-07-04 09:53:42,868: INFO/ForkPoolWorker-3] Starting Unsplash to gcs uploader job at 2025-07-04T09:53:42.868002
[2025-07-04 09:53:42,868: INFO/ForkPoolWorker-3] Using 6 search queries: nature, people, food, travel, architecture, animals
[2025-07-04 09:53:43,532: INFO/MainProcess] Task apps.gallery.tasks.populate_unsplash_images[46e88995-1a5e-4719-a404-78e7a555a82a] received
[2025-07-04 09:55:03,616: INFO/ForkPoolWorker-4] Task apps.gallery.tasks.populate_unsplash_images[e2ce8600-660d-431e-9b04-c466d3d9e81a] succeeded in 89.9007103390004s: None
[2025-07-04 09:55:03,617: INFO/ForkPoolWorker-4] Fetching audios to process
[2025-07-04 09:55:04,773: INFO/MainProcess] Task apps.gallery.tasks.process_audio[bfdd46fb-ade7-4c20-b1ae-58a937181a94] received
[2025-07-04 09:55:04,896: INFO/ForkPoolWorker-4] No audio files to process
[2025-07-04 09:55:05,249: INFO/ForkPoolWorker-4] Task apps.gallery.tasks.process_audio[b372bd01-05a0-48b6-8b41-1f37fb3da5d1] succeeded in 1.6323856710005202s: None
[2025-07-04 09:55:05,250: INFO/ForkPoolWorker-4] Fetching audios to process
[2025-07-04 09:55:06,116: INFO/MainProcess] Task apps.gallery.tasks.populate_unsplash_images[01ad4a03-1ee2-4026-95de-ab6fc0e205e0] received
[2025-07-04 09:55:06,419: INFO/ForkPoolWorker-4] No audio files to process
[2025-07-04 09:55:06,676: INFO/ForkPoolWorker-2] Task apps.gallery.tasks.populate_unsplash_images[f1d446a0-79e1-4c9b-b8b2-d8358725b133] succeeded in 92.09426546899977s: None
[2025-07-04 09:55:06,767: INFO/ForkPoolWorker-4] Task apps.gallery.tasks.process_audio[25766c8a-67b2-41ca-bad8-cb8b9908df82] succeeded in 1.5169094869997934s: None
[2025-07-04 09:55:06,768: INFO/ForkPoolWorker-4] Fetching unsplash images to process
[2025-07-04 09:55:06,768: INFO/ForkPoolWorker-4] Starting Unsplash to gcs uploader job at 2025-07-04T09:55:06.768458
[2025-07-04 09:55:06,768: INFO/ForkPoolWorker-4] Using 6 search queries: nature, people, food, travel, architecture, animals
[2025-07-04 09:55:06,850: INFO/ForkPoolWorker-2] Fetching unsplash images to process
[2025-07-04 09:55:06,850: INFO/ForkPoolWorker-2] Starting Unsplash to gcs uploader job at 2025-07-04T09:55:06.850292
[2025-07-04 09:55:06,850: INFO/ForkPoolWorker-2] Using 6 search queries: nature, people, food, travel, architecture, animals
[2025-07-04 09:55:08,008: INFO/MainProcess] Task apps.gallery.tasks.process_audio[e80b5c95-0853-41f7-9604-2774937b7c04] received
[2025-07-04 09:55:08,498: INFO/MainProcess] Task apps.gallery.tasks.populate_unsplash_images[9ce26f75-4fc5-4223-a7f4-3c165a8c0fa5] received
[2025-07-04 09:55:14,275: INFO/ForkPoolWorker-3] Task apps.gallery.tasks.populate_unsplash_images[d327f45f-86c0-46e1-abde-5ec97464356e] succeeded in 91.41134908500044s: None
[2025-07-04 09:55:14,450: INFO/ForkPoolWorker-3] Fetching audios to process
[2025-07-04 09:55:15,101: INFO/MainProcess] Task apps.gallery.tasks.process_audio[2fbff814-41cd-4704-8746-3f620d03e755] received
[2025-07-04 09:55:15,629: INFO/ForkPoolWorker-3] No audio files to process
[2025-07-04 09:55:15,970: INFO/ForkPoolWorker-3] Task apps.gallery.tasks.process_audio[5ee989bc-a02e-45dd-9b66-5e1dc429402b] succeeded in 1.5206175190005524s: None
[2025-07-04 09:55:16,144: INFO/ForkPoolWorker-3] Fetching unsplash images to process
[2025-07-04 09:55:16,144: INFO/ForkPoolWorker-3] Starting Unsplash to gcs uploader job at 2025-07-04T09:55:16.144395
[2025-07-04 09:55:16,144: INFO/ForkPoolWorker-3] Using 6 search queries: nature, people, food, travel, architecture, animals
[2025-07-04 09:55:16,970: INFO/MainProcess] Task apps.gallery.tasks.populate_unsplash_images[fe98f731-7e50-494c-ac92-6707ad938358] received
[2025-07-04 09:56:43,891: INFO/ForkPoolWorker-4] Task apps.gallery.tasks.populate_unsplash_images[751ddb3d-8ee2-47a0-ba95-686c1503aec0] succeeded in 97.12685811100073s: None
[2025-07-04 09:56:43,892: INFO/ForkPoolWorker-4] Fetching audios to process
[2025-07-04 09:56:45,038: INFO/MainProcess] Task apps.gallery.tasks.process_audio[5c798dc3-4ffb-47ef-bb41-26fbb273d017] received
[2025-07-04 09:56:45,055: INFO/ForkPoolWorker-4] No audio files to process
[2025-07-04 09:56:45,406: INFO/ForkPoolWorker-4] Task apps.gallery.tasks.process_audio[394439c2-571a-4e1b-88a7-53e6503d923e] succeeded in 1.5136727859999155s: None
[2025-07-04 09:56:45,406: INFO/ForkPoolWorker-4] Fetching audios to process
[2025-07-04 09:56:46,118: INFO/ForkPoolWorker-2] Task apps.gallery.tasks.populate_unsplash_images[c67e7871-9e3c-442d-9dbc-aadde835285d] succeeded in 99.27218490999985s: None
[2025-07-04 09:56:46,276: INFO/MainProcess] Task apps.gallery.tasks.populate_unsplash_images[dba396ba-e33a-43d3-a9e8-2d3897530b1d] received
[2025-07-04 09:56:46,623: INFO/ForkPoolWorker-2] Fetching audios to process
[2025-07-04 09:56:46,667: INFO/ForkPoolWorker-4] No audio files to process
[2025-07-04 09:56:47,016: INFO/ForkPoolWorker-4] Task apps.gallery.tasks.process_audio[d0ae7ddc-250c-4085-9e28-9d396015aa37] succeeded in 1.6100445140000375s: None
[2025-07-04 09:56:47,017: INFO/ForkPoolWorker-4] Fetching unsplash images to process
[2025-07-04 09:56:47,017: INFO/ForkPoolWorker-4] Starting Unsplash to gcs uploader job at 2025-07-04T09:56:47.017846
[2025-07-04 09:56:47,017: INFO/ForkPoolWorker-4] Using 6 search queries: nature, people, food, travel, architecture, animals
[2025-07-04 09:56:47,356: INFO/MainProcess] Task apps.gallery.tasks.process_audio[a297abb3-b3c9-4c1f-b090-cf18bb353887] received
[2025-07-04 09:56:47,838: INFO/ForkPoolWorker-2] No audio files to process
[2025-07-04 09:56:48,184: INFO/MainProcess] Task apps.gallery.tasks.populate_unsplash_images[a1c1402b-b399-40a6-950d-aacbac0b99f6] received
[2025-07-04 09:56:48,189: INFO/ForkPoolWorker-2] Task apps.gallery.tasks.process_audio[7252b860-6330-44d2-8421-fee3f77f5ccf] succeeded in 1.5660973609992652s: None
[2025-07-04 09:56:48,534: INFO/ForkPoolWorker-2] Fetching unsplash images to process
[2025-07-04 09:56:48,534: INFO/ForkPoolWorker-2] Starting Unsplash to gcs uploader job at 2025-07-04T09:56:48.534567
[2025-07-04 09:56:48,534: INFO/ForkPoolWorker-2] Using 6 search queries: nature, people, food, travel, architecture, animals
[2025-07-04 09:56:49,188: INFO/MainProcess] Task apps.gallery.tasks.process_audio[c7efb907-5fb9-415b-81c9-706eae163cdd] received
[2025-07-04 09:56:59,508: INFO/ForkPoolWorker-3] Task apps.gallery.tasks.populate_unsplash_images[1e161b5d-fe6e-4e69-bf46-f41f503e1d50] succeeded in 103.36881616400024s: None
[2025-07-04 09:56:59,684: INFO/ForkPoolWorker-3] Fetching audios to process
[2025-07-04 09:57:00,338: INFO/MainProcess] Task apps.gallery.tasks.populate_unsplash_images[2f125884-ce40-45a6-80b0-4b8c60e6a416] received
[2025-07-04 09:57:00,816: INFO/ForkPoolWorker-3] No audio files to process
[2025-07-04 09:57:01,163: INFO/ForkPoolWorker-3] Task apps.gallery.tasks.process_audio[3db9b86b-7336-4f4d-9e3b-a7c19f33c9b5] succeeded in 1.4794950039995456s: None
[2025-07-04 09:57:01,340: INFO/ForkPoolWorker-3] Fetching unsplash images to process
[2025-07-04 09:57:01,340: INFO/ForkPoolWorker-3] Starting Unsplash to gcs uploader job at 2025-07-04T09:57:01.340905
[2025-07-04 09:57:01,340: INFO/ForkPoolWorker-3] Using 6 search queries: nature, people, food, travel, architecture, animals
[2025-07-04 09:57:02,002: INFO/MainProcess] Task apps.gallery.tasks.process_audio[29b5e93e-e453-471e-bebd-aa96046b267a] received
[2025-07-04 09:58:21,069: INFO/ForkPoolWorker-4] Task apps.gallery.tasks.populate_unsplash_images[78e66d4d-cc69-4b11-aa5e-abfc54d62817] succeeded in 94.05552481700033s: None
[2025-07-04 09:58:21,070: INFO/ForkPoolWorker-4] Fetching audios to process
[2025-07-04 09:58:22,265: INFO/ForkPoolWorker-4] No audio files to process
[2025-07-04 09:58:22,387: INFO/MainProcess] Task apps.gallery.tasks.process_audio[3fd02285-ad9d-4478-aad7-4110aff1c0a3] received
[2025-07-04 09:58:22,652: INFO/ForkPoolWorker-4] Task apps.gallery.tasks.process_audio[6876bf63-85c2-4af0-999c-c11acc3192e7] succeeded in 1.5816251320002266s: None
[2025-07-04 09:58:22,653: INFO/ForkPoolWorker-4] Fetching audios to process
[2025-07-04 09:58:23,469: INFO/ForkPoolWorker-2] Task apps.gallery.tasks.populate_unsplash_images[b541acbb-e18d-4839-9a7c-07a150fb3569] succeeded in 94.93872105199989s: None
[2025-07-04 09:58:23,480: INFO/MainProcess] Task apps.gallery.tasks.populate_unsplash_images[4e87ea13-cce4-4c71-9116-ad01444c8c22] received
[2025-07-04 09:58:23,846: INFO/ForkPoolWorker-4] No audio files to process
[2025-07-04 09:58:24,001: INFO/ForkPoolWorker-2] Fetching audios to process
[2025-07-04 09:58:24,194: INFO/ForkPoolWorker-4] Task apps.gallery.tasks.process_audio[e804f7b9-39b3-4305-9798-a7bad01501ca] succeeded in 1.5418144900004336s: None
[2025-07-04 09:58:24,195: INFO/ForkPoolWorker-4] Fetching unsplash images to process
[2025-07-04 09:58:24,195: INFO/ForkPoolWorker-4] Starting Unsplash to gcs uploader job at 2025-07-04T09:58:24.195854
[2025-07-04 09:58:24,195: INFO/ForkPoolWorker-4] Using 6 search queries: nature, people, food, travel, architecture, animals
[2025-07-04 09:58:24,663: INFO/MainProcess] Task apps.gallery.tasks.process_audio[0ecbde43-9620-4d37-a6b2-776d0ec47a92] received
[2025-07-04 09:58:25,128: INFO/ForkPoolWorker-2] No audio files to process
[2025-07-04 09:58:25,321: INFO/MainProcess] Task apps.gallery.tasks.populate_unsplash_images[3c2860bd-27e5-403f-ac08-5b6687e2a836] received
[2025-07-04 09:58:25,469: INFO/ForkPoolWorker-2] Task apps.gallery.tasks.process_audio[bfdd46fb-ade7-4c20-b1ae-58a937181a94] succeeded in 1.4687894879998566s: None
[2025-07-04 09:58:25,670: INFO/ForkPoolWorker-2] Fetching audios to process
[2025-07-04 09:58:26,496: INFO/MainProcess] Task apps.gallery.tasks.process_audio[3db9c14a-c2ad-40f2-b066-099a81f1f6ab] received
[2025-07-04 09:58:26,836: INFO/ForkPoolWorker-2] No audio files to process
[2025-07-04 09:58:27,176: INFO/ForkPoolWorker-2] Task apps.gallery.tasks.process_audio[e80b5c95-0853-41f7-9604-2774937b7c04] succeeded in 1.5065064660002463s: None
[2025-07-04 09:58:27,351: INFO/ForkPoolWorker-2] Fetching unsplash images to process
[2025-07-04 09:58:27,351: INFO/ForkPoolWorker-2] Starting Unsplash to gcs uploader job at 2025-07-04T09:58:27.351967
[2025-07-04 09:58:27,352: INFO/ForkPoolWorker-2] Using 6 search queries: nature, people, food, travel, architecture, animals
[2025-07-04 09:58:27,999: INFO/MainProcess] Task apps.gallery.tasks.populate_unsplash_images[6bf47322-2898-457c-b319-73bc0da4a9c0] received
[2025-07-04 09:58:34,427: INFO/ForkPoolWorker-3] Task apps.gallery.tasks.populate_unsplash_images[329498e0-31d6-47bd-93c4-723607ff1422] succeeded in 93.09035379600027s: None
[2025-07-04 09:58:34,599: INFO/ForkPoolWorker-3] Fetching audios to process
[2025-07-04 09:58:35,417: INFO/MainProcess] Task apps.gallery.tasks.process_audio[67a548bc-b285-4aa9-bce8-7953d6c48ecd] received
[2025-07-04 09:58:35,764: INFO/ForkPoolWorker-3] No audio files to process
[2025-07-04 09:58:36,107: INFO/ForkPoolWorker-3] Task apps.gallery.tasks.process_audio[2fbff814-41cd-4704-8746-3f620d03e755] succeeded in 1.508133175999319s: None
[2025-07-04 09:58:36,281: INFO/ForkPoolWorker-3] Fetching unsplash images to process
[2025-07-04 09:58:36,281: INFO/ForkPoolWorker-3] Starting Unsplash to gcs uploader job at 2025-07-04T09:58:36.281270
[2025-07-04 09:58:36,281: INFO/ForkPoolWorker-3] Using 6 search queries: nature, people, food, travel, architecture, animals
[2025-07-04 09:58:36,932: INFO/MainProcess] Task apps.gallery.tasks.populate_unsplash_images[8517da23-6d49-4ff8-afb8-56794f02b2f9] received
[2025-07-04 10:00:01,678: INFO/ForkPoolWorker-2] Task apps.gallery.tasks.populate_unsplash_images[9ce26f75-4fc5-4223-a7f4-3c165a8c0fa5] succeeded in 94.33186854399992s: None
[2025-07-04 10:00:01,854: INFO/ForkPoolWorker-2] Fetching audios to process
[2025-07-04 10:00:02,644: INFO/ForkPoolWorker-4] Task apps.gallery.tasks.populate_unsplash_images[46e88995-1a5e-4719-a404-78e7a555a82a] succeeded in 98.4539185650001s: None
[2025-07-04 10:00:02,647: INFO/ForkPoolWorker-4] Fetching unsplash images to process
[2025-07-04 10:00:02,647: INFO/ForkPoolWorker-4] Starting Unsplash to gcs uploader job at 2025-07-04T10:00:02.647880
[2025-07-04 10:00:02,647: INFO/ForkPoolWorker-4] Using 6 search queries: nature, people, food, travel, architecture, animals
[2025-07-04 10:00:03,011: INFO/MainProcess] Task apps.gallery.tasks.process_audio[9153247e-0ba3-426b-9541-68ff11110fcb] received
[2025-07-04 10:00:03,077: INFO/ForkPoolWorker-2] No audio files to process
[2025-07-04 10:00:03,415: INFO/ForkPoolWorker-2] Task apps.gallery.tasks.process_audio[5c798dc3-4ffb-47ef-bb41-26fbb273d017] succeeded in 1.5617343010007971s: None
[2025-07-04 10:00:03,748: INFO/MainProcess] Task apps.gallery.tasks.populate_unsplash_images[d3b786ec-daf3-488e-b411-2619890661eb] received
[2025-07-04 10:00:03,749: INFO/ForkPoolWorker-2] Fetching audios to process
[2025-07-04 10:00:04,575: INFO/MainProcess] Task apps.gallery.tasks.process_audio[281ab982-9410-41cc-8cb0-310e7277c3eb] received
[2025-07-04 10:00:04,990: INFO/ForkPoolWorker-2] No audio files to process
[2025-07-04 10:00:05,330: INFO/ForkPoolWorker-2] Task apps.gallery.tasks.process_audio[a297abb3-b3c9-4c1f-b090-cf18bb353887] succeeded in 1.5810875759998453s: None
[2025-07-04 10:00:05,503: INFO/ForkPoolWorker-2] Fetching unsplash images to process
[2025-07-04 10:00:05,503: INFO/ForkPoolWorker-2] Starting Unsplash to gcs uploader job at 2025-07-04T10:00:05.503906
[2025-07-04 10:00:05,503: INFO/ForkPoolWorker-2] Using 6 search queries: nature, people, food, travel, architecture, animals
[2025-07-04 10:00:06,152: INFO/MainProcess] Task apps.gallery.tasks.populate_unsplash_images[df55c64e-dbbb-4bfb-8ed8-0966678431b8] received
[2025-07-04 10:00:10,501: INFO/ForkPoolWorker-3] Task apps.gallery.tasks.populate_unsplash_images[fe98f731-7e50-494c-ac92-6707ad938358] succeeded in 94.22380133300067s: None
[2025-07-04 10:00:10,676: INFO/ForkPoolWorker-3] Fetching audios to process
[2025-07-04 10:00:11,328: ERROR/MainProcess] Received unregistered task of type 'apps.gallery.tasks.generate_metadata'.
The message has been ignored and discarded.

Did you remember to import the module containing this task?
Or maybe you're using relative imports?

Please see
https://docs.celeryq.dev/en/latest/internals/protocol.html
for more information.

The full contents of the message body was:
b'[[], {}, {"callbacks": null, "errbacks": null, "chain": null, "chord": null}]' (77b)

The full contents of the message headers:
{'lang': 'py', 'task': 'apps.gallery.tasks.generate_metadata', 'id': 'fe859981-b829-45ad-ad5a-75a7a67c78a5', 'shadow': None, 'eta': None, 'expires': None, 'group': None, 'group_index': None, 'retries': 0, 'timelimit': [None, None], 'root_id': 'fe859981-b829-45ad-ad5a-75a7a67c78a5', 'parent_id': None, 'argsrepr': '()', 'kwargsrepr': '{}', 'origin': 'gen7@63f692d7cb61', 'ignore_result': False, 'stamped_headers': None, 'stamps': {}}

The delivery info for this task is:
{'exchange': '', 'routing_key': 'celery'}
Traceback (most recent call last):
  File "/usr/local/lib/python3.12/site-packages/celery/worker/consumer/consumer.py", line 642, in on_task_received
    strategy = strategies[type_]
               ~~~~~~~~~~^^^^^^^
KeyError: 'apps.gallery.tasks.generate_metadata'
[2025-07-04 10:00:11,844: INFO/ForkPoolWorker-3] No audio files to process
[2025-07-04 10:00:12,183: INFO/ForkPoolWorker-3] Task apps.gallery.tasks.process_audio[c7efb907-5fb9-415b-81c9-706eae163cdd] succeeded in 1.5070210089998s: None
[2025-07-04 10:00:12,522: INFO/MainProcess] Task apps.gallery.tasks.process_audio[c350079b-2b1e-4cba-8b19-d47af30ba3cc] received
[2025-07-04 10:00:12,523: INFO/ForkPoolWorker-3] Fetching unsplash images to process
[2025-07-04 10:00:12,523: INFO/ForkPoolWorker-3] Starting Unsplash to gcs uploader job at 2025-07-04T10:00:12.523130
[2025-07-04 10:00:12,523: INFO/ForkPoolWorker-3] Using 6 search queries: nature, people, food, travel, architecture, animals
[2025-07-04 10:00:13,347: INFO/MainProcess] Task apps.gallery.tasks.populate_unsplash_images[cee87d50-7503-4256-9943-7e704d44bf1a] received
[2025-07-04 10:01:35,589: INFO/ForkPoolWorker-4] Task apps.gallery.tasks.populate_unsplash_images[01ad4a03-1ee2-4026-95de-ab6fc0e205e0] succeeded in 92.94523228100024s: None
[2025-07-04 10:01:35,590: INFO/ForkPoolWorker-4] Fetching unsplash images to process
[2025-07-04 10:01:35,591: INFO/ForkPoolWorker-4] Starting Unsplash to gcs uploader job at 2025-07-04T10:01:35.591040
[2025-07-04 10:01:35,591: INFO/ForkPoolWorker-4] Using 6 search queries: nature, people, food, travel, architecture, animals
[2025-07-04 10:01:36,738: INFO/MainProcess] Task apps.gallery.tasks.process_audio[b587b687-a55e-4bd8-8d27-bce6f3b14ff6] received
[2025-07-04 10:01:37,347: INFO/ForkPoolWorker-2] Task apps.gallery.tasks.populate_unsplash_images[a1c1402b-b399-40a6-950d-aacbac0b99f6] succeeded in 91.84675895500004s: None
[2025-07-04 10:01:37,517: INFO/ForkPoolWorker-2] Fetching audios to process
[2025-07-04 10:01:38,171: INFO/MainProcess] Task apps.gallery.tasks.populate_unsplash_images[a0ecb373-3bb8-473a-88b4-38a79b99e47f] received
[2025-07-04 10:01:38,684: INFO/ForkPoolWorker-2] No audio files to process
[2025-07-04 10:01:39,038: INFO/ForkPoolWorker-2] Task apps.gallery.tasks.process_audio[3fd02285-ad9d-4478-aad7-4110aff1c0a3] succeeded in 1.5209878899995601s: None
[2025-07-04 10:01:39,378: INFO/ForkPoolWorker-2] Fetching unsplash images to process
[2025-07-04 10:01:39,378: INFO/ForkPoolWorker-2] Starting Unsplash to gcs uploader job at 2025-07-04T10:01:39.378813
[2025-07-04 10:01:39,378: INFO/ForkPoolWorker-2] Using 6 search queries: nature, people, food, travel, architecture, animals
[2025-07-04 10:01:40,037: INFO/MainProcess] Task apps.gallery.tasks.process_audio[d5479e65-1542-43f0-8159-f20da4e4a20e] received
[2025-07-04 10:01:48,031: INFO/ForkPoolWorker-3] Task apps.gallery.tasks.populate_unsplash_images[2f125884-ce40-45a6-80b0-4b8c60e6a416] succeeded in 95.51136377400053s: None
[2025-07-04 10:01:48,243: INFO/ForkPoolWorker-3] Fetching audios to process
[2025-07-04 10:01:48,903: INFO/MainProcess] Task apps.gallery.tasks.populate_unsplash_images[094fe1b4-6965-4639-ba53-aef0f7b9c930] received
[2025-07-04 10:01:49,407: INFO/ForkPoolWorker-3] No audio files to process
[2025-07-04 10:01:49,745: INFO/ForkPoolWorker-3] Task apps.gallery.tasks.process_audio[0ecbde43-9620-4d37-a6b2-776d0ec47a92] succeeded in 1.5017656770005487s: None
[2025-07-04 10:01:49,916: INFO/ForkPoolWorker-3] Fetching unsplash images to process
[2025-07-04 10:01:49,916: INFO/ForkPoolWorker-3] Starting Unsplash to gcs uploader job at 2025-07-04T10:01:49.916220
[2025-07-04 10:01:49,916: INFO/ForkPoolWorker-3] Using 6 search queries: nature, people, food, travel, architecture, animals
[2025-07-04 10:01:50,742: INFO/MainProcess] Task apps.gallery.tasks.process_audio[a88c4cbc-f016-43ee-a12e-e3fb7b4c6c77] received
[2025-07-04 10:03:06,018: INFO/ForkPoolWorker-4] Task apps.gallery.tasks.populate_unsplash_images[dba396ba-e33a-43d3-a9e8-2d3897530b1d] succeeded in 90.43133620699973s: None
[2025-07-04 10:03:06,019: INFO/ForkPoolWorker-4] Fetching audios to process
[2025-07-04 10:03:07,167: INFO/ForkPoolWorker-4] No audio files to process
[2025-07-04 10:03:07,180: INFO/MainProcess] Task apps.gallery.tasks.process_audio[75bf2486-b6a4-407d-9ca4-e3e8f6e29760] received
[2025-07-04 10:03:07,515: INFO/ForkPoolWorker-4] Task apps.gallery.tasks.process_audio[29b5e93e-e453-471e-bebd-aa96046b267a] succeeded in 1.4964378840004429s: None
[2025-07-04 10:03:07,516: INFO/ForkPoolWorker-4] Fetching audios to process
[2025-07-04 10:03:08,333: INFO/MainProcess] Task apps.gallery.tasks.populate_unsplash_images[e73fa38e-8c82-4d5f-b04e-d970e92d3096] received
[2025-07-04 10:03:08,784: INFO/ForkPoolWorker-4] No audio files to process
[2025-07-04 10:03:09,134: INFO/ForkPoolWorker-4] Task apps.gallery.tasks.process_audio[3db9c14a-c2ad-40f2-b066-099a81f1f6ab] succeeded in 1.6184908159993938s: None
[2025-07-04 10:03:09,135: INFO/ForkPoolWorker-4] Fetching unsplash images to process
[2025-07-04 10:03:09,135: INFO/ForkPoolWorker-4] Starting Unsplash to gcs uploader job at 2025-07-04T10:03:09.135674
[2025-07-04 10:03:09,135: INFO/ForkPoolWorker-4] Using 6 search queries: nature, people, food, travel, architecture, animals
[2025-07-04 10:03:09,919: INFO/ForkPoolWorker-2] Task apps.gallery.tasks.populate_unsplash_images[4e87ea13-cce4-4c71-9116-ad01444c8c22] succeeded in 90.54480334999971s: None
[2025-07-04 10:03:09,964: INFO/MainProcess] Task apps.gallery.tasks.process_audio[c4c26d3c-a04c-4cd4-831e-abf8e3393165] received
[2025-07-04 10:03:10,309: INFO/ForkPoolWorker-2] Fetching unsplash images to process
[2025-07-04 10:03:10,309: INFO/ForkPoolWorker-2] Starting Unsplash to gcs uploader job at 2025-07-04T10:03:10.309971
[2025-07-04 10:03:10,310: INFO/ForkPoolWorker-2] Using 6 search queries: nature, people, food, travel, architecture, animals
[2025-07-04 10:03:10,966: INFO/MainProcess] Task apps.gallery.tasks.populate_unsplash_images[1c408387-b6dd-489a-b685-bc63e6262379] received
[2025-07-04 10:03:22,170: INFO/ForkPoolWorker-3] Task apps.gallery.tasks.populate_unsplash_images[3c2860bd-27e5-403f-ac08-5b6687e2a836] succeeded in 92.25788546900003s: None
[2025-07-04 10:03:22,347: INFO/ForkPoolWorker-3] Fetching audios to process
[2025-07-04 10:03:23,001: INFO/MainProcess] Task apps.gallery.tasks.process_audio[46163cc8-e1a6-4341-8713-c22827af476b] received
[2025-07-04 10:03:23,641: INFO/ForkPoolWorker-3] No audio files to process
[2025-07-04 10:03:23,982: INFO/ForkPoolWorker-3] Task apps.gallery.tasks.process_audio[9153247e-0ba3-426b-9541-68ff11110fcb] succeeded in 1.6356713130007847s: None
[2025-07-04 10:03:24,156: INFO/ForkPoolWorker-3] Fetching unsplash images to process
[2025-07-04 10:03:24,156: INFO/ForkPoolWorker-3] Starting Unsplash to gcs uploader job at 2025-07-04T10:03:24.156633
[2025-07-04 10:03:24,156: INFO/ForkPoolWorker-3] Using 6 search queries: nature, people, food, travel, architecture, animals
[2025-07-04 10:03:24,983: INFO/MainProcess] Task apps.gallery.tasks.populate_unsplash_images[511c49a3-ce69-48f4-bb32-f56777afdf36] received
[2025-07-04 10:04:41,924: INFO/ForkPoolWorker-4] Task apps.gallery.tasks.populate_unsplash_images[6bf47322-2898-457c-b319-73bc0da4a9c0] succeeded in 92.79148503600027s: None
[2025-07-04 10:04:41,924: INFO/ForkPoolWorker-4] Fetching audios to process
[2025-07-04 10:04:42,924: INFO/MainProcess] Task apps.gallery.tasks.process_audio[c94dfbe1-9100-4cb4-9c09-83809b0f70fa] received
[2025-07-04 10:04:43,231: INFO/ForkPoolWorker-4] No audio files to process
[2025-07-04 10:04:43,585: INFO/ForkPoolWorker-4] Task apps.gallery.tasks.process_audio[67a548bc-b285-4aa9-bce8-7953d6c48ecd] succeeded in 1.660163540999747s: None
[2025-07-04 10:04:43,585: INFO/ForkPoolWorker-4] Fetching audios to process
[2025-07-04 10:04:44,420: INFO/MainProcess] Task apps.gallery.tasks.populate_unsplash_images[ef723a32-a917-4ba7-bd44-2b519f932db2] received
[2025-07-04 10:04:44,825: INFO/ForkPoolWorker-4] No audio files to process
[2025-07-04 10:04:45,174: INFO/ForkPoolWorker-4] Task apps.gallery.tasks.process_audio[281ab982-9410-41cc-8cb0-310e7277c3eb] succeeded in 1.5890575579996948s: None
[2025-07-04 10:04:45,175: INFO/ForkPoolWorker-4] Fetching unsplash images to process
[2025-07-04 10:04:45,175: INFO/ForkPoolWorker-4] Starting Unsplash to gcs uploader job at 2025-07-04T10:04:45.175860
[2025-07-04 10:04:45,175: INFO/ForkPoolWorker-4] Using 6 search queries: nature, people, food, travel, architecture, animals
[2025-07-04 10:04:45,361: INFO/ForkPoolWorker-2] Task apps.gallery.tasks.populate_unsplash_images[8517da23-6d49-4ff8-afb8-56794f02b2f9] succeeded in 95.05497343499974s: None
[2025-07-04 10:04:45,523: INFO/ForkPoolWorker-2] Fetching unsplash images to process
[2025-07-04 10:04:45,523: INFO/ForkPoolWorker-2] Starting Unsplash to gcs uploader job at 2025-07-04T10:04:45.523866
[2025-07-04 10:04:45,523: INFO/ForkPoolWorker-2] Using 6 search queries: nature, people, food, travel, architecture, animals
[2025-07-04 10:04:46,366: INFO/MainProcess] Task apps.gallery.tasks.process_audio[a6f24cbe-2e1a-4f4b-bf81-31316bca1d6c] received
[2025-07-04 10:04:46,864: INFO/MainProcess] Task apps.gallery.tasks.populate_unsplash_images[66a0c3cb-7170-4413-92b5-6937e82d02d8] received
[2025-07-04 10:04:56,992: INFO/ForkPoolWorker-3] Task apps.gallery.tasks.populate_unsplash_images[d3b786ec-daf3-488e-b411-2619890661eb] succeeded in 92.83949265299998s: None
[2025-07-04 10:04:57,167: INFO/ForkPoolWorker-3] Fetching audios to process
[2025-07-04 10:04:57,827: ERROR/MainProcess] Received unregistered task of type 'apps.gallery.tasks.generate_metadata'.
The message has been ignored and discarded.

Did you remember to import the module containing this task?
Or maybe you're using relative imports?

Please see
https://docs.celeryq.dev/en/latest/internals/protocol.html
for more information.

The full contents of the message body was:
b'[[], {}, {"callbacks": null, "errbacks": null, "chain": null, "chord": null}]' (77b)

The full contents of the message headers:
{'lang': 'py', 'task': 'apps.gallery.tasks.generate_metadata', 'id': '3758b5bf-9762-491d-bad4-855d2822470b', 'shadow': None, 'eta': None, 'expires': None, 'group': None, 'group_index': None, 'retries': 0, 'timelimit': [None, None], 'root_id': '3758b5bf-9762-491d-bad4-855d2822470b', 'parent_id': None, 'argsrepr': '()', 'kwargsrepr': '{}', 'origin': 'gen7@63f692d7cb61', 'ignore_result': False, 'stamped_headers': None, 'stamps': {}}

The delivery info for this task is:
{'exchange': '', 'routing_key': 'celery'}
Traceback (most recent call last):
  File "/usr/local/lib/python3.12/site-packages/celery/worker/consumer/consumer.py", line 642, in on_task_received
    strategy = strategies[type_]
               ~~~~~~~~~~^^^^^^^
KeyError: 'apps.gallery.tasks.generate_metadata'
[2025-07-04 10:04:58,444: INFO/ForkPoolWorker-3] No audio files to process
[2025-07-04 10:04:58,790: INFO/ForkPoolWorker-3] Task apps.gallery.tasks.process_audio[b587b687-a55e-4bd8-8d27-bce6f3b14ff6] succeeded in 1.6238203220000287s: None
[2025-07-04 10:04:59,125: INFO/MainProcess] Task apps.gallery.tasks.process_audio[d1f13598-0622-45cd-b317-7fff23427e4b] received
[2025-07-04 10:04:59,126: INFO/ForkPoolWorker-3] Fetching unsplash images to process
[2025-07-04 10:04:59,126: INFO/ForkPoolWorker-3] Starting Unsplash to gcs uploader job at 2025-07-04T10:04:59.126632
[2025-07-04 10:04:59,126: INFO/ForkPoolWorker-3] Using 6 search queries: nature, people, food, travel, architecture, animals
[2025-07-04 10:04:59,960: INFO/MainProcess] Task apps.gallery.tasks.populate_unsplash_images[b50b6ad1-09b7-4293-8788-c61e60acb8aa] received
[2025-07-04 10:06:18,400: INFO/ForkPoolWorker-2] Task apps.gallery.tasks.populate_unsplash_images[cee87d50-7503-4256-9943-7e704d44bf1a] succeeded in 92.87996797100004s: None
[2025-07-04 10:06:18,570: INFO/ForkPoolWorker-2] Fetching audios to process
[2025-07-04 10:06:19,391: INFO/MainProcess] Task apps.gallery.tasks.process_audio[0451fa40-9a71-4f69-8b8a-2d4c8b201978] received
[2025-07-04 10:06:19,746: INFO/ForkPoolWorker-2] No audio files to process
[2025-07-04 10:06:20,098: INFO/ForkPoolWorker-2] Task apps.gallery.tasks.process_audio[d5479e65-1542-43f0-8159-f20da4e4a20e] succeeded in 1.5285735659999773s: None
[2025-07-04 10:06:20,274: INFO/ForkPoolWorker-2] Fetching unsplash images to process
[2025-07-04 10:06:20,274: INFO/ForkPoolWorker-2] Starting Unsplash to gcs uploader job at 2025-07-04T10:06:20.274357
[2025-07-04 10:06:20,274: INFO/ForkPoolWorker-2] Using 6 search queries: nature, people, food, travel, architecture, animals
[2025-07-04 10:06:20,936: INFO/MainProcess] Task apps.gallery.tasks.populate_unsplash_images[9b22b1e4-1d42-43cf-848c-1688447f7612] received
[2025-07-04 10:06:21,457: INFO/ForkPoolWorker-4] Task apps.gallery.tasks.populate_unsplash_images[df55c64e-dbbb-4bfb-8ed8-0966678431b8] succeeded in 96.28474412100059s: None
[2025-07-04 10:06:21,457: INFO/ForkPoolWorker-4] Fetching audios to process
[2025-07-04 10:06:22,278: INFO/MainProcess] Task apps.gallery.tasks.process_audio[f2a1ca31-4d52-4845-a4f8-6da593104570] received
[2025-07-04 10:06:22,662: INFO/ForkPoolWorker-4] No audio files to process
[2025-07-04 10:06:23,019: INFO/ForkPoolWorker-4] Task apps.gallery.tasks.process_audio[c350079b-2b1e-4cba-8b19-d47af30ba3cc] succeeded in 1.5616033469996182s: None
[2025-07-04 10:06:23,020: INFO/ForkPoolWorker-4] Fetching audios to process
[2025-07-04 10:06:24,024: INFO/MainProcess] Task apps.gallery.tasks.populate_unsplash_images[c1f2302f-98b7-42ce-be77-b7f54f79eba5] received
[2025-07-04 10:06:24,220: INFO/ForkPoolWorker-4] No audio files to process
[2025-07-04 10:06:24,572: INFO/ForkPoolWorker-4] Task apps.gallery.tasks.process_audio[a88c4cbc-f016-43ee-a12e-e3fb7b4c6c77] succeeded in 1.5522264020000875s: None
[2025-07-04 10:06:24,573: INFO/ForkPoolWorker-4] Fetching audios to process
[2025-07-04 10:06:25,407: INFO/MainProcess] Task apps.gallery.tasks.process_audio[42c6d109-4c78-477f-a396-903895ed12b7] received
[2025-07-04 10:06:25,777: INFO/ForkPoolWorker-4] No audio files to process
[2025-07-04 10:06:26,129: INFO/ForkPoolWorker-4] Task apps.gallery.tasks.process_audio[75bf2486-b6a4-407d-9ca4-e3e8f6e29760] succeeded in 1.556008278000263s: None
[2025-07-04 10:06:26,129: INFO/ForkPoolWorker-4] Fetching unsplash images to process
[2025-07-04 10:06:26,130: INFO/ForkPoolWorker-4] Starting Unsplash to gcs uploader job at 2025-07-04T10:06:26.130118
[2025-07-04 10:06:26,130: INFO/ForkPoolWorker-4] Using 6 search queries: nature, people, food, travel, architecture, animals
[2025-07-04 10:06:26,962: INFO/MainProcess] Task apps.gallery.tasks.populate_unsplash_images[65694c05-217d-44f1-baec-a37bd49e8fb1] received
[2025-07-04 10:06:28,756: INFO/ForkPoolWorker-3] Task apps.gallery.tasks.populate_unsplash_images[a0ecb373-3bb8-473a-88b4-38a79b99e47f] succeeded in 89.63338868699975s: None
[2025-07-04 10:06:28,932: INFO/ForkPoolWorker-3] Fetching unsplash images to process
[2025-07-04 10:06:28,933: INFO/ForkPoolWorker-3] Starting Unsplash to gcs uploader job at 2025-07-04T10:06:28.933102
[2025-07-04 10:06:28,933: INFO/ForkPoolWorker-3] Using 6 search queries: nature, people, food, travel, architecture, animals
[2025-07-04 10:06:29,583: INFO/MainProcess] Task apps.gallery.tasks.process_audio[31e50575-ed46-4cbc-9ed5-bc52a6dfac7e] received
[2025-07-04 10:07:57,415: INFO/ForkPoolWorker-2] Task apps.gallery.tasks.populate_unsplash_images[094fe1b4-6965-4639-ba53-aef0f7b9c930] succeeded in 97.14539340200008s: None
[2025-07-04 10:07:57,589: INFO/ForkPoolWorker-2] Fetching audios to process
[2025-07-04 10:07:58,061: INFO/ForkPoolWorker-4] Task apps.gallery.tasks.populate_unsplash_images[e73fa38e-8c82-4d5f-b04e-d970e92d3096] succeeded in 91.93438506799976s: None
[2025-07-04 10:07:58,061: INFO/ForkPoolWorker-4] Fetching audios to process
[2025-07-04 10:07:58,413: INFO/MainProcess] Task apps.gallery.tasks.process_audio[24ebc290-222a-4c53-9b61-9f7764670d39] received
[2025-07-04 10:07:58,818: INFO/ForkPoolWorker-2] No audio files to process
[2025-07-04 10:07:59,064: INFO/MainProcess] Task apps.gallery.tasks.process_audio[d27e8405-08b8-4f64-9ce0-5cfcf5286b0e] received
[2025-07-04 10:07:59,159: INFO/ForkPoolWorker-2] Task apps.gallery.tasks.process_audio[46163cc8-e1a6-4341-8713-c22827af476b] succeeded in 1.5698158870000043s: None
[2025-07-04 10:07:59,358: INFO/ForkPoolWorker-4] No audio files to process
[2025-07-04 10:07:59,578: INFO/ForkPoolWorker-2] Fetching audios to process
[2025-07-04 10:07:59,709: INFO/ForkPoolWorker-4] Task apps.gallery.tasks.process_audio[c4c26d3c-a04c-4cd4-831e-abf8e3393165] succeeded in 1.6492190429999027s: None
[2025-07-04 10:07:59,710: INFO/ForkPoolWorker-4] Fetching unsplash images to process
[2025-07-04 10:07:59,710: INFO/ForkPoolWorker-4] Starting Unsplash to gcs uploader job at 2025-07-04T10:07:59.710803
[2025-07-04 10:07:59,710: INFO/ForkPoolWorker-4] Using 6 search queries: nature, people, food, travel, architecture, animals
[2025-07-04 10:08:00,243: INFO/MainProcess] Task apps.gallery.tasks.populate_unsplash_images[a74bfc5e-87fe-491a-9677-e176f20d4f93] received
[2025-07-04 10:08:00,712: INFO/ForkPoolWorker-2] No audio files to process
[2025-07-04 10:08:00,906: INFO/MainProcess] Task apps.gallery.tasks.populate_unsplash_images[6d7bb2dc-fce0-4e75-8da6-a03d5da5a470] received
[2025-07-04 10:08:01,061: INFO/ForkPoolWorker-2] Task apps.gallery.tasks.process_audio[c94dfbe1-9100-4cb4-9c09-83809b0f70fa] succeeded in 1.4834751250000409s: None
[2025-07-04 10:08:01,252: INFO/ForkPoolWorker-2] Fetching audios to process
[2025-07-04 10:08:01,944: INFO/ForkPoolWorker-3] Task apps.gallery.tasks.populate_unsplash_images[1c408387-b6dd-489a-b685-bc63e6262379] succeeded in 93.01637989899973s: None
[2025-07-04 10:08:02,085: INFO/MainProcess] Task apps.gallery.tasks.process_audio[034cd30c-8689-414d-a48b-421177966000] received
[2025-07-04 10:08:02,406: INFO/ForkPoolWorker-2] No audio files to process
[2025-07-04 10:08:02,431: INFO/ForkPoolWorker-3] Fetching unsplash images to process
[2025-07-04 10:08:02,431: INFO/ForkPoolWorker-3] Starting Unsplash to gcs uploader job at 2025-07-04T10:08:02.431562
[2025-07-04 10:08:02,431: INFO/ForkPoolWorker-3] Using 6 search queries: nature, people, food, travel, architecture, animals
[2025-07-04 10:08:02,748: INFO/ForkPoolWorker-2] Task apps.gallery.tasks.process_audio[a6f24cbe-2e1a-4f4b-bf81-31316bca1d6c] succeeded in 1.4965783580000789s: None
[2025-07-04 10:08:03,105: INFO/MainProcess] Task apps.gallery.tasks.process_audio[a845f18b-3316-40c4-bdd6-eb7a60d4ea8e] received
[2025-07-04 10:08:03,105: INFO/ForkPoolWorker-2] Fetching audios to process
[2025-07-04 10:08:04,095: INFO/MainProcess] Task apps.gallery.tasks.populate_unsplash_images[ac3f9851-21dd-4a91-8243-1aaad4445d75] received
[2025-07-04 10:08:04,232: INFO/ForkPoolWorker-2] No audio files to process
[2025-07-04 10:08:04,572: INFO/ForkPoolWorker-2] Task apps.gallery.tasks.process_audio[d1f13598-0622-45cd-b317-7fff23427e4b] succeeded in 1.4670948600005431s: None
[2025-07-04 10:08:04,743: INFO/ForkPoolWorker-2] Fetching unsplash images to process
[2025-07-04 10:08:04,743: INFO/ForkPoolWorker-2] Starting Unsplash to gcs uploader job at 2025-07-04T10:08:04.743866
[2025-07-04 10:08:04,743: INFO/ForkPoolWorker-2] Using 6 search queries: nature, people, food, travel, architecture, animals
[2025-07-04 10:08:05,401: INFO/MainProcess] Task apps.gallery.tasks.populate_unsplash_images[930627c0-df20-4fc1-aeb7-c8d00825ea58] received
[2025-07-04 10:09:34,112: INFO/ForkPoolWorker-4] Task apps.gallery.tasks.populate_unsplash_images[511c49a3-ce69-48f4-bb32-f56777afdf36] succeeded in 94.40533890200004s: None
[2025-07-04 10:09:34,113: INFO/ForkPoolWorker-4] Fetching unsplash images to process
[2025-07-04 10:09:34,113: INFO/ForkPoolWorker-4] Starting Unsplash to gcs uploader job at 2025-07-04T10:09:34.113947
[2025-07-04 10:09:34,114: INFO/ForkPoolWorker-4] Using 6 search queries: nature, people, food, travel, architecture, animals
[2025-07-04 10:09:35,141: INFO/MainProcess] Task apps.gallery.tasks.process_audio[c1ee3078-f5d6-448d-8a12-bbace2358a5a] received
[2025-07-04 10:09:37,116: INFO/ForkPoolWorker-3] Task apps.gallery.tasks.populate_unsplash_images[66a0c3cb-7170-4413-92b5-6937e82d02d8] succeeded in 94.68789678100075s: None
[2025-07-04 10:09:37,287: INFO/ForkPoolWorker-3] Fetching unsplash images to process
[2025-07-04 10:09:37,288: INFO/ForkPoolWorker-3] Starting Unsplash to gcs uploader job at 2025-07-04T10:09:37.288002
[2025-07-04 10:09:37,288: INFO/ForkPoolWorker-3] Using 6 search queries: nature, people, food, travel, architecture, animals
[2025-07-04 10:09:38,120: INFO/MainProcess] Task apps.gallery.tasks.process_audio[36b459a9-a762-4bae-a2ea-06a0b4c45f85] received
[2025-07-04 10:09:38,990: INFO/ForkPoolWorker-2] Task apps.gallery.tasks.populate_unsplash_images[b50b6ad1-09b7-4293-8788-c61e60acb8aa] succeeded in 94.24947108299966s: None
[2025-07-04 10:09:39,166: INFO/ForkPoolWorker-2] Fetching audios to process
[2025-07-04 10:09:39,817: INFO/MainProcess] Task apps.gallery.tasks.populate_unsplash_images[37c607aa-3672-4fb4-8271-c57c05fc9a19] received
[2025-07-04 10:09:40,321: INFO/ForkPoolWorker-2] No audio files to process
[2025-07-04 10:09:40,665: INFO/ForkPoolWorker-2] Task apps.gallery.tasks.process_audio[f2a1ca31-4d52-4845-a4f8-6da593104570] succeeded in 1.4981760339996981s: None
[2025-07-04 10:09:40,837: INFO/ForkPoolWorker-2] Fetching unsplash images to process
[2025-07-04 10:09:40,837: INFO/ForkPoolWorker-2] Starting Unsplash to gcs uploader job at 2025-07-04T10:09:40.837885
[2025-07-04 10:09:40,837: INFO/ForkPoolWorker-2] Using 6 search queries: nature, people, food, travel, architecture, animals
[2025-07-04 10:09:41,488: INFO/MainProcess] Task apps.gallery.tasks.populate_unsplash_images[f2c3901c-263f-46b8-898b-8c8f5d575cc3] received
[2025-07-04 10:11:06,321: INFO/ForkPoolWorker-4] Task apps.gallery.tasks.populate_unsplash_images[ef723a32-a917-4ba7-bd44-2b519f932db2] succeeded in 92.21169112999996s: None
[2025-07-04 10:11:06,322: INFO/ForkPoolWorker-4] Fetching audios to process
[2025-07-04 10:11:07,476: INFO/MainProcess] Task apps.gallery.tasks.process_audio[391f5c29-f2b1-44be-9837-b1d16c40d80a] received
[2025-07-04 10:11:07,507: INFO/ForkPoolWorker-4] No audio files to process
[2025-07-04 10:11:07,860: INFO/ForkPoolWorker-4] Task apps.gallery.tasks.process_audio[0451fa40-9a71-4f69-8b8a-2d4c8b201978] succeeded in 1.538409770000726s: None
[2025-07-04 10:11:07,861: INFO/ForkPoolWorker-4] Fetching audios to process
[2025-07-04 10:11:08,684: INFO/MainProcess] Task apps.gallery.tasks.process_audio[94303567-d6cf-4e8c-b2ad-60913a42159c] received
[2025-07-04 10:11:09,071: INFO/ForkPoolWorker-4] No audio files to process
[2025-07-04 10:11:09,321: INFO/ForkPoolWorker-3] Task apps.gallery.tasks.populate_unsplash_images[9b22b1e4-1d42-43cf-848c-1688447f7612] succeeded in 92.03727229499873s: None
[2025-07-04 10:11:09,420: INFO/ForkPoolWorker-4] Task apps.gallery.tasks.process_audio[42c6d109-4c78-477f-a396-903895ed12b7] succeeded in 1.5591943830004311s: None
[2025-07-04 10:11:09,421: INFO/ForkPoolWorker-4] Fetching unsplash images to process
[2025-07-04 10:11:09,421: INFO/ForkPoolWorker-4] Starting Unsplash to gcs uploader job at 2025-07-04T10:11:09.421649
[2025-07-04 10:11:09,421: INFO/ForkPoolWorker-4] Using 6 search queries: nature, people, food, travel, architecture, animals
[2025-07-04 10:11:09,661: INFO/ForkPoolWorker-3] Fetching audios to process
[2025-07-04 10:11:10,490: INFO/MainProcess] Task apps.gallery.tasks.populate_unsplash_images[c89f6ad3-8040-4026-a97c-8eb3ccc8e19f] received
[2025-07-04 10:11:10,831: INFO/ForkPoolWorker-3] No audio files to process
[2025-07-04 10:11:10,984: INFO/MainProcess] Task apps.gallery.tasks.populate_unsplash_images[7fda6007-593b-436f-8401-6f440747ad1b] received
[2025-07-04 10:11:11,181: INFO/ForkPoolWorker-3] Task apps.gallery.tasks.process_audio[24ebc290-222a-4c53-9b61-9f7764670d39] succeeded in 1.5206964930002869s: None
[2025-07-04 10:11:11,356: INFO/ForkPoolWorker-3] Fetching audios to process
[2025-07-04 10:11:12,181: INFO/MainProcess] Task apps.gallery.tasks.process_audio[52eed65d-dd17-4ea0-a5e5-db26af8e148a] received
[2025-07-04 10:11:12,508: INFO/ForkPoolWorker-3] No audio files to process
[2025-07-04 10:11:12,856: INFO/ForkPoolWorker-3] Task apps.gallery.tasks.process_audio[d27e8405-08b8-4f64-9ce0-5cfcf5286b0e] succeeded in 1.499928016000922s: None
[2025-07-04 10:11:13,029: INFO/ForkPoolWorker-3] Fetching unsplash images to process
[2025-07-04 10:11:13,029: INFO/ForkPoolWorker-3] Starting Unsplash to gcs uploader job at 2025-07-04T10:11:13.029863
[2025-07-04 10:11:13,029: INFO/ForkPoolWorker-3] Using 6 search queries: nature, people, food, travel, architecture, animals
[2025-07-04 10:11:13,691: INFO/MainProcess] Task apps.gallery.tasks.process_audio[b729502a-8766-4109-9a46-a2accadacc10] received
[2025-07-04 10:11:15,729: INFO/ForkPoolWorker-2] Task apps.gallery.tasks.populate_unsplash_images[c1f2302f-98b7-42ce-be77-b7f54f79eba5] succeeded in 94.89544281599956s: None
[2025-07-04 10:11:15,905: INFO/ForkPoolWorker-2] Fetching unsplash images to process
[2025-07-04 10:11:15,905: INFO/ForkPoolWorker-2] Starting Unsplash to gcs uploader job at 2025-07-04T10:11:15.905687
[2025-07-04 10:11:15,905: INFO/ForkPoolWorker-2] Using 6 search queries: nature, people, food, travel, architecture, animals
[2025-07-04 10:11:16,735: INFO/MainProcess] Task apps.gallery.tasks.populate_unsplash_images[ef3fe1e6-d788-475f-8807-49c35c686b71] received
[2025-07-04 10:12:40,800: INFO/ForkPoolWorker-4] Task apps.gallery.tasks.populate_unsplash_images[65694c05-217d-44f1-baec-a37bd49e8fb1] succeeded in 91.38206643500052s: None
[2025-07-04 10:12:40,801: INFO/ForkPoolWorker-4] Fetching audios to process
[2025-07-04 10:12:41,987: INFO/ForkPoolWorker-4] No audio files to process
[2025-07-04 10:12:42,115: INFO/MainProcess] Task apps.gallery.tasks.populate_unsplash_images[d9df302d-e870-4f52-9316-05b09dff982e] received
[2025-07-04 10:12:42,336: INFO/ForkPoolWorker-4] Task apps.gallery.tasks.process_audio[31e50575-ed46-4cbc-9ed5-bc52a6dfac7e] succeeded in 1.5350639110001794s: None
[2025-07-04 10:12:42,337: INFO/ForkPoolWorker-4] Fetching audios to process
[2025-07-04 10:12:43,166: ERROR/MainProcess] Received unregistered task of type 'apps.gallery.tasks.generate_metadata'.
The message has been ignored and discarded.

Did you remember to import the module containing this task?
Or maybe you're using relative imports?

Please see
https://docs.celeryq.dev/en/latest/internals/protocol.html
for more information.

The full contents of the message body was:
b'[[], {}, {"callbacks": null, "errbacks": null, "chain": null, "chord": null}]' (77b)

The full contents of the message headers:
{'lang': 'py', 'task': 'apps.gallery.tasks.generate_metadata', 'id': 'ef8dced2-ecb9-4a37-950f-1b6c7b72c8bf', 'shadow': None, 'eta': None, 'expires': None, 'group': None, 'group_index': None, 'retries': 0, 'timelimit': [None, None], 'root_id': 'ef8dced2-ecb9-4a37-950f-1b6c7b72c8bf', 'parent_id': None, 'argsrepr': '()', 'kwargsrepr': '{}', 'origin': 'gen7@63f692d7cb61', 'ignore_result': False, 'stamped_headers': None, 'stamps': {}}

The delivery info for this task is:
{'exchange': '', 'routing_key': 'celery'}
Traceback (most recent call last):
  File "/usr/local/lib/python3.12/site-packages/celery/worker/consumer/consumer.py", line 642, in on_task_received
    strategy = strategies[type_]
               ~~~~~~~~~~^^^^^^^
KeyError: 'apps.gallery.tasks.generate_metadata'
[2025-07-04 10:12:43,506: INFO/ForkPoolWorker-3] Task apps.gallery.tasks.populate_unsplash_images[a74bfc5e-87fe-491a-9677-e176f20d4f93] succeeded in 90.47963394399994s: None
[2025-07-04 10:12:43,623: INFO/ForkPoolWorker-4] No audio files to process
[2025-07-04 10:12:43,974: INFO/ForkPoolWorker-4] Task apps.gallery.tasks.process_audio[034cd30c-8689-414d-a48b-421177966000] succeeded in 1.6369491850000486s: None
[2025-07-04 10:12:43,975: INFO/ForkPoolWorker-4] Fetching audios to process
[2025-07-04 10:12:44,333: INFO/MainProcess] Task apps.gallery.tasks.process_audio[9744acb7-edd3-4493-9da4-76eaaa077198] received
[2025-07-04 10:12:44,333: INFO/ForkPoolWorker-3] Fetching unsplash images to process
[2025-07-04 10:12:44,333: INFO/ForkPoolWorker-3] Starting Unsplash to gcs uploader job at 2025-07-04T10:12:44.333972
[2025-07-04 10:12:44,334: INFO/ForkPoolWorker-3] Using 6 search queries: nature, people, food, travel, architecture, animals
[2025-07-04 10:12:45,169: INFO/MainProcess] Task apps.gallery.tasks.process_audio[02f3f67b-f003-4dd6-8edb-e6434199b13c] received
[2025-07-04 10:12:45,264: INFO/ForkPoolWorker-4] No audio files to process
[2025-07-04 10:12:45,618: INFO/ForkPoolWorker-4] Task apps.gallery.tasks.process_audio[a845f18b-3316-40c4-bdd6-eb7a60d4ea8e] succeeded in 1.6435713509999914s: None
[2025-07-04 10:12:45,619: INFO/ForkPoolWorker-4] Fetching unsplash images to process
[2025-07-04 10:12:45,619: INFO/ForkPoolWorker-4] Starting Unsplash to gcs uploader job at 2025-07-04T10:12:45.619737
[2025-07-04 10:12:45,619: INFO/ForkPoolWorker-4] Using 6 search queries: nature, people, food, travel, architecture, animals
[2025-07-04 10:12:45,666: INFO/MainProcess] Task apps.gallery.tasks.populate_unsplash_images[e6ff4953-654a-4764-8cee-ec964cffa3ca] received
[2025-07-04 10:12:47,327: INFO/MainProcess] Task apps.gallery.tasks.populate_unsplash_images[e7e10fdf-c077-440f-ac0c-fa82fd2d458d] received
[2025-07-04 10:12:52,411: INFO/ForkPoolWorker-2] Task apps.gallery.tasks.populate_unsplash_images[6d7bb2dc-fce0-4e75-8da6-a03d5da5a470] succeeded in 96.50868730100046s: None
[2025-07-04 10:12:52,758: INFO/ForkPoolWorker-2] Fetching audios to process
[2025-07-04 10:12:53,411: INFO/MainProcess] Task apps.gallery.tasks.process_audio[28e615c5-bcdd-448d-a5a5-badf7e2da3b3] received
[2025-07-04 10:12:53,938: INFO/ForkPoolWorker-2] No audio files to process
[2025-07-04 10:12:54,281: INFO/ForkPoolWorker-2] Task apps.gallery.tasks.process_audio[36b459a9-a762-4bae-a2ea-06a0b4c45f85] succeeded in 1.5224875869989773s: None
[2025-07-04 10:12:54,453: INFO/ForkPoolWorker-2] Fetching unsplash images to process
[2025-07-04 10:12:54,453: INFO/ForkPoolWorker-2] Starting Unsplash to gcs uploader job at 2025-07-04T10:12:54.453457
[2025-07-04 10:12:54,453: INFO/ForkPoolWorker-2] Using 6 search queries: nature, people, food, travel, architecture, animals
[2025-07-04 10:12:55,283: INFO/MainProcess] Task apps.gallery.tasks.process_audio[6f6f06f6-f5ee-4db3-afae-bf9448ef7e94] received
[2025-07-04 10:14:31,635: INFO/ForkPoolWorker-3] Task apps.gallery.tasks.populate_unsplash_images[930627c0-df20-4fc1-aeb7-c8d00825ea58] succeeded in 107.30643239900019s: None
[2025-07-04 10:14:31,807: INFO/ForkPoolWorker-3] Fetching unsplash images to process
[2025-07-04 10:14:31,808: INFO/ForkPoolWorker-3] Starting Unsplash to gcs uploader job at 2025-07-04T10:14:31.807980
[2025-07-04 10:14:31,808: INFO/ForkPoolWorker-3] Using 6 search queries: nature, people, food, travel, architecture, animals
[2025-07-04 10:14:32,618: INFO/MainProcess] Task apps.gallery.tasks.process_audio[527274f9-b7e8-4e9c-8534-59760c0093cc] received
[2025-07-04 10:14:33,566: INFO/ForkPoolWorker-4] Task apps.gallery.tasks.populate_unsplash_images[ac3f9851-21dd-4a91-8243-1aaad4445d75] succeeded in 107.95124812600079s: None
[2025-07-04 10:14:33,567: INFO/ForkPoolWorker-4] Fetching audios to process
[2025-07-04 10:14:34,419: INFO/MainProcess] Task apps.gallery.tasks.process_audio[7a045a54-5c32-45ba-b754-0106a7be8c73] received
[2025-07-04 10:14:34,769: INFO/ForkPoolWorker-4] No audio files to process
[2025-07-04 10:14:35,122: INFO/ForkPoolWorker-4] Task apps.gallery.tasks.process_audio[c1ee3078-f5d6-448d-8a12-bbace2358a5a] succeeded in 1.555929610000021s: None
[2025-07-04 10:14:35,123: INFO/ForkPoolWorker-4] Fetching audios to process
[2025-07-04 10:14:36,139: INFO/MainProcess] Task apps.gallery.tasks.populate_unsplash_images[98fb968b-467a-4d4a-9634-37807bd03e62] received
[2025-07-04 10:14:36,263: INFO/ForkPoolWorker-4] No audio files to process
[2025-07-04 10:14:36,611: INFO/ForkPoolWorker-4] Task apps.gallery.tasks.process_audio[391f5c29-f2b1-44be-9837-b1d16c40d80a] succeeded in 1.4874589880000713s: None
[2025-07-04 10:14:36,612: INFO/ForkPoolWorker-4] Fetching audios to process
[2025-07-04 10:14:37,450: INFO/MainProcess] Task apps.gallery.tasks.populate_unsplash_images[9f67879f-17b3-43a2-b0bc-760a3e50c841] received
[2025-07-04 10:14:37,872: INFO/ForkPoolWorker-4] No audio files to process
[2025-07-04 10:14:38,223: INFO/ForkPoolWorker-4] Task apps.gallery.tasks.process_audio[94303567-d6cf-4e8c-b2ad-60913a42159c] succeeded in 1.6114038890009397s: None
[2025-07-04 10:14:38,224: INFO/ForkPoolWorker-4] Fetching unsplash images to process
[2025-07-04 10:14:38,224: INFO/ForkPoolWorker-4] Starting Unsplash to gcs uploader job at 2025-07-04T10:14:38.224227
[2025-07-04 10:14:38,224: INFO/ForkPoolWorker-4] Using 6 search queries: nature, people, food, travel, architecture, animals
[2025-07-04 10:14:39,044: INFO/MainProcess] Task apps.gallery.tasks.process_audio[ec7f34e6-b7fd-4142-ba83-1f633467e935] received
[2025-07-04 10:14:43,751: INFO/ForkPoolWorker-2] Task apps.gallery.tasks.populate_unsplash_images[37c607aa-3672-4fb4-8271-c57c05fc9a19] succeeded in 109.30302515400035s: None
[2025-07-04 10:14:43,925: INFO/ForkPoolWorker-2] Fetching audios to process
[2025-07-04 10:14:44,663: INFO/MainProcess] Task apps.gallery.tasks.process_audio[65cf42b8-31af-4c6c-aeb8-ebca9bd5394e] received
[2025-07-04 10:14:45,097: INFO/ForkPoolWorker-2] No audio files to process
[2025-07-04 10:14:45,437: INFO/ForkPoolWorker-2] Task apps.gallery.tasks.process_audio[52eed65d-dd17-4ea0-a5e5-db26af8e148a] succeeded in 1.5120021010006894s: None
[2025-07-04 10:14:45,612: INFO/ForkPoolWorker-2] Fetching audios to process
[2025-07-04 10:14:46,273: INFO/MainProcess] Task apps.gallery.tasks.populate_unsplash_images[132cf93d-3708-4b0f-b09f-b666bef52055] received
[2025-07-04 10:14:46,828: INFO/ForkPoolWorker-2] No audio files to process
[2025-07-04 10:14:47,171: INFO/ForkPoolWorker-2] Task apps.gallery.tasks.process_audio[b729502a-8766-4109-9a46-a2accadacc10] succeeded in 1.5594232909988932s: None
[2025-07-04 10:14:47,345: INFO/ForkPoolWorker-2] Fetching unsplash images to process
[2025-07-04 10:14:47,346: INFO/ForkPoolWorker-2] Starting Unsplash to gcs uploader job at 2025-07-04T10:14:47.346010
[2025-07-04 10:14:47,346: INFO/ForkPoolWorker-2] Using 6 search queries: nature, people, food, travel, architecture, animals
[2025-07-04 10:14:48,001: ERROR/MainProcess] Received unregistered task of type 'apps.gallery.tasks.generate_metadata'.
The message has been ignored and discarded.

Did you remember to import the module containing this task?
Or maybe you're using relative imports?

Please see
https://docs.celeryq.dev/en/latest/internals/protocol.html
for more information.

The full contents of the message body was:
b'[[], {}, {"callbacks": null, "errbacks": null, "chain": null, "chord": null}]' (77b)

The full contents of the message headers:
{'lang': 'py', 'task': 'apps.gallery.tasks.generate_metadata', 'id': '9681767e-c23b-4030-a0c5-37687092ba72', 'shadow': None, 'eta': None, 'expires': None, 'group': None, 'group_index': None, 'retries': 0, 'timelimit': [None, None], 'root_id': '9681767e-c23b-4030-a0c5-37687092ba72', 'parent_id': None, 'argsrepr': '()', 'kwargsrepr': '{}', 'origin': 'gen7@736bcabd2b74', 'ignore_result': False, 'stamped_headers': None, 'stamps': {}}

The delivery info for this task is:
{'exchange': '', 'routing_key': 'celery'}
Traceback (most recent call last):
  File "/usr/local/lib/python3.12/site-packages/celery/worker/consumer/consumer.py", line 642, in on_task_received
    strategy = strategies[type_]
               ~~~~~~~~~~^^^^^^^
KeyError: 'apps.gallery.tasks.generate_metadata'
[2025-07-04 10:14:49,011: INFO/MainProcess] Task apps.gallery.tasks.populate_unsplash_images[68a275c3-1dbc-4891-914d-4718a80c0de8] received
[2025-07-04 10:16:05,297: INFO/ForkPoolWorker-3] Task apps.gallery.tasks.populate_unsplash_images[f2c3901c-263f-46b8-898b-8c8f5d575cc3] succeeded in 93.49369247200048s: None
[2025-07-04 10:16:05,473: INFO/ForkPoolWorker-3] Fetching unsplash images to process
[2025-07-04 10:16:05,473: INFO/ForkPoolWorker-3] Starting Unsplash to gcs uploader job at 2025-07-04T10:16:05.473655
[2025-07-04 10:16:05,473: INFO/ForkPoolWorker-3] Using 6 search queries: nature, people, food, travel, architecture, animals
[2025-07-04 10:16:06,450: INFO/MainProcess] Task apps.gallery.tasks.process_audio[cd5f9a39-20b2-4609-9c9d-5845e85350dc] received
[2025-07-04 10:16:11,259: INFO/ForkPoolWorker-4] Task apps.gallery.tasks.populate_unsplash_images[c89f6ad3-8040-4026-a97c-8eb3ccc8e19f] succeeded in 93.03857543000049s: None
[2025-07-04 10:16:11,259: INFO/ForkPoolWorker-4] Fetching unsplash images to process
[2025-07-04 10:16:11,259: INFO/ForkPoolWorker-4] Starting Unsplash to gcs uploader job at 2025-07-04T10:16:11.259976
[2025-07-04 10:16:11,260: INFO/ForkPoolWorker-4] Using 6 search queries: nature, people, food, travel, architecture, animals
[2025-07-04 10:16:12,258: INFO/MainProcess] Task apps.gallery.tasks.process_audio[8145296f-0a73-4eba-871e-f3451969ad6f] received
[2025-07-04 10:16:17,511: INFO/ForkPoolWorker-2] Task apps.gallery.tasks.populate_unsplash_images[ef3fe1e6-d788-475f-8807-49c35c686b71] succeeded in 90.16939309400004s: None
[2025-07-04 10:16:17,684: INFO/ForkPoolWorker-2] Fetching audios to process
[2025-07-04 10:16:18,334: INFO/MainProcess] Task apps.gallery.tasks.populate_unsplash_images[0ae26523-dbe6-4337-86ae-cae1e4677794] received
[2025-07-04 10:16:18,926: INFO/ForkPoolWorker-2] No audio files to process
[2025-07-04 10:16:19,270: INFO/ForkPoolWorker-2] Task apps.gallery.tasks.process_audio[02f3f67b-f003-4dd6-8edb-e6434199b13c] succeeded in 1.585201543999574s: None
[2025-07-04 10:16:19,445: INFO/ForkPoolWorker-2] Fetching unsplash images to process
[2025-07-04 10:16:19,446: INFO/ForkPoolWorker-2] Starting Unsplash to gcs uploader job at 2025-07-04T10:16:19.446006
[2025-07-04 10:16:19,446: INFO/ForkPoolWorker-2] Using 6 search queries: nature, people, food, travel, architecture, animals
[2025-07-04 10:16:20,099: INFO/MainProcess] Task apps.gallery.tasks.populate_unsplash_images[6cfe4ed6-5378-4247-ba01-750764bc9350] received
[2025-07-04 10:17:37,543: INFO/ForkPoolWorker-3] Task apps.gallery.tasks.populate_unsplash_images[d9df302d-e870-4f52-9316-05b09dff982e] succeeded in 92.0737570149995s: None
[2025-07-04 10:17:37,717: INFO/ForkPoolWorker-3] Fetching unsplash images to process
[2025-07-04 10:17:37,717: INFO/ForkPoolWorker-3] Starting Unsplash to gcs uploader job at 2025-07-04T10:17:37.717279
[2025-07-04 10:17:37,717: INFO/ForkPoolWorker-3] Using 6 search queries: nature, people, food, travel, architecture, animals
[2025-07-04 10:17:38,693: ERROR/MainProcess] Received unregistered task of type 'apps.gallery.tasks.generate_metadata'.
The message has been ignored and discarded.

Did you remember to import the module containing this task?
Or maybe you're using relative imports?

Please see
https://docs.celeryq.dev/en/latest/internals/protocol.html
for more information.

The full contents of the message body was:
b'[[], {}, {"callbacks": null, "errbacks": null, "chain": null, "chord": null}]' (77b)

The full contents of the message headers:
{'lang': 'py', 'task': 'apps.gallery.tasks.generate_metadata', 'id': 'a81b9467-59f9-42ff-ad13-e614244b6169', 'shadow': None, 'eta': None, 'expires': None, 'group': None, 'group_index': None, 'retries': 0, 'timelimit': [None, None], 'root_id': 'a81b9467-59f9-42ff-ad13-e614244b6169', 'parent_id': None, 'argsrepr': '()', 'kwargsrepr': '{}', 'origin': 'gen7@63f692d7cb61', 'ignore_result': False, 'stamped_headers': None, 'stamps': {}}

The delivery info for this task is:
{'exchange': '', 'routing_key': 'celery'}
Traceback (most recent call last):
  File "/usr/local/lib/python3.12/site-packages/celery/worker/consumer/consumer.py", line 642, in on_task_received
    strategy = strategies[type_]
               ~~~~~~~~~~^^^^^^^
KeyError: 'apps.gallery.tasks.generate_metadata'
[2025-07-04 10:17:39,842: INFO/MainProcess] Task apps.gallery.tasks.process_audio[7a58623b-7b1e-4920-9856-9a98242fbaa3] received
[2025-07-04 10:17:44,332: INFO/ForkPoolWorker-4] Task apps.gallery.tasks.populate_unsplash_images[7fda6007-593b-436f-8401-6f440747ad1b] succeeded in 93.07578251199993s: None
[2025-07-04 10:17:44,332: INFO/ForkPoolWorker-4] Fetching audios to process
[2025-07-04 10:17:45,172: INFO/MainProcess] Task apps.gallery.tasks.process_audio[37cfa8d4-aea8-45ec-97aa-75cf59c8bd37] received
[2025-07-04 10:17:45,536: INFO/ForkPoolWorker-4] No audio files to process
[2025-07-04 10:17:45,888: INFO/ForkPoolWorker-4] Task apps.gallery.tasks.process_audio[9744acb7-edd3-4493-9da4-76eaaa077198] succeeded in 1.5555268870011787s: None
[2025-07-04 10:17:45,889: INFO/ForkPoolWorker-4] Fetching audios to process
[2025-07-04 10:17:46,863: INFO/MainProcess] Task apps.gallery.tasks.populate_unsplash_images[90bcf06a-a55c-41d7-a552-0adbf1727dcf] received
[2025-07-04 10:17:47,085: INFO/ForkPoolWorker-4] No audio files to process
[2025-07-04 10:17:47,436: INFO/ForkPoolWorker-4] Task apps.gallery.tasks.process_audio[28e615c5-bcdd-448d-a5a5-badf7e2da3b3] succeeded in 1.5469279089993506s: None
[2025-07-04 10:17:47,436: INFO/ForkPoolWorker-4] Fetching audios to process
[2025-07-04 10:17:48,374: INFO/MainProcess] Task apps.gallery.tasks.populate_unsplash_images[cb1734a1-1fe7-473b-83d5-e71f78376ffb] received
[2025-07-04 10:17:48,567: INFO/ForkPoolWorker-4] No audio files to process
[2025-07-04 10:17:48,925: INFO/ForkPoolWorker-4] Task apps.gallery.tasks.process_audio[6f6f06f6-f5ee-4db3-afae-bf9448ef7e94] succeeded in 1.489066965999882s: None
[2025-07-04 10:17:48,926: INFO/ForkPoolWorker-4] Fetching audios to process
[2025-07-04 10:17:50,114: INFO/ForkPoolWorker-4] No audio files to process
[2025-07-04 10:17:50,203: INFO/MainProcess] Task apps.gallery.tasks.process_audio[e4945f8c-83ee-441d-814a-37cf057ba2df] received
[2025-07-04 10:17:50,468: INFO/ForkPoolWorker-4] Task apps.gallery.tasks.process_audio[527274f9-b7e8-4e9c-8534-59760c0093cc] succeeded in 1.5416202870001143s: None
[2025-07-04 10:17:50,469: INFO/ForkPoolWorker-4] Fetching audios to process
[2025-07-04 10:17:51,380: INFO/MainProcess] Task apps.gallery.tasks.process_audio[ab59ceba-9ffe-495a-ab96-ec333c90ec16] received
[2025-07-04 10:17:51,672: INFO/ForkPoolWorker-4] No audio files to process
[2025-07-04 10:17:52,023: INFO/ForkPoolWorker-4] Task apps.gallery.tasks.process_audio[7a045a54-5c32-45ba-b754-0106a7be8c73] succeeded in 1.5548926890005532s: None
[2025-07-04 10:17:52,024: INFO/ForkPoolWorker-4] Fetching unsplash images to process
[2025-07-04 10:17:52,024: INFO/ForkPoolWorker-4] Starting Unsplash to gcs uploader job at 2025-07-04T10:17:52.024829
[2025-07-04 10:17:52,024: INFO/ForkPoolWorker-4] Using 6 search queries: nature, people, food, travel, architecture, animals
[2025-07-04 10:17:52,881: INFO/MainProcess] Task apps.gallery.tasks.populate_unsplash_images[177b4bab-6e71-4283-ae97-6a95538d6d77] received
[2025-07-04 10:17:56,547: INFO/ForkPoolWorker-2] Task apps.gallery.tasks.populate_unsplash_images[e6ff4953-654a-4764-8cee-ec964cffa3ca] succeeded in 97.10497441400003s: None
[2025-07-04 10:17:56,721: INFO/ForkPoolWorker-2] Fetching audios to process
[2025-07-04 10:17:57,544: INFO/MainProcess] Task apps.gallery.tasks.populate_unsplash_images[2012afe3-4be4-4132-97a1-71d97409fbde] received
[2025-07-04 10:17:57,868: INFO/ForkPoolWorker-2] No audio files to process
[2025-07-04 10:17:58,211: INFO/ForkPoolWorker-2] Task apps.gallery.tasks.process_audio[ec7f34e6-b7fd-4142-ba83-1f633467e935] succeeded in 1.4895987139989302s: None
[2025-07-04 10:17:58,387: INFO/ForkPoolWorker-2] Fetching audios to process
[2025-07-04 10:17:59,046: INFO/MainProcess] Task apps.gallery.tasks.process_audio[c35d0c68-096e-471d-9c39-0e07663ad6ef] received
[2025-07-04 10:17:59,607: INFO/ForkPoolWorker-2] No audio files to process
[2025-07-04 10:17:59,946: INFO/ForkPoolWorker-2] Task apps.gallery.tasks.process_audio[65cf42b8-31af-4c6c-aeb8-ebca9bd5394e] succeeded in 1.5594389399993815s: None
[2025-07-04 10:18:00,119: INFO/ForkPoolWorker-2] Fetching unsplash images to process
[2025-07-04 10:18:00,119: INFO/ForkPoolWorker-2] Starting Unsplash to gcs uploader job at 2025-07-04T10:18:00.119928
[2025-07-04 10:18:00,120: INFO/ForkPoolWorker-2] Using 6 search queries: nature, people, food, travel, architecture, animals
[2025-07-04 10:18:00,778: INFO/MainProcess] Task apps.gallery.tasks.process_audio[53c98f36-903d-4eb7-87ad-43816327654e] received
[2025-07-04 10:19:14,425: INFO/ForkPoolWorker-3] Task apps.gallery.tasks.populate_unsplash_images[e7e10fdf-c077-440f-ac0c-fa82fd2d458d] succeeded in 96.71221228200011s: None
[2025-07-04 10:19:14,736: INFO/ForkPoolWorker-3] Fetching unsplash images to process
[2025-07-04 10:19:14,736: INFO/ForkPoolWorker-3] Starting Unsplash to gcs uploader job at 2025-07-04T10:19:14.736443
[2025-07-04 10:19:14,736: INFO/ForkPoolWorker-3] Using 6 search queries: nature, people, food, travel, architecture, animals
[2025-07-04 10:19:17,711: INFO/MainProcess] Task apps.gallery.tasks.process_audio[fc87b9dc-9848-4d21-baf1-d168405e63ac] received
[2025-07-04 10:19:30,884: INFO/ForkPoolWorker-4] Task apps.gallery.tasks.populate_unsplash_images[98fb968b-467a-4d4a-9634-37807bd03e62] succeeded in 98.86447663700164s: None
[2025-07-04 10:19:30,885: INFO/ForkPoolWorker-4] Fetching unsplash images to process
[2025-07-04 10:19:30,885: INFO/ForkPoolWorker-4] Starting Unsplash to gcs uploader job at 2025-07-04T10:19:30.885634
[2025-07-04 10:19:30,885: INFO/ForkPoolWorker-4] Using 6 search queries: nature, people, food, travel, architecture, animals
[2025-07-04 10:19:31,709: INFO/MainProcess] Task apps.gallery.tasks.process_audio[f22ca9cd-1824-40cf-9486-9ce73ddc4582] received
[2025-07-04 10:19:43,112: INFO/ForkPoolWorker-2] Task apps.gallery.tasks.populate_unsplash_images[132cf93d-3708-4b0f-b09f-b666bef52055] succeeded in 102.99631673300064s: None
[2025-07-04 10:19:43,458: INFO/ForkPoolWorker-2] Fetching audios to process
[2025-07-04 10:19:44,117: INFO/MainProcess] Task apps.gallery.tasks.populate_unsplash_images[ffb812e5-8837-48ec-a92c-19ff5334390e] received
[2025-07-04 10:19:44,594: INFO/ForkPoolWorker-2] No audio files to process
[2025-07-04 10:19:44,931: INFO/ForkPoolWorker-2] Task apps.gallery.tasks.process_audio[8145296f-0a73-4eba-871e-f3451969ad6f] succeeded in 1.473329971999192s: None
[2025-07-04 10:19:45,108: INFO/ForkPoolWorker-2] Fetching unsplash images to process
[2025-07-04 10:19:45,108: INFO/ForkPoolWorker-2] Starting Unsplash to gcs uploader job at 2025-07-04T10:19:45.108958
[2025-07-04 10:19:45,109: INFO/ForkPoolWorker-2] Using 6 search queries: nature, people, food, travel, architecture, animals
[2025-07-04 10:19:45,791: ERROR/MainProcess] Received unregistered task of type 'apps.gallery.tasks.generate_metadata'.
The message has been ignored and discarded.

Did you remember to import the module containing this task?
Or maybe you're using relative imports?

Please see
https://docs.celeryq.dev/en/latest/internals/protocol.html
for more information.

The full contents of the message body was:
b'[[], {}, {"callbacks": null, "errbacks": null, "chain": null, "chord": null}]' (77b)

The full contents of the message headers:
{'lang': 'py', 'task': 'apps.gallery.tasks.generate_metadata', 'id': '214eab0d-569f-4d2c-9a0b-7eb253fee161', 'shadow': None, 'eta': None, 'expires': None, 'group': None, 'group_index': None, 'retries': 0, 'timelimit': [None, None], 'root_id': '214eab0d-569f-4d2c-9a0b-7eb253fee161', 'parent_id': None, 'argsrepr': '()', 'kwargsrepr': '{}', 'origin': 'gen7@736bcabd2b74', 'ignore_result': False, 'stamped_headers': None, 'stamps': {}}

The delivery info for this task is:
{'exchange': '', 'routing_key': 'celery'}
Traceback (most recent call last):
  File "/usr/local/lib/python3.12/site-packages/celery/worker/consumer/consumer.py", line 642, in on_task_received
    strategy = strategies[type_]
               ~~~~~~~~~~^^^^^^^
KeyError: 'apps.gallery.tasks.generate_metadata'
[2025-07-04 10:19:46,758: INFO/MainProcess] Task apps.gallery.tasks.populate_unsplash_images[4db83727-098f-4892-bce1-4ff0a75a0336] received
[2025-07-04 10:20:49,478: INFO/ForkPoolWorker-3] Task apps.gallery.tasks.populate_unsplash_images[68a275c3-1dbc-4891-914d-4718a80c0de8] succeeded in 94.74564497100073s: None
[2025-07-04 10:20:49,652: INFO/ForkPoolWorker-3] Fetching unsplash images to process
[2025-07-04 10:20:49,652: INFO/ForkPoolWorker-3] Starting Unsplash to gcs uploader job at 2025-07-04T10:20:49.652835
[2025-07-04 10:20:49,652: INFO/ForkPoolWorker-3] Using 6 search queries: nature, people, food, travel, architecture, animals
[2025-07-04 10:20:50,628: INFO/MainProcess] Task apps.gallery.tasks.populate_unsplash_images[bd8b1fad-a3f3-4d6a-acd5-a88764e3a0e2] received
[2025-07-04 10:21:01,255: INFO/ForkPoolWorker-4] Task apps.gallery.tasks.populate_unsplash_images[9f67879f-17b3-43a2-b0bc-760a3e50c841] succeeded in 90.37508531800086s: None
[2025-07-04 10:21:01,256: INFO/ForkPoolWorker-4] Fetching audios to process
[2025-07-04 10:21:02,252: INFO/MainProcess] Task apps.gallery.tasks.process_audio[4e3a4332-a58a-41f2-807b-da3103119dba] received
[2025-07-04 10:21:02,510: INFO/ForkPoolWorker-4] No audio files to process
[2025-07-04 10:21:02,858: INFO/ForkPoolWorker-4] Task apps.gallery.tasks.process_audio[cd5f9a39-20b2-4609-9c9d-5845e85350dc] succeeded in 1.6015860670013353s: None
[2025-07-04 10:21:02,859: INFO/ForkPoolWorker-4] Fetching audios to process
[2025-07-04 10:21:03,681: INFO/MainProcess] Task apps.gallery.tasks.populate_unsplash_images[b3ef686a-4ad0-407a-a0ad-34897091c7f8] received
[2025-07-04 10:21:04,110: INFO/ForkPoolWorker-4] No audio files to process
[2025-07-04 10:21:04,462: INFO/ForkPoolWorker-4] Task apps.gallery.tasks.process_audio[7a58623b-7b1e-4920-9856-9a98242fbaa3] succeeded in 1.6038595520003582s: None
[2025-07-04 10:21:04,463: INFO/ForkPoolWorker-4] Fetching audios to process
[2025-07-04 10:21:05,288: INFO/MainProcess] Task apps.gallery.tasks.populate_unsplash_images[2e1af3b4-9338-4def-8a25-a068ae2011d1] received
[2025-07-04 10:21:05,704: INFO/ForkPoolWorker-4] No audio files to process
[2025-07-04 10:21:06,057: INFO/ForkPoolWorker-4] Task apps.gallery.tasks.process_audio[37cfa8d4-aea8-45ec-97aa-75cf59c8bd37] succeeded in 1.593988361000811s: None
[2025-07-04 10:21:06,058: INFO/ForkPoolWorker-4] Fetching unsplash images to process
[2025-07-04 10:21:06,058: INFO/ForkPoolWorker-4] Starting Unsplash to gcs uploader job at 2025-07-04T10:21:06.058447
[2025-07-04 10:21:06,058: INFO/ForkPoolWorker-4] Using 6 search queries: nature, people, food, travel, architecture, animals
[2025-07-04 10:21:07,054: INFO/MainProcess] Task apps.gallery.tasks.process_audio[2a99dd73-2b20-4cb2-a4e8-1bccde395478] received
[2025-07-04 10:21:23,789: INFO/ForkPoolWorker-2] Task apps.gallery.tasks.populate_unsplash_images[0ae26523-dbe6-4337-86ae-cae1e4677794] succeeded in 98.68590462700013s: None
[2025-07-04 10:21:23,964: INFO/ForkPoolWorker-2] Fetching audios to process
[2025-07-04 10:21:24,632: INFO/MainProcess] Task apps.gallery.tasks.process_audio[e1b752fe-b4b0-44a6-8cd2-8fd7ac358ac4] received
[2025-07-04 10:21:25,142: INFO/ForkPoolWorker-2] No audio files to process
[2025-07-04 10:21:25,490: INFO/ForkPoolWorker-2] Task apps.gallery.tasks.process_audio[e4945f8c-83ee-441d-814a-37cf057ba2df] succeeded in 1.526038955000331s: None
[2025-07-04 10:21:25,664: INFO/ForkPoolWorker-2] Fetching audios to process
[2025-07-04 10:21:26,487: INFO/MainProcess] Task apps.gallery.tasks.populate_unsplash_images[58508e12-7fc2-4dcc-939e-d57ce0b33d71] received
[2025-07-04 10:21:26,912: INFO/ForkPoolWorker-2] No audio files to process
[2025-07-04 10:21:27,256: INFO/ForkPoolWorker-2] Task apps.gallery.tasks.process_audio[ab59ceba-9ffe-495a-ab96-ec333c90ec16] succeeded in 1.5916036779999558s: None
[2025-07-04 10:21:27,430: INFO/ForkPoolWorker-2] Fetching unsplash images to process
[2025-07-04 10:21:27,430: INFO/ForkPoolWorker-2] Starting Unsplash to gcs uploader job at 2025-07-04T10:21:27.430287
[2025-07-04 10:21:27,430: INFO/ForkPoolWorker-2] Using 6 search queries: nature, people, food, travel, architecture, animals
[2025-07-04 10:21:28,121: INFO/MainProcess] Task apps.gallery.tasks.populate_unsplash_images[34e13a9d-f6b1-4f64-93f9-4a95ab5d8b26] received
[2025-07-04 10:22:19,963: INFO/ForkPoolWorker-3] Task apps.gallery.tasks.populate_unsplash_images[6cfe4ed6-5378-4247-ba01-750764bc9350] succeeded in 90.31458497900167s: None
[2025-07-04 10:22:20,147: INFO/ForkPoolWorker-3] Fetching unsplash images to process
[2025-07-04 10:22:20,147: INFO/ForkPoolWorker-3] Starting Unsplash to gcs uploader job at 2025-07-04T10:22:20.147146
[2025-07-04 10:22:20,147: INFO/ForkPoolWorker-3] Using 6 search queries: nature, people, food, travel, architecture, animals
[2025-07-04 10:22:21,145: INFO/MainProcess] Task apps.gallery.tasks.populate_unsplash_images[cb31c85e-657c-47d4-b9d8-cbae242dfb2f] received
[2025-07-04 10:22:42,356: INFO/ForkPoolWorker-4] Task apps.gallery.tasks.populate_unsplash_images[90bcf06a-a55c-41d7-a552-0adbf1727dcf] succeeded in 96.30119569799899s: None
[2025-07-04 10:22:42,357: INFO/ForkPoolWorker-4] Fetching unsplash images to process
[2025-07-04 10:22:42,357: INFO/ForkPoolWorker-4] Starting Unsplash to gcs uploader job at 2025-07-04T10:22:42.357958
[2025-07-04 10:22:42,358: INFO/ForkPoolWorker-4] Using 6 search queries: nature, people, food, travel, architecture, animals
[2025-07-04 10:22:43,382: INFO/MainProcess] Task apps.gallery.tasks.process_audio[d3943f8a-895b-4d1b-9785-0758e7add095] received
[2025-07-04 10:23:06,156: INFO/ForkPoolWorker-2] Task apps.gallery.tasks.populate_unsplash_images[177b4bab-6e71-4283-ae97-6a95538d6d77] succeeded in 98.73060603299928s: None
[2025-07-04 10:23:06,343: INFO/ForkPoolWorker-2] Fetching audios to process
[2025-07-04 10:23:07,000: INFO/MainProcess] Task apps.gallery.tasks.process_audio[cc7c06e3-d1c4-4cc5-99cb-2f81a26a771f] received
[2025-07-04 10:23:07,485: INFO/ForkPoolWorker-2] No audio files to process
[2025-07-04 10:23:07,828: INFO/ForkPoolWorker-2] Task apps.gallery.tasks.process_audio[53c98f36-903d-4eb7-87ad-43816327654e] succeeded in 1.4854202879996592s: None
[2025-07-04 10:23:08,007: INFO/ForkPoolWorker-2] Fetching audios to process
[2025-07-04 10:23:08,664: INFO/MainProcess] Task apps.gallery.tasks.populate_unsplash_images[990561ed-472a-44a9-a8b1-c8b8fab78a47] received
[2025-07-04 10:23:09,231: INFO/ForkPoolWorker-2] No audio files to process
[2025-07-04 10:23:09,580: INFO/ForkPoolWorker-2] Task apps.gallery.tasks.process_audio[fc87b9dc-9848-4d21-baf1-d168405e63ac] succeeded in 1.572908110998469s: None
[2025-07-04 10:23:09,759: INFO/ForkPoolWorker-2] Fetching audios to process
[2025-07-04 10:23:10,425: INFO/MainProcess] Task apps.gallery.tasks.populate_unsplash_images[a2263af8-b3ce-4860-8651-2172fcebc3e4] received
[2025-07-04 10:23:10,926: INFO/ForkPoolWorker-2] No audio files to process
[2025-07-04 10:23:11,267: INFO/ForkPoolWorker-2] Task apps.gallery.tasks.process_audio[f22ca9cd-1824-40cf-9486-9ce73ddc4582] succeeded in 1.507800061001035s: None
[2025-07-04 10:23:11,452: INFO/ForkPoolWorker-2] Fetching unsplash images to process
[2025-07-04 10:23:11,452: INFO/ForkPoolWorker-2] Starting Unsplash to gcs uploader job at 2025-07-04T10:23:11.452592
[2025-07-04 10:23:11,452: INFO/ForkPoolWorker-2] Using 6 search queries: nature, people, food, travel, architecture, animals
[2025-07-04 10:23:12,327: INFO/MainProcess] Task apps.gallery.tasks.process_audio[2e4f0506-83e9-45b9-b2c7-78241d57ccb0] received
[2025-07-04 10:23:50,495: INFO/ForkPoolWorker-3] Task apps.gallery.tasks.populate_unsplash_images[2012afe3-4be4-4132-97a1-71d97409fbde] succeeded in 90.35166836600001s: None
[2025-07-04 10:23:50,673: INFO/ForkPoolWorker-3] Fetching unsplash images to process
[2025-07-04 10:23:50,674: INFO/ForkPoolWorker-3] Starting Unsplash to gcs uploader job at 2025-07-04T10:23:50.674022
[2025-07-04 10:23:50,674: INFO/ForkPoolWorker-3] Using 6 search queries: nature, people, food, travel, architecture, animals
[2025-07-04 10:23:51,835: INFO/MainProcess] Task apps.gallery.tasks.process_audio[4e075301-a600-41d3-baa7-9595d3f2c516] received
[2025-07-04 10:24:15,656: INFO/ForkPoolWorker-4] Task apps.gallery.tasks.populate_unsplash_images[cb1734a1-1fe7-473b-83d5-e71f78376ffb] succeeded in 93.3023986549997s: None
[2025-07-04 10:24:15,657: INFO/ForkPoolWorker-4] Fetching audios to process
[2025-07-04 10:24:16,513: INFO/MainProcess] Task apps.gallery.tasks.process_audio[18f21fd6-5925-4b0f-9941-9562c4686916] received
[2025-07-04 10:24:16,908: INFO/ForkPoolWorker-4] No audio files to process
[2025-07-04 10:24:17,239: INFO/ForkPoolWorker-4] Task apps.gallery.tasks.process_audio[c35d0c68-096e-471d-9c39-0e07663ad6ef] succeeded in 1.5825234219992126s: None
[2025-07-04 10:24:17,240: INFO/ForkPoolWorker-4] Fetching unsplash images to process
[2025-07-04 10:24:17,240: INFO/ForkPoolWorker-4] Starting Unsplash to gcs uploader job at 2025-07-04T10:24:17.240839
[2025-07-04 10:24:17,240: INFO/ForkPoolWorker-4] Using 6 search queries: nature, people, food, travel, architecture, animals
[2025-07-04 10:24:18,257: INFO/MainProcess] Task apps.gallery.tasks.populate_unsplash_images[aa139ccb-3089-464e-ab9c-3f7425c14dc8] received
[2025-07-04 10:24:44,943: INFO/ForkPoolWorker-2] Task apps.gallery.tasks.populate_unsplash_images[ffb812e5-8837-48ec-a92c-19ff5334390e] succeeded in 93.49423693899917s: None
[2025-07-04 10:24:45,163: INFO/ForkPoolWorker-2] Fetching unsplash images to process
[2025-07-04 10:24:45,163: INFO/ForkPoolWorker-2] Starting Unsplash to gcs uploader job at 2025-07-04T10:24:45.163257
[2025-07-04 10:24:45,163: INFO/ForkPoolWorker-2] Using 6 search queries: nature, people, food, travel, architecture, animals
[2025-07-04 10:24:46,095: INFO/MainProcess] Task apps.gallery.tasks.populate_unsplash_images[2307410d-4674-4f09-80e4-2f6791f19b8d] received
[2025-07-04 10:25:27,554: INFO/ForkPoolWorker-3] Task apps.gallery.tasks.populate_unsplash_images[4db83727-098f-4892-bce1-4ff0a75a0336] succeeded in 96.88457072900019s: None
[2025-07-04 10:25:27,735: INFO/ForkPoolWorker-3] Fetching unsplash images to process
[2025-07-04 10:25:27,736: INFO/ForkPoolWorker-3] Starting Unsplash to gcs uploader job at 2025-07-04T10:25:27.736080
[2025-07-04 10:25:27,736: INFO/ForkPoolWorker-3] Using 6 search queries: nature, people, food, travel, architecture, animals
[2025-07-04 10:25:28,899: INFO/MainProcess] Task apps.gallery.tasks.populate_unsplash_images[dfa7d715-492a-4715-9614-2542a62cad7b] received
[2025-07-04 10:25:57,021: INFO/ForkPoolWorker-4] Task apps.gallery.tasks.populate_unsplash_images[bd8b1fad-a3f3-4d6a-acd5-a88764e3a0e2] succeeded in 99.78419498599942s: None
[2025-07-04 10:25:57,022: INFO/ForkPoolWorker-4] Fetching audios to process
[2025-07-04 10:25:58,180: INFO/MainProcess] Task apps.gallery.tasks.process_audio[a8d286e5-4ae5-47dd-8a94-1e5e8130381a] received
[2025-07-04 10:25:58,260: INFO/ForkPoolWorker-4] No audio files to process
[2025-07-04 10:25:58,591: INFO/ForkPoolWorker-4] Task apps.gallery.tasks.process_audio[4e3a4332-a58a-41f2-807b-da3103119dba] succeeded in 1.5690566819994274s: None
[2025-07-04 10:25:58,592: INFO/ForkPoolWorker-4] Fetching audios to process
[2025-07-04 10:25:59,604: INFO/MainProcess] Task apps.gallery.tasks.populate_unsplash_images[c88da976-1caa-437c-8c17-3b4788655e5a] received
[2025-07-04 10:25:59,722: INFO/ForkPoolWorker-4] No audio files to process
[2025-07-04 10:26:00,055: INFO/ForkPoolWorker-4] Task apps.gallery.tasks.process_audio[2a99dd73-2b20-4cb2-a4e8-1bccde395478] succeeded in 1.4648278810000193s: None
[2025-07-04 10:26:00,056: INFO/ForkPoolWorker-4] Fetching audios to process
[2025-07-04 10:26:00,903: INFO/MainProcess] Task apps.gallery.tasks.populate_unsplash_images[4982c874-54e1-43f2-8ee9-77c0976f9c74] received
[2025-07-04 10:26:01,290: INFO/ForkPoolWorker-4] No audio files to process
[2025-07-04 10:26:01,619: INFO/ForkPoolWorker-4] Task apps.gallery.tasks.process_audio[e1b752fe-b4b0-44a6-8cd2-8fd7ac358ac4] succeeded in 1.5631186650007294s: None
[2025-07-04 10:26:01,620: INFO/ForkPoolWorker-4] Fetching unsplash images to process
[2025-07-04 10:26:01,620: INFO/ForkPoolWorker-4] Starting Unsplash to gcs uploader job at 2025-07-04T10:26:01.620310
[2025-07-04 10:26:01,620: INFO/ForkPoolWorker-4] Using 6 search queries: nature, people, food, travel, architecture, animals
[2025-07-04 10:26:02,464: INFO/MainProcess] Task apps.gallery.tasks.process_audio[e00d0305-9ffa-4c93-a7c9-2dab22dac71e] received
[2025-07-04 10:26:19,957: INFO/ForkPoolWorker-2] Task apps.gallery.tasks.populate_unsplash_images[b3ef686a-4ad0-407a-a0ad-34897091c7f8] succeeded in 94.79846275800082s: None
[2025-07-04 10:26:20,140: INFO/ForkPoolWorker-2] Fetching unsplash images to process
[2025-07-04 10:26:20,140: INFO/ForkPoolWorker-2] Starting Unsplash to gcs uploader job at 2025-07-04T10:26:20.140764
[2025-07-04 10:26:20,140: INFO/ForkPoolWorker-2] Using 6 search queries: nature, people, food, travel, architecture, animals
[2025-07-04 10:26:20,815: INFO/MainProcess] Task apps.gallery.tasks.populate_unsplash_images[1c6fe2bc-1a30-422e-8d77-b513e4e36ec6] received
[2025-07-04 10:27:03,161: INFO/ForkPoolWorker-3] Task apps.gallery.tasks.populate_unsplash_images[2e1af3b4-9338-4def-8a25-a068ae2011d1] succeeded in 95.4299515040002s: None
[2025-07-04 10:27:03,342: INFO/ForkPoolWorker-3] Fetching audios to process
[2025-07-04 10:27:04,464: INFO/ForkPoolWorker-3] No audio files to process
[2025-07-04 10:27:04,518: INFO/MainProcess] Task apps.gallery.tasks.process_audio[0c99d952-c14f-44bb-bb83-febd2c49528d] received
[2025-07-04 10:27:04,798: INFO/ForkPoolWorker-3] Task apps.gallery.tasks.process_audio[d3943f8a-895b-4d1b-9785-0758e7add095] succeeded in 1.4562687769994227s: None
[2025-07-04 10:27:04,981: INFO/ForkPoolWorker-3] Fetching audios to process
[2025-07-04 10:27:05,638: INFO/MainProcess] Task apps.gallery.tasks.populate_unsplash_images[9b4e2d8b-f04e-4cc8-b3e0-6805fae535e4] received
[2025-07-04 10:27:06,239: INFO/ForkPoolWorker-3] No audio files to process
[2025-07-04 10:27:06,577: INFO/ForkPoolWorker-3] Task apps.gallery.tasks.process_audio[cc7c06e3-d1c4-4cc5-99cb-2f81a26a771f] succeeded in 1.5965523750001012s: None
[2025-07-04 10:27:06,760: INFO/ForkPoolWorker-3] Fetching unsplash images to process
[2025-07-04 10:27:06,760: INFO/ForkPoolWorker-3] Starting Unsplash to gcs uploader job at 2025-07-04T10:27:06.760590
[2025-07-04 10:27:06,760: INFO/ForkPoolWorker-3] Using 6 search queries: nature, people, food, travel, architecture, animals
[2025-07-04 10:27:07,422: INFO/MainProcess] Task apps.gallery.tasks.populate_unsplash_images[3a0af775-9373-4f77-ac4a-ed8e33eab8fa] received
[2025-07-04 10:27:38,801: INFO/ForkPoolWorker-4] Task apps.gallery.tasks.populate_unsplash_images[58508e12-7fc2-4dcc-939e-d57ce0b33d71] succeeded in 97.18518075900101s: None
[2025-07-04 10:27:38,802: INFO/ForkPoolWorker-4] Fetching unsplash images to process
[2025-07-04 10:27:38,802: INFO/ForkPoolWorker-4] Starting Unsplash to gcs uploader job at 2025-07-04T10:27:38.802880
[2025-07-04 10:27:38,802: INFO/ForkPoolWorker-4] Using 6 search queries: nature, people, food, travel, architecture, animals
[2025-07-04 10:27:40,117: INFO/MainProcess] Task apps.gallery.tasks.populate_unsplash_images[ee7608f2-9331-46a4-92e2-ee4035e7fb1d] received
[2025-07-04 10:27:57,118: INFO/ForkPoolWorker-2] Task apps.gallery.tasks.populate_unsplash_images[cb31c85e-657c-47d4-b9d8-cbae242dfb2f] succeeded in 96.98125869999967s: None
[2025-07-04 10:27:57,300: INFO/ForkPoolWorker-2] Fetching audios to process
[2025-07-04 10:27:57,965: INFO/MainProcess] Task apps.gallery.tasks.process_audio[67290343-1af9-4026-918a-049611793e7e] received
[2025-07-04 10:27:58,477: INFO/ForkPoolWorker-2] No audio files to process
[2025-07-04 10:27:58,884: INFO/ForkPoolWorker-2] Task apps.gallery.tasks.process_audio[2e4f0506-83e9-45b9-b2c7-78241d57ccb0] succeeded in 1.5843560570010595s: None
[2025-07-04 10:27:59,109: INFO/ForkPoolWorker-2] Fetching audios to process
[2025-07-04 10:27:59,764: INFO/MainProcess] Task apps.gallery.tasks.process_audio[0dfb1c25-e106-43ee-8f18-1160cf3cb864] received
[2025-07-04 10:28:00,417: INFO/ForkPoolWorker-2] No audio files to process
[2025-07-04 10:28:00,758: INFO/ForkPoolWorker-2] Task apps.gallery.tasks.process_audio[4e075301-a600-41d3-baa7-9595d3f2c516] succeeded in 1.6508802080006717s: None
[2025-07-04 10:28:01,120: INFO/ForkPoolWorker-2] Fetching audios to process
[2025-07-04 10:28:01,782: INFO/MainProcess] Task apps.gallery.tasks.populate_unsplash_images[6232abf5-1430-4cd3-b6f3-6502c0038601] received
[2025-07-04 10:28:02,392: INFO/ForkPoolWorker-2] No audio files to process
[2025-07-04 10:28:02,743: INFO/ForkPoolWorker-2] Task apps.gallery.tasks.process_audio[18f21fd6-5925-4b0f-9941-9562c4686916] succeeded in 1.6228075250000984s: None
[2025-07-04 10:28:02,927: INFO/ForkPoolWorker-2] Fetching unsplash images to process
[2025-07-04 10:28:02,927: INFO/ForkPoolWorker-2] Starting Unsplash to gcs uploader job at 2025-07-04T10:28:02.927681
[2025-07-04 10:28:02,927: INFO/ForkPoolWorker-2] Using 6 search queries: nature, people, food, travel, architecture, animals
[2025-07-04 10:28:03,765: INFO/MainProcess] Task apps.gallery.tasks.populate_unsplash_images[6374d0e1-8bd7-4e34-b870-a265045b1f5f] received
[2025-07-04 10:28:38,890: INFO/ForkPoolWorker-3] Task apps.gallery.tasks.populate_unsplash_images[990561ed-472a-44a9-a8b1-c8b8fab78a47] succeeded in 92.13436242700118s: None
[2025-07-04 10:28:39,081: INFO/ForkPoolWorker-3] Fetching unsplash images to process
[2025-07-04 10:28:39,081: INFO/ForkPoolWorker-3] Starting Unsplash to gcs uploader job at 2025-07-04T10:28:39.081261
[2025-07-04 10:28:39,081: INFO/ForkPoolWorker-3] Using 6 search queries: nature, people, food, travel, architecture, animals
[2025-07-04 10:28:40,062: INFO/MainProcess] Task apps.gallery.tasks.populate_unsplash_images[a96b4ff2-09c2-4dd1-827b-52a5524dedf8] received
[2025-07-04 10:29:12,749: INFO/ForkPoolWorker-4] Task apps.gallery.tasks.populate_unsplash_images[34e13a9d-f6b1-4f64-93f9-4a95ab5d8b26] succeeded in 93.95105100100045s: None
[2025-07-04 10:29:12,750: INFO/ForkPoolWorker-4] Fetching unsplash images to process
[2025-07-04 10:29:12,750: INFO/ForkPoolWorker-4] Starting Unsplash to gcs uploader job at 2025-07-04T10:29:12.750644
[2025-07-04 10:29:12,750: INFO/ForkPoolWorker-4] Using 6 search queries: nature, people, food, travel, architecture, animals
[2025-07-04 10:29:14,085: INFO/MainProcess] Task apps.gallery.tasks.process_audio[08f932e4-a747-487f-bb7e-ac145546bbb8] received
[2025-07-04 10:29:34,771: INFO/ForkPoolWorker-2] Task apps.gallery.tasks.populate_unsplash_images[aa139ccb-3089-464e-ab9c-3f7425c14dc8] succeeded in 91.84691283899883s: None
[2025-07-04 10:29:35,181: INFO/ForkPoolWorker-2] Fetching audios to process
[2025-07-04 10:29:36,020: INFO/MainProcess] Task apps.gallery.tasks.process_audio[74f933b3-ea35-438d-9ca1-800b2b06fa14] received
[2025-07-04 10:29:36,362: INFO/ForkPoolWorker-2] No audio files to process
[2025-07-04 10:29:36,701: INFO/ForkPoolWorker-2] Task apps.gallery.tasks.process_audio[a8d286e5-4ae5-47dd-8a94-1e5e8130381a] succeeded in 1.5205996449985832s: None
[2025-07-04 10:29:36,882: INFO/ForkPoolWorker-2] Fetching unsplash images to process
[2025-07-04 10:29:36,882: INFO/ForkPoolWorker-2] Starting Unsplash to gcs uploader job at 2025-07-04T10:29:36.882234
[2025-07-04 10:29:36,882: INFO/ForkPoolWorker-2] Using 6 search queries: nature, people, food, travel, architecture, animals
[2025-07-04 10:29:37,546: INFO/MainProcess] Task apps.gallery.tasks.populate_unsplash_images[59b4dccf-c8ca-460e-9ced-44ac01c3cc55] received
[2025-07-04 10:30:11,188: INFO/ForkPoolWorker-3] Task apps.gallery.tasks.populate_unsplash_images[2307410d-4674-4f09-80e4-2f6791f19b8d] succeeded in 92.10994004200074s: None
[2025-07-04 10:30:11,369: INFO/ForkPoolWorker-3] Fetching unsplash images to process
[2025-07-04 10:30:11,369: INFO/ForkPoolWorker-3] Starting Unsplash to gcs uploader job at 2025-07-04T10:30:11.369162
[2025-07-04 10:30:11,369: INFO/ForkPoolWorker-3] Using 6 search queries: nature, people, food, travel, architecture, animals
[2025-07-04 10:30:12,352: INFO/MainProcess] Task apps.gallery.tasks.populate_unsplash_images[bde8c19d-4092-461f-b3d9-581bf071aa06] received
[2025-07-04 10:30:48,067: INFO/ForkPoolWorker-4] Task apps.gallery.tasks.populate_unsplash_images[a2263af8-b3ce-4860-8651-2172fcebc3e4] succeeded in 95.31998649399975s: None
[2025-07-04 10:30:48,068: INFO/ForkPoolWorker-4] Fetching unsplash images to process
[2025-07-04 10:30:48,068: INFO/ForkPoolWorker-4] Starting Unsplash to gcs uploader job at 2025-07-04T10:30:48.068162
[2025-07-04 10:30:48,068: INFO/ForkPoolWorker-4] Using 6 search queries: nature, people, food, travel, architecture, animals
[2025-07-04 10:30:49,229: INFO/MainProcess] Task apps.gallery.tasks.process_audio[6561720f-16f0-4ef5-baf7-c26ee58f8998] received
[2025-07-04 10:31:09,350: INFO/ForkPoolWorker-2] Task apps.gallery.tasks.populate_unsplash_images[c88da976-1caa-437c-8c17-3b4788655e5a] succeeded in 92.47246051500042s: None
[2025-07-04 10:31:09,720: INFO/ForkPoolWorker-2] Fetching unsplash images to process
[2025-07-04 10:31:09,720: INFO/ForkPoolWorker-2] Starting Unsplash to gcs uploader job at 2025-07-04T10:31:09.720297
[2025-07-04 10:31:09,720: INFO/ForkPoolWorker-2] Using 6 search queries: nature, people, food, travel, architecture, animals
[2025-07-04 10:31:10,387: INFO/MainProcess] Task apps.gallery.tasks.process_audio[9eed32b5-0c70-4721-899d-8a6a5f6c960f] received
[2025-07-04 10:31:40,985: INFO/ForkPoolWorker-3] Task apps.gallery.tasks.populate_unsplash_images[4982c874-54e1-43f2-8ee9-77c0976f9c74] succeeded in 89.62000691799949s: None
[2025-07-04 10:31:41,166: INFO/ForkPoolWorker-3] Fetching audios to process
[2025-07-04 10:31:42,150: INFO/MainProcess] Task apps.gallery.tasks.populate_unsplash_images[38a6f131-cf87-4cf0-b803-b9d1600afe62] received
[2025-07-04 10:31:42,323: INFO/ForkPoolWorker-3] No audio files to process
[2025-07-04 10:31:42,663: INFO/ForkPoolWorker-3] Task apps.gallery.tasks.process_audio[0c99d952-c14f-44bb-bb83-febd2c49528d] succeeded in 1.497047726999881s: None
[2025-07-04 10:31:42,843: INFO/ForkPoolWorker-3] Fetching unsplash images to process
[2025-07-04 10:31:42,843: INFO/ForkPoolWorker-3] Starting Unsplash to gcs uploader job at 2025-07-04T10:31:42.843947
[2025-07-04 10:31:42,844: INFO/ForkPoolWorker-3] Using 6 search queries: nature, people, food, travel, architecture, animals
[2025-07-04 10:31:43,508: ERROR/MainProcess] Received unregistered task of type 'apps.gallery.tasks.generate_metadata'.
The message has been ignored and discarded.

Did you remember to import the module containing this task?
Or maybe you're using relative imports?

Please see
https://docs.celeryq.dev/en/latest/internals/protocol.html
for more information.

The full contents of the message body was:
b'[[], {}, {"callbacks": null, "errbacks": null, "chain": null, "chord": null}]' (77b)

The full contents of the message headers:
{'lang': 'py', 'task': 'apps.gallery.tasks.generate_metadata', 'id': '924f6332-928f-4156-b009-7fb7ee46d5fb', 'shadow': None, 'eta': None, 'expires': None, 'group': None, 'group_index': None, 'retries': 0, 'timelimit': [None, None], 'root_id': '924f6332-928f-4156-b009-7fb7ee46d5fb', 'parent_id': None, 'argsrepr': '()', 'kwargsrepr': '{}', 'origin': 'gen7@736bcabd2b74', 'ignore_result': False, 'stamped_headers': None, 'stamps': {}}

The delivery info for this task is:
{'exchange': '', 'routing_key': 'celery'}
Traceback (most recent call last):
  File "/usr/local/lib/python3.12/site-packages/celery/worker/consumer/consumer.py", line 642, in on_task_received
    strategy = strategies[type_]
               ~~~~~~~~~~^^^^^^^
KeyError: 'apps.gallery.tasks.generate_metadata'
[2025-07-04 10:31:44,514: INFO/MainProcess] Task apps.gallery.tasks.populate_unsplash_images[f4d3f849-2425-49cd-a772-6ceb04f13d85] received
[2025-07-04 18:11:46,349: WARNING/MainProcess] consumer: Connection to broker lost. Trying to re-establish the connection...
Traceback (most recent call last):
  File "/usr/local/lib/python3.12/site-packages/celery/worker/consumer/consumer.py", line 336, in start
    blueprint.start(self)
  File "/usr/local/lib/python3.12/site-packages/celery/bootsteps.py", line 116, in start
    step.start(parent)
  File "/usr/local/lib/python3.12/site-packages/celery/worker/consumer/consumer.py", line 726, in start
    c.loop(*c.loop_args())
  File "/usr/local/lib/python3.12/site-packages/celery/worker/loops.py", line 97, in asynloop
    next(loop)
  File "/usr/local/lib/python3.12/site-packages/kombu/asynchronous/hub.py", line 373, in create_loop
    cb(*cbargs)
  File "/usr/local/lib/python3.12/site-packages/kombu/transport/redis.py", line 1359, in on_readable
    self.cycle.on_readable(fileno)
  File "/usr/local/lib/python3.12/site-packages/kombu/transport/redis.py", line 576, in on_readable
    chan.handlers[type]()
  File "/usr/local/lib/python3.12/site-packages/kombu/transport/redis.py", line 925, in _receive
    ret.append(self._receive_one(c))
               ^^^^^^^^^^^^^^^^^^^^
  File "/usr/local/lib/python3.12/site-packages/kombu/transport/redis.py", line 935, in _receive_one
    response = c.parse_response()
               ^^^^^^^^^^^^^^^^^^
  File "/usr/local/lib/python3.12/site-packages/redis/client.py", line 865, in parse_response
    response = self._execute(conn, try_read)
               ^^^^^^^^^^^^^^^^^^^^^^^^^^^^^
  File "/usr/local/lib/python3.12/site-packages/redis/client.py", line 841, in _execute
    return conn.retry.call_with_retry(
           ^^^^^^^^^^^^^^^^^^^^^^^^^^^
  File "/usr/local/lib/python3.12/site-packages/redis/retry.py", line 65, in call_with_retry
    fail(error)
  File "/usr/local/lib/python3.12/site-packages/redis/client.py", line 843, in <lambda>
    lambda error: self._disconnect_raise_connect(conn, error),
                  ^^^^^^^^^^^^^^^^^^^^^^^^^^^^^^^^^^^^^^^^^^^
  File "/usr/local/lib/python3.12/site-packages/redis/client.py", line 830, in _disconnect_raise_connect
    raise error
  File "/usr/local/lib/python3.12/site-packages/redis/retry.py", line 62, in call_with_retry
    return do()
           ^^^^
  File "/usr/local/lib/python3.12/site-packages/redis/client.py", line 842, in <lambda>
    lambda: command(*args, **kwargs),
            ^^^^^^^^^^^^^^^^^^^^^^^^
  File "/usr/local/lib/python3.12/site-packages/redis/client.py", line 863, in try_read
    return conn.read_response(disconnect_on_error=False, push_request=True)
           ^^^^^^^^^^^^^^^^^^^^^^^^^^^^^^^^^^^^^^^^^^^^^^^^^^^^^^^^^^^^^^^^
  File "/usr/local/lib/python3.12/site-packages/redis/connection.py", line 592, in read_response
    response = self._parser.read_response(disable_decoding=disable_decoding)
               ^^^^^^^^^^^^^^^^^^^^^^^^^^^^^^^^^^^^^^^^^^^^^^^^^^^^^^^^^^^^^
  File "/usr/local/lib/python3.12/site-packages/redis/_parsers/resp2.py", line 15, in read_response
    result = self._read_response(disable_decoding=disable_decoding)
             ^^^^^^^^^^^^^^^^^^^^^^^^^^^^^^^^^^^^^^^^^^^^^^^^^^^^^^
  File "/usr/local/lib/python3.12/site-packages/redis/_parsers/resp2.py", line 25, in _read_response
    raw = self._buffer.readline()
          ^^^^^^^^^^^^^^^^^^^^^^^
  File "/usr/local/lib/python3.12/site-packages/redis/_parsers/socket.py", line 115, in readline
    self._read_from_socket()
  File "/usr/local/lib/python3.12/site-packages/redis/_parsers/socket.py", line 68, in _read_from_socket
    raise ConnectionError(SERVER_CLOSED_CONNECTION_ERROR)
redis.exceptions.ConnectionError: Connection closed by server.
[2025-07-04 18:11:46,361: WARNING/MainProcess] Restoring 16 unacknowledged message(s)
[2025-07-04 18:12:05,192: WARNING/MainProcess] /usr/local/lib/python3.12/site-packages/celery/worker/consumer/consumer.py:386: CPendingDeprecationWarning: 
In Celery 5.1 we introduced an optional breaking change which
on connection loss cancels all currently executed tasks with late acknowledgement enabled.
These tasks cannot be acknowledged as the connection is gone, and the tasks are automatically redelivered
back to the queue. You can enable this behavior using the worker_cancel_long_running_tasks_on_connection_loss
setting. In Celery 5.1 it is set to False by default. The setting will be set to True by default in Celery 6.0.

  warnings.warn(CANCEL_TASKS_BY_DEFAULT, CPendingDeprecationWarning)

[2025-07-04 18:12:05,193: INFO/MainProcess] Temporarily reducing the prefetch count to 4 to avoid over-fetching since 13 tasks are currently being processed.
The prefetch count will be gradually restored to 16 as the tasks complete processing.
[2025-07-04 18:12:25,063: WARNING/ForkPoolWorker-3] /usr/local/lib/python3.12/site-packages/celery/app/trace.py:686: RuntimeWarning: Exception raised outside body: ConnectionError('Connection closed by server.'):
Traceback (most recent call last):
  File "/usr/local/lib/python3.12/site-packages/django/db/backends/utils.py", line 105, in _execute
    return self.cursor.execute(sql, params)
           ^^^^^^^^^^^^^^^^^^^^^^^^^^^^^^^^
psycopg2.OperationalError: server closed the connection unexpectedly
	This probably means the server terminated abnormally
	before or while processing the request.


The above exception was the direct cause of the following exception:

Traceback (most recent call last):
  File "/usr/local/lib/python3.12/site-packages/celery/app/trace.py", line 477, in trace_task
    R = retval = fun(*args, **kwargs)
                 ^^^^^^^^^^^^^^^^^^^^
  File "/usr/local/lib/python3.12/site-packages/celery/app/trace.py", line 760, in __protected_call__
    return self.run(*args, **kwargs)
           ^^^^^^^^^^^^^^^^^^^^^^^^^
  File "/app/apps/gallery/tasks.py", line 155, in populate_unsplash_images
    client.run()
  File "/app/apps/utils/unsplash_client/_client.py", line 314, in run
    if collections.exists():
       ^^^^^^^^^^^^^^^^^^^^
  File "/usr/local/lib/python3.12/site-packages/django/db/models/query.py", line 1288, in exists
    return self.query.has_results(using=self.db)
           ^^^^^^^^^^^^^^^^^^^^^^^^^^^^^^^^^^^^^
  File "/usr/local/lib/python3.12/site-packages/django/db/models/sql/query.py", line 660, in has_results
    return compiler.has_results()
           ^^^^^^^^^^^^^^^^^^^^^^
  File "/usr/local/lib/python3.12/site-packages/django/db/models/sql/compiler.py", line 1542, in has_results
    return bool(self.execute_sql(SINGLE))
                ^^^^^^^^^^^^^^^^^^^^^^^^
  File "/usr/local/lib/python3.12/site-packages/django/db/models/sql/compiler.py", line 1574, in execute_sql
    cursor.execute(sql, params)
  File "/usr/local/lib/python3.12/site-packages/django/db/backends/utils.py", line 122, in execute
    return super().execute(sql, params)
           ^^^^^^^^^^^^^^^^^^^^^^^^^^^^
  File "/usr/local/lib/python3.12/site-packages/django/db/backends/utils.py", line 79, in execute
    return self._execute_with_wrappers(
           ^^^^^^^^^^^^^^^^^^^^^^^^^^^^
  File "/usr/local/lib/python3.12/site-packages/django/db/backends/utils.py", line 92, in _execute_with_wrappers
    return executor(sql, params, many, context)
           ^^^^^^^^^^^^^^^^^^^^^^^^^^^^^^^^^^^^
  File "/usr/local/lib/python3.12/site-packages/django/db/backends/utils.py", line 100, in _execute
    with self.db.wrap_database_errors:
         ^^^^^^^^^^^^^^^^^^^^^^^^^^^^
  File "/usr/local/lib/python3.12/site-packages/django/db/utils.py", line 91, in __exit__
    raise dj_exc_value.with_traceback(traceback) from exc_value
  File "/usr/local/lib/python3.12/site-packages/django/db/backends/utils.py", line 105, in _execute
    return self.cursor.execute(sql, params)
           ^^^^^^^^^^^^^^^^^^^^^^^^^^^^^^^^
django.db.utils.OperationalError: server closed the connection unexpectedly
	This probably means the server terminated abnormally
	before or while processing the request.


During handling of the above exception, another exception occurred:

Traceback (most recent call last):
  File "/usr/local/lib/python3.12/site-packages/celery/app/trace.py", line 494, in trace_task
    I, R, state, retval = on_error(task_request, exc)
                          ^^^^^^^^^^^^^^^^^^^^^^^^^^^
  File "/usr/local/lib/python3.12/site-packages/celery/app/trace.py", line 399, in on_error
    R = I.handle_error_state(
        ^^^^^^^^^^^^^^^^^^^^^
  File "/usr/local/lib/python3.12/site-packages/celery/app/trace.py", line 178, in handle_error_state
    return {
           ^
  File "/usr/local/lib/python3.12/site-packages/celery/app/trace.py", line 230, in handle_failure
    task.backend.mark_as_failure(
  File "/usr/local/lib/python3.12/site-packages/celery/backends/base.py", line 167, in mark_as_failure
    self.store_result(task_id, exc, state,
  File "/usr/local/lib/python3.12/site-packages/celery/backends/base.py", line 526, in store_result
    self._store_result(task_id, result, state, traceback,
  File "/usr/local/lib/python3.12/site-packages/celery/backends/base.py", line 973, in _store_result
    current_meta = self._get_task_meta_for(task_id)
                   ^^^^^^^^^^^^^^^^^^^^^^^^^^^^^^^^
  File "/usr/local/lib/python3.12/site-packages/celery/backends/base.py", line 995, in _get_task_meta_for
    meta = self.get(self.get_key_for_task(task_id))
           ^^^^^^^^^^^^^^^^^^^^^^^^^^^^^^^^^^^^^^^^
  File "/usr/local/lib/python3.12/site-packages/celery/backends/redis.py", line 376, in get
    return self.client.get(key)
           ^^^^^^^^^^^^^^^^^^^^
  File "/usr/local/lib/python3.12/site-packages/redis/commands/core.py", line 1822, in get
    return self.execute_command("GET", name, keys=[name])
           ^^^^^^^^^^^^^^^^^^^^^^^^^^^^^^^^^^^^^^^^^^^^^^
  File "/usr/local/lib/python3.12/site-packages/redis/client.py", line 559, in execute_command
    return self._execute_command(*args, **options)
           ^^^^^^^^^^^^^^^^^^^^^^^^^^^^^^^^^^^^^^^
  File "/usr/local/lib/python3.12/site-packages/redis/client.py", line 567, in _execute_command
    return conn.retry.call_with_retry(
           ^^^^^^^^^^^^^^^^^^^^^^^^^^^
  File "/usr/local/lib/python3.12/site-packages/redis/retry.py", line 65, in call_with_retry
    fail(error)
  File "/usr/local/lib/python3.12/site-packages/redis/client.py", line 571, in <lambda>
    lambda error: self._disconnect_raise(conn, error),
                  ^^^^^^^^^^^^^^^^^^^^^^^^^^^^^^^^^^^
  File "/usr/local/lib/python3.12/site-packages/redis/client.py", line 555, in _disconnect_raise
    raise error
  File "/usr/local/lib/python3.12/site-packages/redis/retry.py", line 62, in call_with_retry
    return do()
           ^^^^
  File "/usr/local/lib/python3.12/site-packages/redis/client.py", line 568, in <lambda>
    lambda: self._send_command_parse_response(
            ^^^^^^^^^^^^^^^^^^^^^^^^^^^^^^^^^^
  File "/usr/local/lib/python3.12/site-packages/redis/client.py", line 542, in _send_command_parse_response
    return self.parse_response(conn, command_name, **options)
           ^^^^^^^^^^^^^^^^^^^^^^^^^^^^^^^^^^^^^^^^^^^^^^^^^^
  File "/usr/local/lib/python3.12/site-packages/redis/client.py", line 584, in parse_response
    response = connection.read_response()
               ^^^^^^^^^^^^^^^^^^^^^^^^^^
  File "/usr/local/lib/python3.12/site-packages/redis/connection.py", line 592, in read_response
    response = self._parser.read_response(disable_decoding=disable_decoding)
               ^^^^^^^^^^^^^^^^^^^^^^^^^^^^^^^^^^^^^^^^^^^^^^^^^^^^^^^^^^^^^
  File "/usr/local/lib/python3.12/site-packages/redis/_parsers/resp2.py", line 15, in read_response
    result = self._read_response(disable_decoding=disable_decoding)
             ^^^^^^^^^^^^^^^^^^^^^^^^^^^^^^^^^^^^^^^^^^^^^^^^^^^^^^
  File "/usr/local/lib/python3.12/site-packages/redis/_parsers/resp2.py", line 25, in _read_response
    raw = self._buffer.readline()
          ^^^^^^^^^^^^^^^^^^^^^^^
  File "/usr/local/lib/python3.12/site-packages/redis/_parsers/socket.py", line 115, in readline
    self._read_from_socket()
  File "/usr/local/lib/python3.12/site-packages/redis/_parsers/socket.py", line 68, in _read_from_socket
    raise ConnectionError(SERVER_CLOSED_CONNECTION_ERROR)
redis.exceptions.ConnectionError: Connection closed by server.

  warn(RuntimeWarning(

[2025-07-04 18:12:25,080: WARNING/ForkPoolWorker-4] /usr/local/lib/python3.12/site-packages/celery/app/trace.py:686: RuntimeWarning: Exception raised outside body: ConnectionError('Connection closed by server.'):
Traceback (most recent call last):
  File "/usr/local/lib/python3.12/site-packages/django/db/backends/utils.py", line 105, in _execute
    return self.cursor.execute(sql, params)
           ^^^^^^^^^^^^^^^^^^^^^^^^^^^^^^^^
psycopg2.OperationalError: server closed the connection unexpectedly
	This probably means the server terminated abnormally
	before or while processing the request.


The above exception was the direct cause of the following exception:

Traceback (most recent call last):
  File "/usr/local/lib/python3.12/site-packages/celery/app/trace.py", line 477, in trace_task
    R = retval = fun(*args, **kwargs)
                 ^^^^^^^^^^^^^^^^^^^^
  File "/usr/local/lib/python3.12/site-packages/celery/app/trace.py", line 760, in __protected_call__
    return self.run(*args, **kwargs)
           ^^^^^^^^^^^^^^^^^^^^^^^^^
  File "/app/apps/gallery/tasks.py", line 155, in populate_unsplash_images
    client.run()
  File "/app/apps/utils/unsplash_client/_client.py", line 328, in run
    if Image.objects.filter(image_id=id).exists():
       ^^^^^^^^^^^^^^^^^^^^^^^^^^^^^^^^^^^^^^^^^^
  File "/usr/local/lib/python3.12/site-packages/django/db/models/query.py", line 1288, in exists
    return self.query.has_results(using=self.db)
           ^^^^^^^^^^^^^^^^^^^^^^^^^^^^^^^^^^^^^
  File "/usr/local/lib/python3.12/site-packages/django/db/models/sql/query.py", line 660, in has_results
    return compiler.has_results()
           ^^^^^^^^^^^^^^^^^^^^^^
  File "/usr/local/lib/python3.12/site-packages/django/db/models/sql/compiler.py", line 1542, in has_results
    return bool(self.execute_sql(SINGLE))
                ^^^^^^^^^^^^^^^^^^^^^^^^
  File "/usr/local/lib/python3.12/site-packages/django/db/models/sql/compiler.py", line 1574, in execute_sql
    cursor.execute(sql, params)
  File "/usr/local/lib/python3.12/site-packages/django/db/backends/utils.py", line 122, in execute
    return super().execute(sql, params)
           ^^^^^^^^^^^^^^^^^^^^^^^^^^^^
  File "/usr/local/lib/python3.12/site-packages/django/db/backends/utils.py", line 79, in execute
    return self._execute_with_wrappers(
           ^^^^^^^^^^^^^^^^^^^^^^^^^^^^
  File "/usr/local/lib/python3.12/site-packages/django/db/backends/utils.py", line 92, in _execute_with_wrappers
    return executor(sql, params, many, context)
           ^^^^^^^^^^^^^^^^^^^^^^^^^^^^^^^^^^^^
  File "/usr/local/lib/python3.12/site-packages/django/db/backends/utils.py", line 100, in _execute
    with self.db.wrap_database_errors:
         ^^^^^^^^^^^^^^^^^^^^^^^^^^^^
  File "/usr/local/lib/python3.12/site-packages/django/db/utils.py", line 91, in __exit__
    raise dj_exc_value.with_traceback(traceback) from exc_value
  File "/usr/local/lib/python3.12/site-packages/django/db/backends/utils.py", line 105, in _execute
    return self.cursor.execute(sql, params)
           ^^^^^^^^^^^^^^^^^^^^^^^^^^^^^^^^
django.db.utils.OperationalError: server closed the connection unexpectedly
	This probably means the server terminated abnormally
	before or while processing the request.


During handling of the above exception, another exception occurred:

Traceback (most recent call last):
  File "/usr/local/lib/python3.12/site-packages/celery/app/trace.py", line 494, in trace_task
    I, R, state, retval = on_error(task_request, exc)
                          ^^^^^^^^^^^^^^^^^^^^^^^^^^^
  File "/usr/local/lib/python3.12/site-packages/celery/app/trace.py", line 399, in on_error
    R = I.handle_error_state(
        ^^^^^^^^^^^^^^^^^^^^^
  File "/usr/local/lib/python3.12/site-packages/celery/app/trace.py", line 178, in handle_error_state
    return {
           ^
  File "/usr/local/lib/python3.12/site-packages/celery/app/trace.py", line 230, in handle_failure
    task.backend.mark_as_failure(
  File "/usr/local/lib/python3.12/site-packages/celery/backends/base.py", line 167, in mark_as_failure
    self.store_result(task_id, exc, state,
  File "/usr/local/lib/python3.12/site-packages/celery/backends/base.py", line 526, in store_result
    self._store_result(task_id, result, state, traceback,
  File "/usr/local/lib/python3.12/site-packages/celery/backends/base.py", line 973, in _store_result
    current_meta = self._get_task_meta_for(task_id)
                   ^^^^^^^^^^^^^^^^^^^^^^^^^^^^^^^^
  File "/usr/local/lib/python3.12/site-packages/celery/backends/base.py", line 995, in _get_task_meta_for
    meta = self.get(self.get_key_for_task(task_id))
           ^^^^^^^^^^^^^^^^^^^^^^^^^^^^^^^^^^^^^^^^
  File "/usr/local/lib/python3.12/site-packages/celery/backends/redis.py", line 376, in get
    return self.client.get(key)
           ^^^^^^^^^^^^^^^^^^^^
  File "/usr/local/lib/python3.12/site-packages/redis/commands/core.py", line 1822, in get
    return self.execute_command("GET", name, keys=[name])
           ^^^^^^^^^^^^^^^^^^^^^^^^^^^^^^^^^^^^^^^^^^^^^^
  File "/usr/local/lib/python3.12/site-packages/redis/client.py", line 559, in execute_command
    return self._execute_command(*args, **options)
           ^^^^^^^^^^^^^^^^^^^^^^^^^^^^^^^^^^^^^^^
  File "/usr/local/lib/python3.12/site-packages/redis/client.py", line 567, in _execute_command
    return conn.retry.call_with_retry(
           ^^^^^^^^^^^^^^^^^^^^^^^^^^^
  File "/usr/local/lib/python3.12/site-packages/redis/retry.py", line 65, in call_with_retry
    fail(error)
  File "/usr/local/lib/python3.12/site-packages/redis/client.py", line 571, in <lambda>
    lambda error: self._disconnect_raise(conn, error),
                  ^^^^^^^^^^^^^^^^^^^^^^^^^^^^^^^^^^^
  File "/usr/local/lib/python3.12/site-packages/redis/client.py", line 555, in _disconnect_raise
    raise error
  File "/usr/local/lib/python3.12/site-packages/redis/retry.py", line 62, in call_with_retry
    return do()
           ^^^^
  File "/usr/local/lib/python3.12/site-packages/redis/client.py", line 568, in <lambda>
    lambda: self._send_command_parse_response(
            ^^^^^^^^^^^^^^^^^^^^^^^^^^^^^^^^^^
  File "/usr/local/lib/python3.12/site-packages/redis/client.py", line 542, in _send_command_parse_response
    return self.parse_response(conn, command_name, **options)
           ^^^^^^^^^^^^^^^^^^^^^^^^^^^^^^^^^^^^^^^^^^^^^^^^^^
  File "/usr/local/lib/python3.12/site-packages/redis/client.py", line 584, in parse_response
    response = connection.read_response()
               ^^^^^^^^^^^^^^^^^^^^^^^^^^
  File "/usr/local/lib/python3.12/site-packages/redis/connection.py", line 592, in read_response
    response = self._parser.read_response(disable_decoding=disable_decoding)
               ^^^^^^^^^^^^^^^^^^^^^^^^^^^^^^^^^^^^^^^^^^^^^^^^^^^^^^^^^^^^^
  File "/usr/local/lib/python3.12/site-packages/redis/_parsers/resp2.py", line 15, in read_response
    result = self._read_response(disable_decoding=disable_decoding)
             ^^^^^^^^^^^^^^^^^^^^^^^^^^^^^^^^^^^^^^^^^^^^^^^^^^^^^^
  File "/usr/local/lib/python3.12/site-packages/redis/_parsers/resp2.py", line 25, in _read_response
    raw = self._buffer.readline()
          ^^^^^^^^^^^^^^^^^^^^^^^
  File "/usr/local/lib/python3.12/site-packages/redis/_parsers/socket.py", line 115, in readline
    self._read_from_socket()
  File "/usr/local/lib/python3.12/site-packages/redis/_parsers/socket.py", line 68, in _read_from_socket
    raise ConnectionError(SERVER_CLOSED_CONNECTION_ERROR)
redis.exceptions.ConnectionError: Connection closed by server.

  warn(RuntimeWarning(

[2025-07-04 18:12:25,095: WARNING/ForkPoolWorker-2] /usr/local/lib/python3.12/site-packages/celery/app/trace.py:686: RuntimeWarning: Exception raised outside body: ConnectionError('Connection closed by server.'):
Traceback (most recent call last):
  File "/usr/local/lib/python3.12/site-packages/django/db/backends/utils.py", line 105, in _execute
    return self.cursor.execute(sql, params)
           ^^^^^^^^^^^^^^^^^^^^^^^^^^^^^^^^
psycopg2.OperationalError: server closed the connection unexpectedly
	This probably means the server terminated abnormally
	before or while processing the request.


The above exception was the direct cause of the following exception:

Traceback (most recent call last):
  File "/usr/local/lib/python3.12/site-packages/celery/app/trace.py", line 477, in trace_task
    R = retval = fun(*args, **kwargs)
                 ^^^^^^^^^^^^^^^^^^^^
  File "/usr/local/lib/python3.12/site-packages/celery/app/trace.py", line 760, in __protected_call__
    return self.run(*args, **kwargs)
           ^^^^^^^^^^^^^^^^^^^^^^^^^
  File "/app/apps/gallery/tasks.py", line 155, in populate_unsplash_images
    client.run()
  File "/app/apps/utils/unsplash_client/_client.py", line 295, in run
    user = User.objects.get(is_superuser=True)
           ^^^^^^^^^^^^^^^^^^^^^^^^^^^^^^^^^^^
  File "/usr/local/lib/python3.12/site-packages/django/db/models/manager.py", line 87, in manager_method
    return getattr(self.get_queryset(), name)(*args, **kwargs)
           ^^^^^^^^^^^^^^^^^^^^^^^^^^^^^^^^^^^^^^^^^^^^^^^^^^^
  File "/usr/local/lib/python3.12/site-packages/django/db/models/query.py", line 645, in get
    num = len(clone)
          ^^^^^^^^^^
  File "/usr/local/lib/python3.12/site-packages/django/db/models/query.py", line 382, in __len__
    self._fetch_all()
  File "/usr/local/lib/python3.12/site-packages/django/db/models/query.py", line 1928, in _fetch_all
    self._result_cache = list(self._iterable_class(self))
                         ^^^^^^^^^^^^^^^^^^^^^^^^^^^^^^^^
  File "/usr/local/lib/python3.12/site-packages/django/db/models/query.py", line 91, in __iter__
    results = compiler.execute_sql(
              ^^^^^^^^^^^^^^^^^^^^^
  File "/usr/local/lib/python3.12/site-packages/django/db/models/sql/compiler.py", line 1574, in execute_sql
    cursor.execute(sql, params)
  File "/usr/local/lib/python3.12/site-packages/django/db/backends/utils.py", line 122, in execute
    return super().execute(sql, params)
           ^^^^^^^^^^^^^^^^^^^^^^^^^^^^
  File "/usr/local/lib/python3.12/site-packages/django/db/backends/utils.py", line 79, in execute
    return self._execute_with_wrappers(
           ^^^^^^^^^^^^^^^^^^^^^^^^^^^^
  File "/usr/local/lib/python3.12/site-packages/django/db/backends/utils.py", line 92, in _execute_with_wrappers
    return executor(sql, params, many, context)
           ^^^^^^^^^^^^^^^^^^^^^^^^^^^^^^^^^^^^
  File "/usr/local/lib/python3.12/site-packages/django/db/backends/utils.py", line 100, in _execute
    with self.db.wrap_database_errors:
         ^^^^^^^^^^^^^^^^^^^^^^^^^^^^
  File "/usr/local/lib/python3.12/site-packages/django/db/utils.py", line 91, in __exit__
    raise dj_exc_value.with_traceback(traceback) from exc_value
  File "/usr/local/lib/python3.12/site-packages/django/db/backends/utils.py", line 105, in _execute
    return self.cursor.execute(sql, params)
           ^^^^^^^^^^^^^^^^^^^^^^^^^^^^^^^^
django.db.utils.OperationalError: server closed the connection unexpectedly
	This probably means the server terminated abnormally
	before or while processing the request.


During handling of the above exception, another exception occurred:

Traceback (most recent call last):
  File "/usr/local/lib/python3.12/site-packages/celery/app/trace.py", line 494, in trace_task
    I, R, state, retval = on_error(task_request, exc)
                          ^^^^^^^^^^^^^^^^^^^^^^^^^^^
  File "/usr/local/lib/python3.12/site-packages/celery/app/trace.py", line 399, in on_error
    R = I.handle_error_state(
        ^^^^^^^^^^^^^^^^^^^^^
  File "/usr/local/lib/python3.12/site-packages/celery/app/trace.py", line 178, in handle_error_state
    return {
           ^
  File "/usr/local/lib/python3.12/site-packages/celery/app/trace.py", line 230, in handle_failure
    task.backend.mark_as_failure(
  File "/usr/local/lib/python3.12/site-packages/celery/backends/base.py", line 167, in mark_as_failure
    self.store_result(task_id, exc, state,
  File "/usr/local/lib/python3.12/site-packages/celery/backends/base.py", line 526, in store_result
    self._store_result(task_id, result, state, traceback,
  File "/usr/local/lib/python3.12/site-packages/celery/backends/base.py", line 973, in _store_result
    current_meta = self._get_task_meta_for(task_id)
                   ^^^^^^^^^^^^^^^^^^^^^^^^^^^^^^^^
  File "/usr/local/lib/python3.12/site-packages/celery/backends/base.py", line 995, in _get_task_meta_for
    meta = self.get(self.get_key_for_task(task_id))
           ^^^^^^^^^^^^^^^^^^^^^^^^^^^^^^^^^^^^^^^^
  File "/usr/local/lib/python3.12/site-packages/celery/backends/redis.py", line 376, in get
    return self.client.get(key)
           ^^^^^^^^^^^^^^^^^^^^
  File "/usr/local/lib/python3.12/site-packages/redis/commands/core.py", line 1822, in get
    return self.execute_command("GET", name, keys=[name])
           ^^^^^^^^^^^^^^^^^^^^^^^^^^^^^^^^^^^^^^^^^^^^^^
  File "/usr/local/lib/python3.12/site-packages/redis/client.py", line 559, in execute_command
    return self._execute_command(*args, **options)
           ^^^^^^^^^^^^^^^^^^^^^^^^^^^^^^^^^^^^^^^
  File "/usr/local/lib/python3.12/site-packages/redis/client.py", line 567, in _execute_command
    return conn.retry.call_with_retry(
           ^^^^^^^^^^^^^^^^^^^^^^^^^^^
  File "/usr/local/lib/python3.12/site-packages/redis/retry.py", line 65, in call_with_retry
    fail(error)
  File "/usr/local/lib/python3.12/site-packages/redis/client.py", line 571, in <lambda>
    lambda error: self._disconnect_raise(conn, error),
                  ^^^^^^^^^^^^^^^^^^^^^^^^^^^^^^^^^^^
  File "/usr/local/lib/python3.12/site-packages/redis/client.py", line 555, in _disconnect_raise
    raise error
  File "/usr/local/lib/python3.12/site-packages/redis/retry.py", line 62, in call_with_retry
    return do()
           ^^^^
  File "/usr/local/lib/python3.12/site-packages/redis/client.py", line 568, in <lambda>
    lambda: self._send_command_parse_response(
            ^^^^^^^^^^^^^^^^^^^^^^^^^^^^^^^^^^
  File "/usr/local/lib/python3.12/site-packages/redis/client.py", line 542, in _send_command_parse_response
    return self.parse_response(conn, command_name, **options)
           ^^^^^^^^^^^^^^^^^^^^^^^^^^^^^^^^^^^^^^^^^^^^^^^^^^
  File "/usr/local/lib/python3.12/site-packages/redis/client.py", line 584, in parse_response
    response = connection.read_response()
               ^^^^^^^^^^^^^^^^^^^^^^^^^^
  File "/usr/local/lib/python3.12/site-packages/redis/connection.py", line 592, in read_response
    response = self._parser.read_response(disable_decoding=disable_decoding)
               ^^^^^^^^^^^^^^^^^^^^^^^^^^^^^^^^^^^^^^^^^^^^^^^^^^^^^^^^^^^^^
  File "/usr/local/lib/python3.12/site-packages/redis/_parsers/resp2.py", line 15, in read_response
    result = self._read_response(disable_decoding=disable_decoding)
             ^^^^^^^^^^^^^^^^^^^^^^^^^^^^^^^^^^^^^^^^^^^^^^^^^^^^^^
  File "/usr/local/lib/python3.12/site-packages/redis/_parsers/resp2.py", line 25, in _read_response
    raw = self._buffer.readline()
          ^^^^^^^^^^^^^^^^^^^^^^^
  File "/usr/local/lib/python3.12/site-packages/redis/_parsers/socket.py", line 115, in readline
    self._read_from_socket()
  File "/usr/local/lib/python3.12/site-packages/redis/_parsers/socket.py", line 68, in _read_from_socket
    raise ConnectionError(SERVER_CLOSED_CONNECTION_ERROR)
redis.exceptions.ConnectionError: Connection closed by server.

  warn(RuntimeWarning(

[2025-07-04 18:12:26,785: ERROR/ForkPoolWorker-2] Task apps.gallery.tasks.populate_unsplash_images[1c6fe2bc-1a30-422e-8d77-b513e4e36ec6] raised unexpected: ConnectionError('Connection closed by server.')
Traceback (most recent call last):
  File "/usr/local/lib/python3.12/site-packages/django/db/backends/utils.py", line 105, in _execute
    return self.cursor.execute(sql, params)
           ^^^^^^^^^^^^^^^^^^^^^^^^^^^^^^^^
psycopg2.OperationalError: server closed the connection unexpectedly
	This probably means the server terminated abnormally
	before or while processing the request.


The above exception was the direct cause of the following exception:

Traceback (most recent call last):
  File "/usr/local/lib/python3.12/site-packages/celery/app/trace.py", line 477, in trace_task
    R = retval = fun(*args, **kwargs)
                 ^^^^^^^^^^^^^^^^^^^^
  File "/usr/local/lib/python3.12/site-packages/celery/app/trace.py", line 760, in __protected_call__
    return self.run(*args, **kwargs)
           ^^^^^^^^^^^^^^^^^^^^^^^^^
  File "/app/apps/gallery/tasks.py", line 155, in populate_unsplash_images
    client.run()
  File "/app/apps/utils/unsplash_client/_client.py", line 295, in run
    user = User.objects.get(is_superuser=True)
           ^^^^^^^^^^^^^^^^^^^^^^^^^^^^^^^^^^^
  File "/usr/local/lib/python3.12/site-packages/django/db/models/manager.py", line 87, in manager_method
    return getattr(self.get_queryset(), name)(*args, **kwargs)
           ^^^^^^^^^^^^^^^^^^^^^^^^^^^^^^^^^^^^^^^^^^^^^^^^^^^
  File "/usr/local/lib/python3.12/site-packages/django/db/models/query.py", line 645, in get
    num = len(clone)
          ^^^^^^^^^^
  File "/usr/local/lib/python3.12/site-packages/django/db/models/query.py", line 382, in __len__
    self._fetch_all()
  File "/usr/local/lib/python3.12/site-packages/django/db/models/query.py", line 1928, in _fetch_all
    self._result_cache = list(self._iterable_class(self))
                         ^^^^^^^^^^^^^^^^^^^^^^^^^^^^^^^^
  File "/usr/local/lib/python3.12/site-packages/django/db/models/query.py", line 91, in __iter__
    results = compiler.execute_sql(
              ^^^^^^^^^^^^^^^^^^^^^
  File "/usr/local/lib/python3.12/site-packages/django/db/models/sql/compiler.py", line 1574, in execute_sql
    cursor.execute(sql, params)
  File "/usr/local/lib/python3.12/site-packages/django/db/backends/utils.py", line 122, in execute
    return super().execute(sql, params)
           ^^^^^^^^^^^^^^^^^^^^^^^^^^^^
  File "/usr/local/lib/python3.12/site-packages/django/db/backends/utils.py", line 79, in execute
    return self._execute_with_wrappers(
           ^^^^^^^^^^^^^^^^^^^^^^^^^^^^
  File "/usr/local/lib/python3.12/site-packages/django/db/backends/utils.py", line 92, in _execute_with_wrappers
    return executor(sql, params, many, context)
           ^^^^^^^^^^^^^^^^^^^^^^^^^^^^^^^^^^^^
  File "/usr/local/lib/python3.12/site-packages/django/db/backends/utils.py", line 100, in _execute
    with self.db.wrap_database_errors:
         ^^^^^^^^^^^^^^^^^^^^^^^^^^^^
  File "/usr/local/lib/python3.12/site-packages/django/db/utils.py", line 91, in __exit__
    raise dj_exc_value.with_traceback(traceback) from exc_value
  File "/usr/local/lib/python3.12/site-packages/django/db/backends/utils.py", line 105, in _execute
    return self.cursor.execute(sql, params)
           ^^^^^^^^^^^^^^^^^^^^^^^^^^^^^^^^
django.db.utils.OperationalError: server closed the connection unexpectedly
	This probably means the server terminated abnormally
	before or while processing the request.


During handling of the above exception, another exception occurred:

Traceback (most recent call last):
  File "/usr/local/lib/python3.12/site-packages/celery/app/trace.py", line 494, in trace_task
    I, R, state, retval = on_error(task_request, exc)
                          ^^^^^^^^^^^^^^^^^^^^^^^^^^^
  File "/usr/local/lib/python3.12/site-packages/celery/app/trace.py", line 399, in on_error
    R = I.handle_error_state(
        ^^^^^^^^^^^^^^^^^^^^^
  File "/usr/local/lib/python3.12/site-packages/celery/app/trace.py", line 178, in handle_error_state
    return {
           ^
  File "/usr/local/lib/python3.12/site-packages/celery/app/trace.py", line 230, in handle_failure
    task.backend.mark_as_failure(
  File "/usr/local/lib/python3.12/site-packages/celery/backends/base.py", line 167, in mark_as_failure
    self.store_result(task_id, exc, state,
  File "/usr/local/lib/python3.12/site-packages/celery/backends/base.py", line 526, in store_result
    self._store_result(task_id, result, state, traceback,
  File "/usr/local/lib/python3.12/site-packages/celery/backends/base.py", line 973, in _store_result
    current_meta = self._get_task_meta_for(task_id)
                   ^^^^^^^^^^^^^^^^^^^^^^^^^^^^^^^^
  File "/usr/local/lib/python3.12/site-packages/celery/backends/base.py", line 995, in _get_task_meta_for
    meta = self.get(self.get_key_for_task(task_id))
           ^^^^^^^^^^^^^^^^^^^^^^^^^^^^^^^^^^^^^^^^
  File "/usr/local/lib/python3.12/site-packages/celery/backends/redis.py", line 376, in get
    return self.client.get(key)
           ^^^^^^^^^^^^^^^^^^^^
  File "/usr/local/lib/python3.12/site-packages/redis/commands/core.py", line 1822, in get
    return self.execute_command("GET", name, keys=[name])
           ^^^^^^^^^^^^^^^^^^^^^^^^^^^^^^^^^^^^^^^^^^^^^^
  File "/usr/local/lib/python3.12/site-packages/redis/client.py", line 559, in execute_command
    return self._execute_command(*args, **options)
           ^^^^^^^^^^^^^^^^^^^^^^^^^^^^^^^^^^^^^^^
  File "/usr/local/lib/python3.12/site-packages/redis/client.py", line 567, in _execute_command
    return conn.retry.call_with_retry(
           ^^^^^^^^^^^^^^^^^^^^^^^^^^^
  File "/usr/local/lib/python3.12/site-packages/redis/retry.py", line 65, in call_with_retry
    fail(error)
  File "/usr/local/lib/python3.12/site-packages/redis/client.py", line 571, in <lambda>
    lambda error: self._disconnect_raise(conn, error),
                  ^^^^^^^^^^^^^^^^^^^^^^^^^^^^^^^^^^^
  File "/usr/local/lib/python3.12/site-packages/redis/client.py", line 555, in _disconnect_raise
    raise error
  File "/usr/local/lib/python3.12/site-packages/redis/retry.py", line 62, in call_with_retry
    return do()
           ^^^^
  File "/usr/local/lib/python3.12/site-packages/redis/client.py", line 568, in <lambda>
    lambda: self._send_command_parse_response(
            ^^^^^^^^^^^^^^^^^^^^^^^^^^^^^^^^^^
  File "/usr/local/lib/python3.12/site-packages/redis/client.py", line 542, in _send_command_parse_response
    return self.parse_response(conn, command_name, **options)
           ^^^^^^^^^^^^^^^^^^^^^^^^^^^^^^^^^^^^^^^^^^^^^^^^^^
  File "/usr/local/lib/python3.12/site-packages/redis/client.py", line 584, in parse_response
    response = connection.read_response()
               ^^^^^^^^^^^^^^^^^^^^^^^^^^
  File "/usr/local/lib/python3.12/site-packages/redis/connection.py", line 592, in read_response
    response = self._parser.read_response(disable_decoding=disable_decoding)
               ^^^^^^^^^^^^^^^^^^^^^^^^^^^^^^^^^^^^^^^^^^^^^^^^^^^^^^^^^^^^^
  File "/usr/local/lib/python3.12/site-packages/redis/_parsers/resp2.py", line 15, in read_response
    result = self._read_response(disable_decoding=disable_decoding)
             ^^^^^^^^^^^^^^^^^^^^^^^^^^^^^^^^^^^^^^^^^^^^^^^^^^^^^^
  File "/usr/local/lib/python3.12/site-packages/redis/_parsers/resp2.py", line 25, in _read_response
    raw = self._buffer.readline()
          ^^^^^^^^^^^^^^^^^^^^^^^
  File "/usr/local/lib/python3.12/site-packages/redis/_parsers/socket.py", line 115, in readline
    self._read_from_socket()
  File "/usr/local/lib/python3.12/site-packages/redis/_parsers/socket.py", line 68, in _read_from_socket
    raise ConnectionError(SERVER_CLOSED_CONNECTION_ERROR)
redis.exceptions.ConnectionError: Connection closed by server.
[2025-07-04 18:12:26,785: ERROR/ForkPoolWorker-3] Task apps.gallery.tasks.populate_unsplash_images[9b4e2d8b-f04e-4cc8-b3e0-6805fae535e4] raised unexpected: ConnectionError('Connection closed by server.')
Traceback (most recent call last):
  File "/usr/local/lib/python3.12/site-packages/django/db/backends/utils.py", line 105, in _execute
    return self.cursor.execute(sql, params)
           ^^^^^^^^^^^^^^^^^^^^^^^^^^^^^^^^
psycopg2.OperationalError: server closed the connection unexpectedly
	This probably means the server terminated abnormally
	before or while processing the request.


The above exception was the direct cause of the following exception:

Traceback (most recent call last):
  File "/usr/local/lib/python3.12/site-packages/celery/app/trace.py", line 477, in trace_task
    R = retval = fun(*args, **kwargs)
                 ^^^^^^^^^^^^^^^^^^^^
  File "/usr/local/lib/python3.12/site-packages/celery/app/trace.py", line 760, in __protected_call__
    return self.run(*args, **kwargs)
           ^^^^^^^^^^^^^^^^^^^^^^^^^
  File "/app/apps/gallery/tasks.py", line 155, in populate_unsplash_images
    client.run()
  File "/app/apps/utils/unsplash_client/_client.py", line 314, in run
    if collections.exists():
       ^^^^^^^^^^^^^^^^^^^^
  File "/usr/local/lib/python3.12/site-packages/django/db/models/query.py", line 1288, in exists
    return self.query.has_results(using=self.db)
           ^^^^^^^^^^^^^^^^^^^^^^^^^^^^^^^^^^^^^
  File "/usr/local/lib/python3.12/site-packages/django/db/models/sql/query.py", line 660, in has_results
    return compiler.has_results()
           ^^^^^^^^^^^^^^^^^^^^^^
  File "/usr/local/lib/python3.12/site-packages/django/db/models/sql/compiler.py", line 1542, in has_results
    return bool(self.execute_sql(SINGLE))
                ^^^^^^^^^^^^^^^^^^^^^^^^
  File "/usr/local/lib/python3.12/site-packages/django/db/models/sql/compiler.py", line 1574, in execute_sql
    cursor.execute(sql, params)
  File "/usr/local/lib/python3.12/site-packages/django/db/backends/utils.py", line 122, in execute
    return super().execute(sql, params)
           ^^^^^^^^^^^^^^^^^^^^^^^^^^^^
  File "/usr/local/lib/python3.12/site-packages/django/db/backends/utils.py", line 79, in execute
    return self._execute_with_wrappers(
           ^^^^^^^^^^^^^^^^^^^^^^^^^^^^
  File "/usr/local/lib/python3.12/site-packages/django/db/backends/utils.py", line 92, in _execute_with_wrappers
    return executor(sql, params, many, context)
           ^^^^^^^^^^^^^^^^^^^^^^^^^^^^^^^^^^^^
  File "/usr/local/lib/python3.12/site-packages/django/db/backends/utils.py", line 100, in _execute
    with self.db.wrap_database_errors:
         ^^^^^^^^^^^^^^^^^^^^^^^^^^^^
  File "/usr/local/lib/python3.12/site-packages/django/db/utils.py", line 91, in __exit__
    raise dj_exc_value.with_traceback(traceback) from exc_value
  File "/usr/local/lib/python3.12/site-packages/django/db/backends/utils.py", line 105, in _execute
    return self.cursor.execute(sql, params)
           ^^^^^^^^^^^^^^^^^^^^^^^^^^^^^^^^
django.db.utils.OperationalError: server closed the connection unexpectedly
	This probably means the server terminated abnormally
	before or while processing the request.


During handling of the above exception, another exception occurred:

Traceback (most recent call last):
  File "/usr/local/lib/python3.12/site-packages/celery/app/trace.py", line 494, in trace_task
    I, R, state, retval = on_error(task_request, exc)
                          ^^^^^^^^^^^^^^^^^^^^^^^^^^^
  File "/usr/local/lib/python3.12/site-packages/celery/app/trace.py", line 399, in on_error
    R = I.handle_error_state(
        ^^^^^^^^^^^^^^^^^^^^^
  File "/usr/local/lib/python3.12/site-packages/celery/app/trace.py", line 178, in handle_error_state
    return {
           ^
  File "/usr/local/lib/python3.12/site-packages/celery/app/trace.py", line 230, in handle_failure
    task.backend.mark_as_failure(
  File "/usr/local/lib/python3.12/site-packages/celery/backends/base.py", line 167, in mark_as_failure
    self.store_result(task_id, exc, state,
  File "/usr/local/lib/python3.12/site-packages/celery/backends/base.py", line 526, in store_result
    self._store_result(task_id, result, state, traceback,
  File "/usr/local/lib/python3.12/site-packages/celery/backends/base.py", line 973, in _store_result
    current_meta = self._get_task_meta_for(task_id)
                   ^^^^^^^^^^^^^^^^^^^^^^^^^^^^^^^^
  File "/usr/local/lib/python3.12/site-packages/celery/backends/base.py", line 995, in _get_task_meta_for
    meta = self.get(self.get_key_for_task(task_id))
           ^^^^^^^^^^^^^^^^^^^^^^^^^^^^^^^^^^^^^^^^
  File "/usr/local/lib/python3.12/site-packages/celery/backends/redis.py", line 376, in get
    return self.client.get(key)
           ^^^^^^^^^^^^^^^^^^^^
  File "/usr/local/lib/python3.12/site-packages/redis/commands/core.py", line 1822, in get
    return self.execute_command("GET", name, keys=[name])
           ^^^^^^^^^^^^^^^^^^^^^^^^^^^^^^^^^^^^^^^^^^^^^^
  File "/usr/local/lib/python3.12/site-packages/redis/client.py", line 559, in execute_command
    return self._execute_command(*args, **options)
           ^^^^^^^^^^^^^^^^^^^^^^^^^^^^^^^^^^^^^^^
  File "/usr/local/lib/python3.12/site-packages/redis/client.py", line 567, in _execute_command
    return conn.retry.call_with_retry(
           ^^^^^^^^^^^^^^^^^^^^^^^^^^^
  File "/usr/local/lib/python3.12/site-packages/redis/retry.py", line 65, in call_with_retry
    fail(error)
  File "/usr/local/lib/python3.12/site-packages/redis/client.py", line 571, in <lambda>
    lambda error: self._disconnect_raise(conn, error),
                  ^^^^^^^^^^^^^^^^^^^^^^^^^^^^^^^^^^^
  File "/usr/local/lib/python3.12/site-packages/redis/client.py", line 555, in _disconnect_raise
    raise error
  File "/usr/local/lib/python3.12/site-packages/redis/retry.py", line 62, in call_with_retry
    return do()
           ^^^^
  File "/usr/local/lib/python3.12/site-packages/redis/client.py", line 568, in <lambda>
    lambda: self._send_command_parse_response(
            ^^^^^^^^^^^^^^^^^^^^^^^^^^^^^^^^^^
  File "/usr/local/lib/python3.12/site-packages/redis/client.py", line 542, in _send_command_parse_response
    return self.parse_response(conn, command_name, **options)
           ^^^^^^^^^^^^^^^^^^^^^^^^^^^^^^^^^^^^^^^^^^^^^^^^^^
  File "/usr/local/lib/python3.12/site-packages/redis/client.py", line 584, in parse_response
    response = connection.read_response()
               ^^^^^^^^^^^^^^^^^^^^^^^^^^
  File "/usr/local/lib/python3.12/site-packages/redis/connection.py", line 592, in read_response
    response = self._parser.read_response(disable_decoding=disable_decoding)
               ^^^^^^^^^^^^^^^^^^^^^^^^^^^^^^^^^^^^^^^^^^^^^^^^^^^^^^^^^^^^^
  File "/usr/local/lib/python3.12/site-packages/redis/_parsers/resp2.py", line 15, in read_response
    result = self._read_response(disable_decoding=disable_decoding)
             ^^^^^^^^^^^^^^^^^^^^^^^^^^^^^^^^^^^^^^^^^^^^^^^^^^^^^^
  File "/usr/local/lib/python3.12/site-packages/redis/_parsers/resp2.py", line 25, in _read_response
    raw = self._buffer.readline()
          ^^^^^^^^^^^^^^^^^^^^^^^
  File "/usr/local/lib/python3.12/site-packages/redis/_parsers/socket.py", line 115, in readline
    self._read_from_socket()
  File "/usr/local/lib/python3.12/site-packages/redis/_parsers/socket.py", line 68, in _read_from_socket
    raise ConnectionError(SERVER_CLOSED_CONNECTION_ERROR)
redis.exceptions.ConnectionError: Connection closed by server.
[2025-07-04 18:12:27,080: ERROR/ForkPoolWorker-4] Task apps.gallery.tasks.populate_unsplash_images[dfa7d715-492a-4715-9614-2542a62cad7b] raised unexpected: ConnectionError('Connection closed by server.')
Traceback (most recent call last):
  File "/usr/local/lib/python3.12/site-packages/django/db/backends/utils.py", line 105, in _execute
    return self.cursor.execute(sql, params)
           ^^^^^^^^^^^^^^^^^^^^^^^^^^^^^^^^
psycopg2.OperationalError: server closed the connection unexpectedly
	This probably means the server terminated abnormally
	before or while processing the request.


The above exception was the direct cause of the following exception:

Traceback (most recent call last):
  File "/usr/local/lib/python3.12/site-packages/celery/app/trace.py", line 477, in trace_task
    R = retval = fun(*args, **kwargs)
                 ^^^^^^^^^^^^^^^^^^^^
  File "/usr/local/lib/python3.12/site-packages/celery/app/trace.py", line 760, in __protected_call__
    return self.run(*args, **kwargs)
           ^^^^^^^^^^^^^^^^^^^^^^^^^
  File "/app/apps/gallery/tasks.py", line 155, in populate_unsplash_images
    client.run()
  File "/app/apps/utils/unsplash_client/_client.py", line 328, in run
    if Image.objects.filter(image_id=id).exists():
       ^^^^^^^^^^^^^^^^^^^^^^^^^^^^^^^^^^^^^^^^^^
  File "/usr/local/lib/python3.12/site-packages/django/db/models/query.py", line 1288, in exists
    return self.query.has_results(using=self.db)
           ^^^^^^^^^^^^^^^^^^^^^^^^^^^^^^^^^^^^^
  File "/usr/local/lib/python3.12/site-packages/django/db/models/sql/query.py", line 660, in has_results
    return compiler.has_results()
           ^^^^^^^^^^^^^^^^^^^^^^
  File "/usr/local/lib/python3.12/site-packages/django/db/models/sql/compiler.py", line 1542, in has_results
    return bool(self.execute_sql(SINGLE))
                ^^^^^^^^^^^^^^^^^^^^^^^^
  File "/usr/local/lib/python3.12/site-packages/django/db/models/sql/compiler.py", line 1574, in execute_sql
    cursor.execute(sql, params)
  File "/usr/local/lib/python3.12/site-packages/django/db/backends/utils.py", line 122, in execute
    return super().execute(sql, params)
           ^^^^^^^^^^^^^^^^^^^^^^^^^^^^
  File "/usr/local/lib/python3.12/site-packages/django/db/backends/utils.py", line 79, in execute
    return self._execute_with_wrappers(
           ^^^^^^^^^^^^^^^^^^^^^^^^^^^^
  File "/usr/local/lib/python3.12/site-packages/django/db/backends/utils.py", line 92, in _execute_with_wrappers
    return executor(sql, params, many, context)
           ^^^^^^^^^^^^^^^^^^^^^^^^^^^^^^^^^^^^
  File "/usr/local/lib/python3.12/site-packages/django/db/backends/utils.py", line 100, in _execute
    with self.db.wrap_database_errors:
         ^^^^^^^^^^^^^^^^^^^^^^^^^^^^
  File "/usr/local/lib/python3.12/site-packages/django/db/utils.py", line 91, in __exit__
    raise dj_exc_value.with_traceback(traceback) from exc_value
  File "/usr/local/lib/python3.12/site-packages/django/db/backends/utils.py", line 105, in _execute
    return self.cursor.execute(sql, params)
           ^^^^^^^^^^^^^^^^^^^^^^^^^^^^^^^^
django.db.utils.OperationalError: server closed the connection unexpectedly
	This probably means the server terminated abnormally
	before or while processing the request.


During handling of the above exception, another exception occurred:

Traceback (most recent call last):
  File "/usr/local/lib/python3.12/site-packages/celery/app/trace.py", line 494, in trace_task
    I, R, state, retval = on_error(task_request, exc)
                          ^^^^^^^^^^^^^^^^^^^^^^^^^^^
  File "/usr/local/lib/python3.12/site-packages/celery/app/trace.py", line 399, in on_error
    R = I.handle_error_state(
        ^^^^^^^^^^^^^^^^^^^^^
  File "/usr/local/lib/python3.12/site-packages/celery/app/trace.py", line 178, in handle_error_state
    return {
           ^
  File "/usr/local/lib/python3.12/site-packages/celery/app/trace.py", line 230, in handle_failure
    task.backend.mark_as_failure(
  File "/usr/local/lib/python3.12/site-packages/celery/backends/base.py", line 167, in mark_as_failure
    self.store_result(task_id, exc, state,
  File "/usr/local/lib/python3.12/site-packages/celery/backends/base.py", line 526, in store_result
    self._store_result(task_id, result, state, traceback,
  File "/usr/local/lib/python3.12/site-packages/celery/backends/base.py", line 973, in _store_result
    current_meta = self._get_task_meta_for(task_id)
                   ^^^^^^^^^^^^^^^^^^^^^^^^^^^^^^^^
  File "/usr/local/lib/python3.12/site-packages/celery/backends/base.py", line 995, in _get_task_meta_for
    meta = self.get(self.get_key_for_task(task_id))
           ^^^^^^^^^^^^^^^^^^^^^^^^^^^^^^^^^^^^^^^^
  File "/usr/local/lib/python3.12/site-packages/celery/backends/redis.py", line 376, in get
    return self.client.get(key)
           ^^^^^^^^^^^^^^^^^^^^
  File "/usr/local/lib/python3.12/site-packages/redis/commands/core.py", line 1822, in get
    return self.execute_command("GET", name, keys=[name])
           ^^^^^^^^^^^^^^^^^^^^^^^^^^^^^^^^^^^^^^^^^^^^^^
  File "/usr/local/lib/python3.12/site-packages/redis/client.py", line 559, in execute_command
    return self._execute_command(*args, **options)
           ^^^^^^^^^^^^^^^^^^^^^^^^^^^^^^^^^^^^^^^
  File "/usr/local/lib/python3.12/site-packages/redis/client.py", line 567, in _execute_command
    return conn.retry.call_with_retry(
           ^^^^^^^^^^^^^^^^^^^^^^^^^^^
  File "/usr/local/lib/python3.12/site-packages/redis/retry.py", line 65, in call_with_retry
    fail(error)
  File "/usr/local/lib/python3.12/site-packages/redis/client.py", line 571, in <lambda>
    lambda error: self._disconnect_raise(conn, error),
                  ^^^^^^^^^^^^^^^^^^^^^^^^^^^^^^^^^^^
  File "/usr/local/lib/python3.12/site-packages/redis/client.py", line 555, in _disconnect_raise
    raise error
  File "/usr/local/lib/python3.12/site-packages/redis/retry.py", line 62, in call_with_retry
    return do()
           ^^^^
  File "/usr/local/lib/python3.12/site-packages/redis/client.py", line 568, in <lambda>
    lambda: self._send_command_parse_response(
            ^^^^^^^^^^^^^^^^^^^^^^^^^^^^^^^^^^
  File "/usr/local/lib/python3.12/site-packages/redis/client.py", line 542, in _send_command_parse_response
    return self.parse_response(conn, command_name, **options)
           ^^^^^^^^^^^^^^^^^^^^^^^^^^^^^^^^^^^^^^^^^^^^^^^^^^
  File "/usr/local/lib/python3.12/site-packages/redis/client.py", line 584, in parse_response
    response = connection.read_response()
               ^^^^^^^^^^^^^^^^^^^^^^^^^^
  File "/usr/local/lib/python3.12/site-packages/redis/connection.py", line 592, in read_response
    response = self._parser.read_response(disable_decoding=disable_decoding)
               ^^^^^^^^^^^^^^^^^^^^^^^^^^^^^^^^^^^^^^^^^^^^^^^^^^^^^^^^^^^^^
  File "/usr/local/lib/python3.12/site-packages/redis/_parsers/resp2.py", line 15, in read_response
    result = self._read_response(disable_decoding=disable_decoding)
             ^^^^^^^^^^^^^^^^^^^^^^^^^^^^^^^^^^^^^^^^^^^^^^^^^^^^^^
  File "/usr/local/lib/python3.12/site-packages/redis/_parsers/resp2.py", line 25, in _read_response
    raw = self._buffer.readline()
          ^^^^^^^^^^^^^^^^^^^^^^^
  File "/usr/local/lib/python3.12/site-packages/redis/_parsers/socket.py", line 115, in readline
    self._read_from_socket()
  File "/usr/local/lib/python3.12/site-packages/redis/_parsers/socket.py", line 68, in _read_from_socket
    raise ConnectionError(SERVER_CLOSED_CONNECTION_ERROR)
redis.exceptions.ConnectionError: Connection closed by server.
[2025-07-04 18:12:27,285: INFO/MainProcess] Connected to redis://default:**@168.231.112.236:6379//
[2025-07-04 18:12:31,175: INFO/MainProcess] mingle: searching for neighbors
[2025-07-04 18:13:03,384: INFO/MainProcess] mingle: sync with 2 nodes
[2025-07-04 18:13:03,384: INFO/MainProcess] mingle: sync complete
[2025-07-04 18:13:09,434: INFO/ForkPoolWorker-4] Fetching audios to process
[2025-07-04 18:13:10,224: INFO/MainProcess] Task apps.gallery.tasks.process_audio[11e870a3-9d0a-4c4c-8f82-068bb6a7174b] received
[2025-07-04 18:13:10,999: INFO/MainProcess] Task apps.gallery.tasks.populate_unsplash_images[ba8cd99a-9b31-40e2-b83b-cb2fc59954fe] received
[2025-07-04 18:13:11,177: INFO/ForkPoolWorker-2] Fetching unsplash images to process
[2025-07-04 18:13:11,177: INFO/ForkPoolWorker-2] Starting Unsplash to gcs uploader job at 2025-07-04T18:13:11.177875
[2025-07-04 18:13:11,177: INFO/ForkPoolWorker-2] Using 6 search queries: nature, people, food, travel, architecture, animals
[2025-07-04 18:13:11,282: INFO/ForkPoolWorker-4] No audio files to process
[2025-07-04 18:13:11,520: INFO/ForkPoolWorker-4] Task apps.gallery.tasks.process_audio[e00d0305-9ffa-4c93-a7c9-2dab22dac71e] succeeded in 2.0863059789990075s: None
[2025-07-04 18:13:11,521: INFO/ForkPoolWorker-4] Fetching audios to process
[2025-07-04 18:13:11,981: INFO/MainProcess] Task apps.gallery.tasks.process_audio[7fec58e9-f96a-47db-88e4-526e67384b91] received
[2025-07-04 18:13:12,880: INFO/MainProcess] Task apps.gallery.tasks.populate_unsplash_images[c6e2fa0d-5550-4d0b-b7bc-317a86fbd515] received
[2025-07-04 18:13:13,075: INFO/MainProcess] Resuming normal operations following a restart.
Prefetch count has been restored to the maximum of 16
[2025-07-04 18:13:13,075: INFO/ForkPoolWorker-3] Fetching unsplash images to process
[2025-07-04 18:13:13,076: INFO/ForkPoolWorker-3] Starting Unsplash to gcs uploader job at 2025-07-04T18:13:13.076082
[2025-07-04 18:13:13,076: INFO/ForkPoolWorker-3] Using 6 search queries: nature, people, food, travel, architecture, animals
[2025-07-04 18:13:13,584: INFO/ForkPoolWorker-4] No audio files to process
[2025-07-04 18:13:13,680: INFO/MainProcess] Task apps.gallery.tasks.process_audio[69b7d350-665a-4d15-8978-8602052dac81] received
[2025-07-04 18:13:13,976: INFO/ForkPoolWorker-4] Task apps.gallery.tasks.process_audio[11e870a3-9d0a-4c4c-8f82-068bb6a7174b] succeeded in 2.4551383390007686s: None
[2025-07-04 18:13:13,977: INFO/ForkPoolWorker-4] Fetching audios to process
[2025-07-04 18:13:14,480: INFO/MainProcess] Task apps.gallery.tasks.populate_unsplash_images[93bad65c-5166-4bca-bfcf-6a383185e7d4] received
[2025-07-04 18:13:15,380: INFO/MainProcess] Task apps.gallery.tasks.process_audio[1c6c48d9-7039-4f0c-ad38-be20a37e8ba0] received
[2025-07-04 18:13:15,980: INFO/MainProcess] Task apps.gallery.tasks.populate_unsplash_images[5e78d895-a00a-4d95-beae-1c4fdb7694e5] received
[2025-07-04 18:13:16,180: INFO/ForkPoolWorker-4] No audio files to process
[2025-07-04 18:13:16,778: INFO/ForkPoolWorker-4] Task apps.gallery.tasks.process_audio[7fec58e9-f96a-47db-88e4-526e67384b91] succeeded in 2.801598197000203s: None
[2025-07-04 18:13:16,779: INFO/ForkPoolWorker-4] Fetching audios to process
[2025-07-04 18:13:16,980: INFO/MainProcess] Task apps.gallery.tasks.process_audio[2243c101-3c6e-418c-84c1-e183835d216a] received
[2025-07-04 18:13:17,583: INFO/MainProcess] Task apps.gallery.tasks.populate_unsplash_images[db59a8f2-e4cd-483b-8c01-d9b5304811f9] received
[2025-07-04 18:13:18,579: ERROR/MainProcess] Received unregistered task of type 'apps.gallery.tasks.generate_metadata'.
The message has been ignored and discarded.

Did you remember to import the module containing this task?
Or maybe you're using relative imports?

Please see
https://docs.celeryq.dev/en/latest/internals/protocol.html
for more information.

The full contents of the message body was:
b'[[], {}, {"callbacks": null, "errbacks": null, "chain": null, "chord": null}]' (77b)

The full contents of the message headers:
{'lang': 'py', 'task': 'apps.gallery.tasks.generate_metadata', 'id': '4b9f4ede-78f1-43d7-b3f3-872063f11cdb', 'shadow': None, 'eta': None, 'expires': None, 'group': None, 'group_index': None, 'retries': 0, 'timelimit': [None, None], 'root_id': '4b9f4ede-78f1-43d7-b3f3-872063f11cdb', 'parent_id': None, 'argsrepr': '()', 'kwargsrepr': '{}', 'origin': 'gen7@63f692d7cb61', 'ignore_result': False, 'stamped_headers': None, 'stamps': {}}

The delivery info for this task is:
{'exchange': '', 'routing_key': 'celery'}
Traceback (most recent call last):
  File "/usr/local/lib/python3.12/site-packages/celery/worker/consumer/consumer.py", line 642, in on_task_received
    strategy = strategies[type_]
               ~~~~~~~~~~^^^^^^^
KeyError: 'apps.gallery.tasks.generate_metadata'
[2025-07-04 18:13:18,876: INFO/ForkPoolWorker-4] No audio files to process
[2025-07-04 18:13:19,479: INFO/ForkPoolWorker-4] Task apps.gallery.tasks.process_audio[69b7d350-665a-4d15-8978-8602052dac81] succeeded in 2.6997466559987515s: None
[2025-07-04 18:13:19,480: INFO/ForkPoolWorker-4] Fetching unsplash images to process
[2025-07-04 18:13:19,480: INFO/ForkPoolWorker-4] Starting Unsplash to gcs uploader job at 2025-07-04T18:13:19.480717
[2025-07-04 18:13:19,480: INFO/ForkPoolWorker-4] Using 6 search queries: nature, people, food, travel, architecture, animals
[2025-07-04 18:13:38,030: WARNING/MainProcess] consumer: Connection to broker lost. Trying to re-establish the connection...
Traceback (most recent call last):
  File "/usr/local/lib/python3.12/site-packages/celery/worker/consumer/consumer.py", line 642, in on_task_received
    strategy = strategies[type_]
               ~~~~~~~~~~^^^^^^^
KeyError: 'apps.gallery.tasks.generate_metadata'

During handling of the above exception, another exception occurred:

Traceback (most recent call last):
  File "/usr/local/lib/python3.12/site-packages/celery/worker/consumer/consumer.py", line 336, in start
    blueprint.start(self)
  File "/usr/local/lib/python3.12/site-packages/celery/bootsteps.py", line 116, in start
    step.start(parent)
  File "/usr/local/lib/python3.12/site-packages/celery/worker/consumer/consumer.py", line 726, in start
    c.loop(*c.loop_args())
  File "/usr/local/lib/python3.12/site-packages/celery/worker/loops.py", line 97, in asynloop
    next(loop)
  File "/usr/local/lib/python3.12/site-packages/kombu/asynchronous/hub.py", line 373, in create_loop
    cb(*cbargs)
  File "/usr/local/lib/python3.12/site-packages/kombu/transport/redis.py", line 1359, in on_readable
    self.cycle.on_readable(fileno)
  File "/usr/local/lib/python3.12/site-packages/kombu/transport/redis.py", line 576, in on_readable
    chan.handlers[type]()
  File "/usr/local/lib/python3.12/site-packages/kombu/transport/redis.py", line 986, in _brpop_read
    self.connection._deliver(loads(bytes_to_str(item)), dest)
  File "/usr/local/lib/python3.12/site-packages/kombu/transport/virtual/base.py", line 1017, in _deliver
    callback(message)
  File "/usr/local/lib/python3.12/site-packages/kombu/transport/virtual/base.py", line 639, in _callback
    return callback(message)
           ^^^^^^^^^^^^^^^^^
  File "/usr/local/lib/python3.12/site-packages/kombu/messaging.py", line 668, in _receive_callback
    return on_m(message) if on_m else self.receive(decoded, message)
           ^^^^^^^^^^^^^
  File "/usr/local/lib/python3.12/site-packages/celery/worker/consumer/consumer.py", line 644, in on_task_received
    return on_unknown_task(None, message, exc)
           ^^^^^^^^^^^^^^^^^^^^^^^^^^^^^^^^^^^
  File "/usr/local/lib/python3.12/site-packages/celery/worker/consumer/consumer.py", line 591, in on_unknown_task
    self.app.backend.mark_as_failure(
  File "/usr/local/lib/python3.12/site-packages/celery/backends/base.py", line 167, in mark_as_failure
    self.store_result(task_id, exc, state,
  File "/usr/local/lib/python3.12/site-packages/celery/backends/base.py", line 526, in store_result
    self._store_result(task_id, result, state, traceback,
  File "/usr/local/lib/python3.12/site-packages/celery/backends/base.py", line 973, in _store_result
    current_meta = self._get_task_meta_for(task_id)
                   ^^^^^^^^^^^^^^^^^^^^^^^^^^^^^^^^
  File "/usr/local/lib/python3.12/site-packages/celery/backends/base.py", line 995, in _get_task_meta_for
    meta = self.get(self.get_key_for_task(task_id))
           ^^^^^^^^^^^^^^^^^^^^^^^^^^^^^^^^^^^^^^^^
  File "/usr/local/lib/python3.12/site-packages/celery/backends/redis.py", line 376, in get
    return self.client.get(key)
           ^^^^^^^^^^^^^^^^^^^^
  File "/usr/local/lib/python3.12/site-packages/redis/commands/core.py", line 1822, in get
    return self.execute_command("GET", name, keys=[name])
           ^^^^^^^^^^^^^^^^^^^^^^^^^^^^^^^^^^^^^^^^^^^^^^
  File "/usr/local/lib/python3.12/site-packages/redis/client.py", line 559, in execute_command
    return self._execute_command(*args, **options)
           ^^^^^^^^^^^^^^^^^^^^^^^^^^^^^^^^^^^^^^^
  File "/usr/local/lib/python3.12/site-packages/redis/client.py", line 567, in _execute_command
    return conn.retry.call_with_retry(
           ^^^^^^^^^^^^^^^^^^^^^^^^^^^
  File "/usr/local/lib/python3.12/site-packages/redis/retry.py", line 65, in call_with_retry
    fail(error)
  File "/usr/local/lib/python3.12/site-packages/redis/client.py", line 571, in <lambda>
    lambda error: self._disconnect_raise(conn, error),
                  ^^^^^^^^^^^^^^^^^^^^^^^^^^^^^^^^^^^
  File "/usr/local/lib/python3.12/site-packages/redis/client.py", line 555, in _disconnect_raise
    raise error
  File "/usr/local/lib/python3.12/site-packages/redis/retry.py", line 62, in call_with_retry
    return do()
           ^^^^
  File "/usr/local/lib/python3.12/site-packages/redis/client.py", line 568, in <lambda>
    lambda: self._send_command_parse_response(
            ^^^^^^^^^^^^^^^^^^^^^^^^^^^^^^^^^^
  File "/usr/local/lib/python3.12/site-packages/redis/client.py", line 542, in _send_command_parse_response
    return self.parse_response(conn, command_name, **options)
           ^^^^^^^^^^^^^^^^^^^^^^^^^^^^^^^^^^^^^^^^^^^^^^^^^^
  File "/usr/local/lib/python3.12/site-packages/redis/client.py", line 584, in parse_response
    response = connection.read_response()
               ^^^^^^^^^^^^^^^^^^^^^^^^^^
  File "/usr/local/lib/python3.12/site-packages/redis/connection.py", line 592, in read_response
    response = self._parser.read_response(disable_decoding=disable_decoding)
               ^^^^^^^^^^^^^^^^^^^^^^^^^^^^^^^^^^^^^^^^^^^^^^^^^^^^^^^^^^^^^
  File "/usr/local/lib/python3.12/site-packages/redis/_parsers/resp2.py", line 15, in read_response
    result = self._read_response(disable_decoding=disable_decoding)
             ^^^^^^^^^^^^^^^^^^^^^^^^^^^^^^^^^^^^^^^^^^^^^^^^^^^^^^
  File "/usr/local/lib/python3.12/site-packages/redis/_parsers/resp2.py", line 25, in _read_response
    raw = self._buffer.readline()
          ^^^^^^^^^^^^^^^^^^^^^^^
  File "/usr/local/lib/python3.12/site-packages/redis/_parsers/socket.py", line 115, in readline
    self._read_from_socket()
  File "/usr/local/lib/python3.12/site-packages/redis/_parsers/socket.py", line 68, in _read_from_socket
    raise ConnectionError(SERVER_CLOSED_CONNECTION_ERROR)
redis.exceptions.ConnectionError: Connection closed by server.
[2025-07-04 18:13:38,041: WARNING/MainProcess] Restoring 5 unacknowledged message(s)
[2025-07-04 18:13:46,089: WARNING/MainProcess] /usr/local/lib/python3.12/site-packages/celery/worker/consumer/consumer.py:386: CPendingDeprecationWarning: 
In Celery 5.1 we introduced an optional breaking change which
on connection loss cancels all currently executed tasks with late acknowledgement enabled.
These tasks cannot be acknowledged as the connection is gone, and the tasks are automatically redelivered
back to the queue. You can enable this behavior using the worker_cancel_long_running_tasks_on_connection_loss
setting. In Celery 5.1 it is set to False by default. The setting will be set to True by default in Celery 6.0.

  warnings.warn(CANCEL_TASKS_BY_DEFAULT, CPendingDeprecationWarning)

[2025-07-04 18:13:46,090: INFO/MainProcess] Temporarily reducing the prefetch count to 4 to avoid over-fetching since 16 tasks are currently being processed.
The prefetch count will be gradually restored to 16 as the tasks complete processing.
[2025-07-04 18:13:48,982: INFO/MainProcess] Connected to redis://default:**@168.231.112.236:6379//
[2025-07-04 18:13:51,289: INFO/MainProcess] mingle: searching for neighbors
[2025-07-04 18:13:54,492: INFO/MainProcess] mingle: sync with 1 nodes
[2025-07-04 18:13:54,493: INFO/MainProcess] mingle: sync complete
[2025-07-04 18:14:00,484: INFO/MainProcess] Task apps.gallery.tasks.process_audio[2243c101-3c6e-418c-84c1-e183835d216a] received
[2025-07-04 18:14:01,385: INFO/MainProcess] Task apps.gallery.tasks.process_audio[1c6c48d9-7039-4f0c-ad38-be20a37e8ba0] received
[2025-07-04 18:14:01,982: INFO/MainProcess] Task apps.gallery.tasks.populate_unsplash_images[93bad65c-5166-4bca-bfcf-6a383185e7d4] received
[2025-07-04 18:14:02,982: INFO/MainProcess] Task apps.gallery.tasks.process_audio[3047d51e-683f-4ba3-b672-e7538761738a] received
[2025-07-04 18:14:03,289: INFO/ForkPoolWorker-1] Fetching audios to process
[2025-07-04 18:14:03,681: INFO/MainProcess] missed heartbeat from celery@838e3ebc3f56
[2025-07-04 18:14:04,082: INFO/MainProcess] Task apps.gallery.tasks.populate_unsplash_images[87696297-bfb5-40ea-a02e-00a5bca47ef5] received
[2025-07-04 18:14:04,884: INFO/MainProcess] Task apps.gallery.tasks.process_audio[b47bf850-e852-45a3-9ce0-1b97bdd60f9f] received
[2025-07-04 18:14:05,279: INFO/ForkPoolWorker-1] No audio files to process
[2025-07-04 18:14:05,484: INFO/MainProcess] Task apps.gallery.tasks.populate_unsplash_images[67cfdae9-e79b-497b-af38-e369a033a1de] received
[2025-07-04 18:14:06,081: INFO/MainProcess] Task apps.gallery.tasks.process_audio[1a7c01cc-67d4-4b8d-a163-b4a03ff95f6f] received
[2025-07-04 18:14:06,683: INFO/MainProcess] Task apps.gallery.tasks.populate_unsplash_images[4d3fa069-f5f0-4c3d-8830-c99adc9e934d] received
[2025-07-04 18:14:06,790: INFO/ForkPoolWorker-1] Task apps.gallery.tasks.process_audio[3047d51e-683f-4ba3-b672-e7538761738a] succeeded in 3.537941218999549s: None
[2025-07-04 18:14:07,302: INFO/ForkPoolWorker-1] Fetching unsplash images to process
[2025-07-04 18:14:07,305: INFO/ForkPoolWorker-1] Starting Unsplash to gcs uploader job at 2025-07-04T18:14:07.303630
[2025-07-04 18:14:07,307: INFO/ForkPoolWorker-1] Using 6 search queries: nature, people, food, travel, architecture, animals
[2025-07-04 18:14:08,183: INFO/MainProcess] Task apps.gallery.tasks.process_audio[247cc4cc-659b-4d8c-a474-45136a25e7d7] received
[2025-07-04 18:14:08,883: INFO/MainProcess] Task apps.gallery.tasks.populate_unsplash_images[8eeb0c17-39ad-43de-b1b6-533401345a25] received
[2025-07-04 18:14:09,685: INFO/MainProcess] Task apps.gallery.tasks.process_audio[02e72bc8-6b80-4092-96cb-a36cf828473b] received
[2025-07-04 18:14:10,283: INFO/MainProcess] Task apps.gallery.tasks.populate_unsplash_images[936b6969-ab3c-4d34-a546-7a8839ace813] received
[2025-07-04 18:14:10,889: INFO/MainProcess] Task apps.gallery.tasks.process_audio[ae47cec9-9fb2-41a4-b4ad-5335e4b26fd0] received
[2025-07-04 18:15:19,279: INFO/ForkPoolWorker-3] Task apps.gallery.tasks.populate_unsplash_images[c6e2fa0d-5550-4d0b-b7bc-317a86fbd515] succeeded in 126.20984854800008s: None
[2025-07-04 18:15:19,282: INFO/ForkPoolWorker-3] Fetching unsplash images to process
[2025-07-04 18:15:19,282: INFO/MainProcess] Resuming normal operations following a restart.
Prefetch count has been restored to the maximum of 16
[2025-07-04 18:15:19,282: INFO/ForkPoolWorker-3] Starting Unsplash to gcs uploader job at 2025-07-04T18:15:19.282421
[2025-07-04 18:15:19,282: INFO/ForkPoolWorker-3] Using 6 search queries: nature, people, food, travel, architecture, animals
[2025-07-04 18:15:19,686: INFO/ForkPoolWorker-2] Task apps.gallery.tasks.populate_unsplash_images[ba8cd99a-9b31-40e2-b83b-cb2fc59954fe] succeeded in 128.51511238999956s: None
[2025-07-04 18:15:19,688: INFO/ForkPoolWorker-2] Fetching audios to process
[2025-07-04 18:15:21,480: INFO/ForkPoolWorker-2] No audio files to process
[2025-07-04 18:15:21,981: INFO/ForkPoolWorker-2] Task apps.gallery.tasks.process_audio[1c6c48d9-7039-4f0c-ad38-be20a37e8ba0] succeeded in 2.292827760000364s: None
[2025-07-04 18:15:22,024: INFO/MainProcess] Task apps.gallery.tasks.populate_unsplash_images[4f5b15bb-f248-448c-9d4b-76db8e4fc116] received
[2025-07-04 18:15:22,782: ERROR/MainProcess] Received unregistered task of type 'apps.gallery.tasks.generate_metadata'.
The message has been ignored and discarded.

Did you remember to import the module containing this task?
Or maybe you're using relative imports?

Please see
https://docs.celeryq.dev/en/latest/internals/protocol.html
for more information.

The full contents of the message body was:
b'[[], {}, {"callbacks": null, "errbacks": null, "chain": null, "chord": null}]' (77b)

The full contents of the message headers:
{'lang': 'py', 'task': 'apps.gallery.tasks.generate_metadata', 'id': '12ed3ec4-0bfe-46ab-a5c3-b7a0a63011bc', 'shadow': None, 'eta': None, 'expires': None, 'group': None, 'group_index': None, 'retries': 0, 'timelimit': [None, None], 'root_id': '12ed3ec4-0bfe-46ab-a5c3-b7a0a63011bc', 'parent_id': None, 'argsrepr': '()', 'kwargsrepr': '{}', 'origin': 'gen7@63f692d7cb61', 'ignore_result': False, 'stamped_headers': None, 'stamps': {}}

The delivery info for this task is:
{'exchange': '', 'routing_key': 'celery'}
Traceback (most recent call last):
  File "/usr/local/lib/python3.12/site-packages/celery/worker/consumer/consumer.py", line 642, in on_task_received
    strategy = strategies[type_]
               ~~~~~~~~~~^^^^^^^
KeyError: 'apps.gallery.tasks.generate_metadata'
[2025-07-04 18:15:24,374: INFO/ForkPoolWorker-2] Fetching audios to process
[2025-07-04 18:15:25,875: INFO/ForkPoolWorker-4] Task apps.gallery.tasks.populate_unsplash_images[93bad65c-5166-4bca-bfcf-6a383185e7d4] succeeded in 126.40071695799998s: None
[2025-07-04 18:15:25,877: INFO/ForkPoolWorker-4] Fetching audios to process
[2025-07-04 18:15:25,885: INFO/MainProcess] Task apps.gallery.tasks.process_audio[870f2066-734e-4211-9cd2-d2f0a53cd4aa] received
[2025-07-04 18:15:26,076: INFO/ForkPoolWorker-2] No audio files to process
[2025-07-04 18:15:26,685: INFO/ForkPoolWorker-2] Task apps.gallery.tasks.process_audio[b47bf850-e852-45a3-9ce0-1b97bdd60f9f] succeeded in 2.3121377480001684s: None
[2025-07-04 18:15:27,282: INFO/MainProcess] Task apps.gallery.tasks.populate_unsplash_images[3ed6e6cc-3cc4-465f-828c-376ede785b65] received
[2025-07-04 18:15:27,982: INFO/ForkPoolWorker-4] No audio files to process
[2025-07-04 18:15:27,982: INFO/MainProcess] Task apps.gallery.tasks.process_audio[aec6e941-0b55-4e11-8046-150b8ad381d6] received
[2025-07-04 18:15:28,475: INFO/ForkPoolWorker-4] Task apps.gallery.tasks.process_audio[2243c101-3c6e-418c-84c1-e183835d216a] succeeded in 2.5976117930003966s: None
[2025-07-04 18:15:28,476: INFO/ForkPoolWorker-4] Fetching unsplash images to process
[2025-07-04 18:15:28,476: INFO/ForkPoolWorker-4] Starting Unsplash to gcs uploader job at 2025-07-04T18:15:28.476607
[2025-07-04 18:15:28,476: INFO/ForkPoolWorker-4] Using 6 search queries: nature, people, food, travel, architecture, animals
[2025-07-04 18:15:28,780: INFO/MainProcess] Task apps.gallery.tasks.populate_unsplash_images[170b8432-a3c9-4de9-9eb1-a162368d8809] received
[2025-07-04 18:15:29,581: INFO/MainProcess] Task apps.gallery.tasks.populate_unsplash_images[c01c94c3-62b4-4888-847a-873f66bd666e] received
[2025-07-04 18:15:30,481: INFO/MainProcess] Task apps.gallery.tasks.populate_unsplash_images[f599103d-8579-4856-82cc-5dd6546fee29] received
[2025-07-04 18:15:31,084: INFO/MainProcess] Task apps.gallery.tasks.process_audio[25ca7ac9-11d8-4eda-9599-1e83c30d9b56] received
[2025-07-04 18:15:32,081: INFO/MainProcess] Task apps.gallery.tasks.populate_unsplash_images[73aee0b5-3e51-4a79-a63d-5928cb10d49d] received
[2025-07-04 18:16:14,382: INFO/ForkPoolWorker-1] Task apps.gallery.tasks.populate_unsplash_images[87696297-bfb5-40ea-a02e-00a5bca47ef5] succeeded in 127.09570058899953s: None
[2025-07-04 18:16:14,587: INFO/ForkPoolWorker-2] Fetching unsplash images to process
[2025-07-04 18:16:14,587: INFO/ForkPoolWorker-2] Starting Unsplash to gcs uploader job at 2025-07-04T18:16:14.587644
[2025-07-04 18:16:14,587: INFO/ForkPoolWorker-2] Using 6 search queries: nature, people, food, travel, architecture, animals
[2025-07-04 18:16:15,885: INFO/MainProcess] Task apps.gallery.tasks.populate_unsplash_images[3cdc2a45-57f1-4a1f-8533-2a2ad509e34b] received
[2025-07-04 18:17:17,798: INFO/ForkPoolWorker-3] Task apps.gallery.tasks.populate_unsplash_images[93bad65c-5166-4bca-bfcf-6a383185e7d4] succeeded in 118.52201192900066s: None
[2025-07-04 18:17:18,109: INFO/ForkPoolWorker-3] Fetching audios to process
[2025-07-04 18:17:19,881: INFO/MainProcess] Task apps.gallery.tasks.process_audio[c92fcbb5-551e-4503-a49f-7b4d0cf8d5c5] received
[2025-07-04 18:17:20,483: INFO/ForkPoolWorker-3] No audio files to process
[2025-07-04 18:17:20,879: INFO/ForkPoolWorker-3] Task apps.gallery.tasks.process_audio[247cc4cc-659b-4d8c-a474-45136a25e7d7] succeeded in 2.7700522800005274s: None
[2025-07-04 18:17:21,087: INFO/ForkPoolWorker-3] Fetching unsplash images to process
[2025-07-04 18:17:21,087: INFO/ForkPoolWorker-3] Starting Unsplash to gcs uploader job at 2025-07-04T18:17:21.087509
[2025-07-04 18:17:21,087: INFO/ForkPoolWorker-3] Using 6 search queries: nature, people, food, travel, architecture, animals
[2025-07-04 18:17:21,880: INFO/MainProcess] Task apps.gallery.tasks.populate_unsplash_images[bc2d80e4-ce2c-449f-89e7-29df40b2369f] received
[2025-07-04 18:17:30,372: INFO/ForkPoolWorker-4] Task apps.gallery.tasks.populate_unsplash_images[67cfdae9-e79b-497b-af38-e369a033a1de] succeeded in 121.90180219000104s: None
[2025-07-04 18:17:30,374: INFO/ForkPoolWorker-4] Fetching audios to process
[2025-07-04 18:17:32,082: INFO/MainProcess] Task apps.gallery.tasks.process_audio[d8d4a1e4-47d9-45e5-8e5b-ef7c0881b20f] received
[2025-07-04 18:17:32,373: INFO/ForkPoolWorker-4] No audio files to process
[2025-07-04 18:17:32,772: INFO/ForkPoolWorker-4] Task apps.gallery.tasks.process_audio[1a7c01cc-67d4-4b8d-a163-b4a03ff95f6f] succeeded in 2.3986542130005546s: None
[2025-07-04 18:17:32,774: INFO/ForkPoolWorker-4] Fetching audios to process
[2025-07-04 18:17:33,779: INFO/MainProcess] Task apps.gallery.tasks.process_audio[b0ec08ba-11ee-4b6d-8018-1a50ec703d9d] received
[2025-07-04 18:17:34,873: INFO/ForkPoolWorker-4] No audio files to process
[2025-07-04 18:17:35,272: INFO/ForkPoolWorker-4] Task apps.gallery.tasks.process_audio[02e72bc8-6b80-4092-96cb-a36cf828473b] succeeded in 2.498866502000965s: None
[2025-07-04 18:17:35,274: INFO/ForkPoolWorker-4] Fetching unsplash images to process
[2025-07-04 18:17:35,274: INFO/ForkPoolWorker-4] Starting Unsplash to gcs uploader job at 2025-07-04T18:17:35.274931
[2025-07-04 18:17:35,275: INFO/ForkPoolWorker-4] Using 6 search queries: nature, people, food, travel, architecture, animals
[2025-07-04 18:17:36,280: INFO/MainProcess] Task apps.gallery.tasks.process_audio[c36359fe-8e80-4b30-a99f-458cfc1a2028] received
[2025-07-04 18:18:16,277: INFO/ForkPoolWorker-2] Task apps.gallery.tasks.populate_unsplash_images[4d3fa069-f5f0-4c3d-8830-c99adc9e934d] succeeded in 121.69496636400072s: None
[2025-07-04 18:18:16,585: INFO/ForkPoolWorker-2] Fetching unsplash images to process
[2025-07-04 18:18:16,586: INFO/ForkPoolWorker-2] Starting Unsplash to gcs uploader job at 2025-07-04T18:18:16.586028
[2025-07-04 18:18:16,586: INFO/ForkPoolWorker-2] Using 6 search queries: nature, people, food, travel, architecture, animals
[2025-07-04 18:18:18,178: INFO/MainProcess] Task apps.gallery.tasks.populate_unsplash_images[8a6f517c-5c50-440e-aa64-05692e354f6e] received
[2025-07-04 18:18:51,088: INFO/MainProcess] missed heartbeat from celery@838e3ebc3f56
[2025-07-04 18:19:22,476: INFO/ForkPoolWorker-3] Task apps.gallery.tasks.populate_unsplash_images[8eeb0c17-39ad-43de-b1b6-533401345a25] succeeded in 121.39429618299982s: None
[2025-07-04 18:19:22,686: INFO/ForkPoolWorker-3] Fetching audios to process
[2025-07-04 18:19:24,277: INFO/MainProcess] Task apps.gallery.tasks.process_audio[36fee470-93af-4236-98d8-aac20672a88e] received
[2025-07-04 18:19:24,770: INFO/ForkPoolWorker-3] No audio files to process
[2025-07-04 18:19:25,175: INFO/ForkPoolWorker-3] Task apps.gallery.tasks.process_audio[870f2066-734e-4211-9cd2-d2f0a53cd4aa] succeeded in 2.4891333049999957s: None
[2025-07-04 18:19:25,385: INFO/ForkPoolWorker-3] Fetching unsplash images to process
[2025-07-04 18:19:25,385: INFO/ForkPoolWorker-3] Starting Unsplash to gcs uploader job at 2025-07-04T18:19:25.385571
[2025-07-04 18:19:25,385: INFO/ForkPoolWorker-3] Using 6 search queries: nature, people, food, travel, architecture, animals
[2025-07-04 18:19:26,178: INFO/MainProcess] Task apps.gallery.tasks.populate_unsplash_images[ea89ac58-d6d1-4851-b773-39cb4b3e37f4] received
[2025-07-04 18:19:33,971: INFO/ForkPoolWorker-4] Task apps.gallery.tasks.populate_unsplash_images[936b6969-ab3c-4d34-a546-7a8839ace813] succeeded in 118.70227796600011s: None
[2025-07-04 18:19:33,972: INFO/ForkPoolWorker-4] Fetching audios to process
[2025-07-04 18:19:34,981: INFO/MainProcess] Task apps.gallery.tasks.process_audio[4217e113-9e0a-4961-b8ca-8cdb8cad5b28] received
[2025-07-04 18:19:36,584: INFO/ForkPoolWorker-4] No audio files to process
[2025-07-04 18:19:37,071: INFO/ForkPoolWorker-4] Task apps.gallery.tasks.process_audio[ae47cec9-9fb2-41a4-b4ad-5335e4b26fd0] succeeded in 3.09911726899918s: None
[2025-07-04 18:19:37,073: INFO/ForkPoolWorker-4] Fetching audios to process
[2025-07-04 18:19:38,077: INFO/MainProcess] Task apps.gallery.tasks.populate_unsplash_images[a864bf9f-5d3c-4d6a-bbf7-d60f3a0025ca] received
[2025-07-04 18:19:38,876: INFO/ForkPoolWorker-4] No audio files to process
[2025-07-04 18:19:39,270: INFO/ForkPoolWorker-4] Task apps.gallery.tasks.process_audio[aec6e941-0b55-4e11-8046-150b8ad381d6] succeeded in 2.197766107999996s: None
[2025-07-04 18:19:39,272: INFO/ForkPoolWorker-4] Fetching unsplash images to process
[2025-07-04 18:19:39,272: INFO/ForkPoolWorker-4] Starting Unsplash to gcs uploader job at 2025-07-04T18:19:39.272701
[2025-07-04 18:19:39,272: INFO/ForkPoolWorker-4] Using 6 search queries: nature, people, food, travel, architecture, animals
[2025-07-04 18:19:40,277: ERROR/MainProcess] Received unregistered task of type 'apps.gallery.tasks.generate_metadata'.
The message has been ignored and discarded.

Did you remember to import the module containing this task?
Or maybe you're using relative imports?

Please see
https://docs.celeryq.dev/en/latest/internals/protocol.html
for more information.

The full contents of the message body was:
b'[[], {}, {"callbacks": null, "errbacks": null, "chain": null, "chord": null}]' (77b)

The full contents of the message headers:
{'lang': 'py', 'task': 'apps.gallery.tasks.generate_metadata', 'id': '250af6a5-7c2f-46f7-9c30-beb32b01d7d1', 'shadow': None, 'eta': None, 'expires': None, 'group': None, 'group_index': None, 'retries': 0, 'timelimit': [None, None], 'root_id': '250af6a5-7c2f-46f7-9c30-beb32b01d7d1', 'parent_id': None, 'argsrepr': '()', 'kwargsrepr': '{}', 'origin': 'gen7@63f692d7cb61', 'ignore_result': False, 'stamped_headers': None, 'stamps': {}}

The delivery info for this task is:
{'exchange': '', 'routing_key': 'celery'}
Traceback (most recent call last):
  File "/usr/local/lib/python3.12/site-packages/celery/worker/consumer/consumer.py", line 642, in on_task_received
    strategy = strategies[type_]
               ~~~~~~~~~~^^^^^^^
KeyError: 'apps.gallery.tasks.generate_metadata'
[2025-07-04 18:19:41,878: INFO/MainProcess] Task apps.gallery.tasks.process_audio[ec90f794-3b18-4102-9fac-25aac1a1f648] received
[2025-07-04 18:20:14,575: INFO/ForkPoolWorker-2] Task apps.gallery.tasks.populate_unsplash_images[4f5b15bb-f248-448c-9d4b-76db8e4fc116] succeeded in 117.99505437500011s: None
[2025-07-04 18:20:14,985: INFO/ForkPoolWorker-2] Fetching unsplash images to process
[2025-07-04 18:20:14,985: INFO/ForkPoolWorker-2] Starting Unsplash to gcs uploader job at 2025-07-04T18:20:14.985382
[2025-07-04 18:20:14,985: INFO/ForkPoolWorker-2] Using 6 search queries: nature, people, food, travel, architecture, animals
[2025-07-04 18:20:16,676: INFO/MainProcess] Task apps.gallery.tasks.process_audio[78f68f85-2851-4dde-a0d9-3534ce840912] received
[2025-07-04 18:21:21,974: INFO/ForkPoolWorker-3] Task apps.gallery.tasks.populate_unsplash_images[3ed6e6cc-3cc4-465f-828c-376ede785b65] succeeded in 116.59577473699937s: None
[2025-07-04 18:21:22,184: INFO/ForkPoolWorker-3] Fetching audios to process
[2025-07-04 18:21:23,378: INFO/MainProcess] Task apps.gallery.tasks.process_audio[d507deb2-887d-40f8-b13c-e3dd2c6319f4] received
[2025-07-04 18:21:24,079: INFO/ForkPoolWorker-3] No audio files to process
[2025-07-04 18:21:24,474: INFO/ForkPoolWorker-3] Task apps.gallery.tasks.process_audio[25ca7ac9-11d8-4eda-9599-1e83c30d9b56] succeeded in 2.290141493998817s: None
[2025-07-04 18:21:24,685: INFO/ForkPoolWorker-3] Fetching unsplash images to process
[2025-07-04 18:21:24,685: INFO/ForkPoolWorker-3] Starting Unsplash to gcs uploader job at 2025-07-04T18:21:24.685278
[2025-07-04 18:21:24,685: INFO/ForkPoolWorker-3] Using 6 search queries: nature, people, food, travel, architecture, animals
[2025-07-04 18:21:25,473: INFO/MainProcess] Task apps.gallery.tasks.populate_unsplash_images[1ef44992-11bb-48e9-b883-28054e4e5fc7] received
[2025-07-04 18:21:38,069: INFO/ForkPoolWorker-4] Task apps.gallery.tasks.populate_unsplash_images[170b8432-a3c9-4de9-9eb1-a162368d8809] succeeded in 118.80367984199984s: None
[2025-07-04 18:21:38,070: INFO/ForkPoolWorker-4] Fetching unsplash images to process
[2025-07-04 18:21:38,071: INFO/ForkPoolWorker-4] Starting Unsplash to gcs uploader job at 2025-07-04T18:21:38.071161
[2025-07-04 18:21:38,071: INFO/ForkPoolWorker-4] Using 6 search queries: nature, people, food, travel, architecture, animals
[2025-07-04 18:21:39,176: INFO/MainProcess] Task apps.gallery.tasks.process_audio[0611ed9d-2ead-4c7b-bcdf-9c3081f8efb6] received
[2025-07-04 18:22:10,773: INFO/ForkPoolWorker-2] Task apps.gallery.tasks.populate_unsplash_images[f599103d-8579-4856-82cc-5dd6546fee29] succeeded in 115.79441188199962s: None
[2025-07-04 18:22:11,284: INFO/ForkPoolWorker-2] Fetching audios to process
[2025-07-04 18:22:12,673: ERROR/MainProcess] Received unregistered task of type 'apps.gallery.tasks.generate_metadata'.
The message has been ignored and discarded.

Did you remember to import the module containing this task?
Or maybe you're using relative imports?

Please see
https://docs.celeryq.dev/en/latest/internals/protocol.html
for more information.

The full contents of the message body was:
b'[[], {}, {"callbacks": null, "errbacks": null, "chain": null, "chord": null}]' (77b)

The full contents of the message headers:
{'lang': 'py', 'task': 'apps.gallery.tasks.generate_metadata', 'id': 'e28275c3-bb48-488d-a2cf-d71bb16bc4f1', 'shadow': None, 'eta': None, 'expires': None, 'group': None, 'group_index': None, 'retries': 0, 'timelimit': [None, None], 'root_id': 'e28275c3-bb48-488d-a2cf-d71bb16bc4f1', 'parent_id': None, 'argsrepr': '()', 'kwargsrepr': '{}', 'origin': 'gen7@63f692d7cb61', 'ignore_result': False, 'stamped_headers': None, 'stamps': {}}

The delivery info for this task is:
{'exchange': '', 'routing_key': 'celery'}
Traceback (most recent call last):
  File "/usr/local/lib/python3.12/site-packages/celery/worker/consumer/consumer.py", line 642, in on_task_received
    strategy = strategies[type_]
               ~~~~~~~~~~^^^^^^^
KeyError: 'apps.gallery.tasks.generate_metadata'
[2025-07-04 18:22:12,974: INFO/ForkPoolWorker-2] No audio files to process
[2025-07-04 18:22:13,374: INFO/ForkPoolWorker-2] Task apps.gallery.tasks.process_audio[c92fcbb5-551e-4503-a49f-7b4d0cf8d5c5] succeeded in 2.0894692960009706s: None
[2025-07-04 18:22:14,273: INFO/MainProcess] Task apps.gallery.tasks.process_audio[c947fb77-9daf-4b8a-9004-74b0705bb471] received
[2025-07-04 18:22:14,274: INFO/ForkPoolWorker-2] Fetching unsplash images to process
[2025-07-04 18:22:14,275: INFO/ForkPoolWorker-2] Starting Unsplash to gcs uploader job at 2025-07-04T18:22:14.275087
[2025-07-04 18:22:14,275: INFO/ForkPoolWorker-2] Using 6 search queries: nature, people, food, travel, architecture, animals
[2025-07-04 18:22:15,372: INFO/MainProcess] Task apps.gallery.tasks.populate_unsplash_images[28a0be44-6e10-4bb5-8005-fdfeff5ee760] received
[2025-07-04 18:23:20,469: INFO/ForkPoolWorker-3] Task apps.gallery.tasks.populate_unsplash_images[73aee0b5-3e51-4a79-a63d-5928cb10d49d] succeeded in 115.79311337500076s: None
[2025-07-04 18:23:20,981: INFO/ForkPoolWorker-3] Fetching audios to process
[2025-07-04 18:23:22,373: INFO/MainProcess] Task apps.gallery.tasks.populate_unsplash_images[f603b975-7164-4c8b-9fa1-bd37066b2d8c] received
[2025-07-04 18:23:22,973: INFO/ForkPoolWorker-3] No audio files to process
[2025-07-04 18:23:23,472: INFO/ForkPoolWorker-3] Task apps.gallery.tasks.process_audio[d8d4a1e4-47d9-45e5-8e5b-ef7c0881b20f] succeeded in 2.4909230659995956s: None
[2025-07-04 18:23:23,779: INFO/ForkPoolWorker-3] Fetching audios to process
[2025-07-04 18:23:24,573: INFO/MainProcess] Task apps.gallery.tasks.process_audio[5473fe20-c6bb-4b07-8326-39cf5f11520c] received
[2025-07-04 18:23:26,173: INFO/ForkPoolWorker-3] No audio files to process
[2025-07-04 18:23:26,571: INFO/ForkPoolWorker-3] Task apps.gallery.tasks.process_audio[b0ec08ba-11ee-4b6d-8018-1a50ec703d9d] succeeded in 2.7919297459993686s: None
[2025-07-04 18:23:26,781: INFO/ForkPoolWorker-3] Fetching audios to process
[2025-07-04 18:23:27,576: INFO/MainProcess] Task apps.gallery.tasks.populate_unsplash_images[df26def0-cc4d-4fe8-8aba-cc7496dc88de] received
[2025-07-04 18:23:29,276: INFO/ForkPoolWorker-3] No audio files to process
[2025-07-04 18:23:29,771: INFO/ForkPoolWorker-3] Task apps.gallery.tasks.process_audio[c36359fe-8e80-4b30-a99f-458cfc1a2028] succeeded in 2.989842402999784s: None
[2025-07-04 18:23:29,982: INFO/ForkPoolWorker-3] Fetching unsplash images to process
[2025-07-04 18:23:29,983: INFO/ForkPoolWorker-3] Starting Unsplash to gcs uploader job at 2025-07-04T18:23:29.983208
[2025-07-04 18:23:29,983: INFO/ForkPoolWorker-3] Using 6 search queries: nature, people, food, travel, architecture, animals
[2025-07-04 18:23:30,973: INFO/MainProcess] Task apps.gallery.tasks.process_audio[82ce0d5e-be65-43c7-a124-6fd86b418f43] received
[2025-07-04 18:23:38,667: INFO/ForkPoolWorker-4] Task apps.gallery.tasks.populate_unsplash_images[c01c94c3-62b4-4888-847a-873f66bd666e] succeeded in 120.60478516100011s: None
[2025-07-04 18:23:38,669: INFO/ForkPoolWorker-4] Fetching unsplash images to process
[2025-07-04 18:23:38,669: INFO/ForkPoolWorker-4] Starting Unsplash to gcs uploader job at 2025-07-04T18:23:38.669269
[2025-07-04 18:23:38,669: INFO/ForkPoolWorker-4] Using 6 search queries: nature, people, food, travel, architecture, animals
[2025-07-04 18:23:39,877: INFO/MainProcess] Task apps.gallery.tasks.populate_unsplash_images[28612e86-4dac-4c6e-b4c0-c48b1fbe2d8f] received
[2025-07-04 18:24:12,774: INFO/ForkPoolWorker-2] Task apps.gallery.tasks.populate_unsplash_images[bc2d80e4-ce2c-449f-89e7-29df40b2369f] succeeded in 118.50573064200034s: None
[2025-07-04 18:24:13,181: INFO/ForkPoolWorker-2] Fetching unsplash images to process
[2025-07-04 18:24:13,181: INFO/ForkPoolWorker-2] Starting Unsplash to gcs uploader job at 2025-07-04T18:24:13.181786
[2025-07-04 18:24:13,181: INFO/ForkPoolWorker-2] Using 6 search queries: nature, people, food, travel, architecture, animals
[2025-07-04 18:24:14,571: INFO/MainProcess] Task apps.gallery.tasks.process_audio[895a9f2f-b05e-4409-bc15-19dd46a4743c] received
[2025-07-04 18:25:04,286: INFO/MainProcess] missed heartbeat from celery@838e3ebc3f56
[2025-07-04 18:25:30,369: INFO/ForkPoolWorker-3] Task apps.gallery.tasks.populate_unsplash_images[8a6f517c-5c50-440e-aa64-05692e354f6e] succeeded in 120.39508590200057s: None
[2025-07-04 18:25:30,578: INFO/ForkPoolWorker-3] Fetching audios to process
[2025-07-04 18:25:31,968: INFO/MainProcess] Task apps.gallery.tasks.process_audio[bd9b8b67-7534-4b37-9f92-ffce54e9d68e] received
[2025-07-04 18:25:32,470: INFO/ForkPoolWorker-3] No audio files to process
[2025-07-04 18:25:32,869: INFO/ForkPoolWorker-3] Task apps.gallery.tasks.process_audio[4217e113-9e0a-4961-b8ca-8cdb8cad5b28] succeeded in 2.2915381389993854s: None
[2025-07-04 18:25:33,077: INFO/ForkPoolWorker-3] Fetching unsplash images to process
[2025-07-04 18:25:33,077: INFO/ForkPoolWorker-3] Starting Unsplash to gcs uploader job at 2025-07-04T18:25:33.077800
[2025-07-04 18:25:33,077: INFO/ForkPoolWorker-3] Using 6 search queries: nature, people, food, travel, architecture, animals
[2025-07-04 18:25:34,371: INFO/MainProcess] Task apps.gallery.tasks.populate_unsplash_images[efaa71ae-9703-4ed2-85ce-554d3201bf71] received
[2025-07-04 18:25:41,069: INFO/ForkPoolWorker-4] Task apps.gallery.tasks.populate_unsplash_images[3cdc2a45-57f1-4a1f-8533-2a2ad509e34b] succeeded in 122.40882911500012s: None
[2025-07-04 18:25:41,070: INFO/ForkPoolWorker-4] Fetching audios to process
[2025-07-04 18:25:42,069: INFO/MainProcess] Task apps.gallery.tasks.process_audio[5f38a74b-ace0-426a-86aa-b6029a526d23] received
[2025-07-04 18:25:43,563: INFO/ForkPoolWorker-4] No audio files to process
[2025-07-04 18:25:43,966: INFO/ForkPoolWorker-4] Task apps.gallery.tasks.process_audio[36fee470-93af-4236-98d8-aac20672a88e] succeeded in 2.8967635160006466s: None
[2025-07-04 18:25:43,968: INFO/ForkPoolWorker-4] Fetching audios to process
[2025-07-04 18:25:45,071: INFO/MainProcess] Task apps.gallery.tasks.populate_unsplash_images[e101c126-a820-4603-a29b-d0472162848b] received
[2025-07-04 18:25:46,166: INFO/ForkPoolWorker-4] No audio files to process
[2025-07-04 18:25:46,563: INFO/ForkPoolWorker-4] Task apps.gallery.tasks.process_audio[ec90f794-3b18-4102-9fac-25aac1a1f648] succeeded in 2.5963467319998017s: None
[2025-07-04 18:25:46,564: INFO/ForkPoolWorker-4] Fetching audios to process
[2025-07-04 18:25:47,970: INFO/MainProcess] Task apps.gallery.tasks.process_audio[c47f8964-49fa-42b3-9dc2-9e17c1590ab2] received
[2025-07-04 18:25:48,577: INFO/ForkPoolWorker-4] No audio files to process
[2025-07-04 18:25:48,962: INFO/ForkPoolWorker-4] Task apps.gallery.tasks.process_audio[78f68f85-2851-4dde-a0d9-3534ce840912] succeeded in 2.397916642999917s: None
[2025-07-04 18:25:48,963: INFO/ForkPoolWorker-4] Fetching audios to process
[2025-07-04 18:25:49,970: INFO/MainProcess] Task apps.gallery.tasks.populate_unsplash_images[c7204f0f-fe9d-40de-8535-251b65523483] received
[2025-07-04 18:25:51,064: INFO/ForkPoolWorker-4] No audio files to process
[2025-07-04 18:25:51,463: INFO/ForkPoolWorker-4] Task apps.gallery.tasks.process_audio[d507deb2-887d-40f8-b13c-e3dd2c6319f4] succeeded in 2.499576951999188s: None
[2025-07-04 18:25:51,465: INFO/ForkPoolWorker-4] Fetching unsplash images to process
[2025-07-04 18:25:51,465: INFO/ForkPoolWorker-4] Starting Unsplash to gcs uploader job at 2025-07-04T18:25:51.465312
[2025-07-04 18:25:51,465: INFO/ForkPoolWorker-4] Using 6 search queries: nature, people, food, travel, architecture, animals
[2025-07-04 18:25:52,769: INFO/MainProcess] Task apps.gallery.tasks.process_audio[994b189b-2026-442f-aee5-dc19ebdab00e] received
[2025-07-04 18:26:15,267: INFO/ForkPoolWorker-2] Task apps.gallery.tasks.populate_unsplash_images[ea89ac58-d6d1-4851-b773-39cb4b3e37f4] succeeded in 122.09699779000039s: None
[2025-07-04 18:26:15,476: INFO/ForkPoolWorker-2] Fetching audios to process
[2025-07-04 18:26:16,468: INFO/MainProcess] Task apps.gallery.tasks.process_audio[56451763-447f-4af3-8bc5-4d309bfc967e] received
[2025-07-04 18:26:17,170: INFO/ForkPoolWorker-2] No audio files to process
[2025-07-04 18:26:17,768: INFO/ForkPoolWorker-2] Task apps.gallery.tasks.process_audio[c947fb77-9daf-4b8a-9004-74b0705bb471] succeeded in 2.292598399999406s: None
[2025-07-04 18:26:17,975: INFO/ForkPoolWorker-2] Fetching unsplash images to process
[2025-07-04 18:26:17,975: INFO/ForkPoolWorker-2] Starting Unsplash to gcs uploader job at 2025-07-04T18:26:17.975953
[2025-07-04 18:26:17,976: INFO/ForkPoolWorker-2] Using 6 search queries: nature, people, food, travel, architecture, animals
[2025-07-04 18:26:18,970: INFO/MainProcess] Task apps.gallery.tasks.populate_unsplash_images[f49f2c78-7b34-4b2a-a1cb-94970a5dffd8] received
[2025-07-04 18:27:38,976: INFO/ForkPoolWorker-3] Task apps.gallery.tasks.populate_unsplash_images[a864bf9f-5d3c-4d6a-bbf7-d60f3a0025ca] succeeded in 125.90650521499992s: None
[2025-07-04 18:27:39,176: INFO/ForkPoolWorker-3] Fetching unsplash images to process
[2025-07-04 18:27:39,176: INFO/ForkPoolWorker-3] Starting Unsplash to gcs uploader job at 2025-07-04T18:27:39.176742
[2025-07-04 18:27:39,176: INFO/ForkPoolWorker-3] Using 6 search queries: nature, people, food, travel, architecture, animals
[2025-07-04 18:27:40,368: INFO/MainProcess] Task apps.gallery.tasks.populate_unsplash_images[c55307ae-7f48-43b0-9cb1-7d3efa78e3eb] received
[2025-07-04 18:27:55,660: INFO/ForkPoolWorker-4] Task apps.gallery.tasks.populate_unsplash_images[1ef44992-11bb-48e9-b883-28054e4e5fc7] succeeded in 124.203822260999s: None
[2025-07-04 18:27:55,661: INFO/ForkPoolWorker-4] Fetching audios to process
[2025-07-04 18:27:56,766: INFO/MainProcess] Task apps.gallery.tasks.process_audio[c025b720-7a38-404c-8236-942155a42064] received
[2025-07-04 18:27:57,464: INFO/ForkPoolWorker-4] No audio files to process
[2025-07-04 18:27:57,861: INFO/ForkPoolWorker-4] Task apps.gallery.tasks.process_audio[0611ed9d-2ead-4c7b-bcdf-9c3081f8efb6] succeeded in 2.199823345999903s: None
[2025-07-04 18:27:57,862: INFO/ForkPoolWorker-4] Fetching audios to process
[2025-07-04 18:27:58,968: INFO/MainProcess] Task apps.gallery.tasks.populate_unsplash_images[11d73e8a-c2fb-4f31-bc21-8566d28ff899] received
[2025-07-04 18:27:59,960: INFO/ForkPoolWorker-4] No audio files to process
[2025-07-04 18:28:00,762: INFO/ForkPoolWorker-4] Task apps.gallery.tasks.process_audio[5473fe20-c6bb-4b07-8326-39cf5f11520c] succeeded in 2.8995634200000495s: None
[2025-07-04 18:28:00,763: INFO/ForkPoolWorker-4] Fetching unsplash images to process
[2025-07-04 18:28:00,763: INFO/ForkPoolWorker-4] Starting Unsplash to gcs uploader job at 2025-07-04T18:28:00.763920
[2025-07-04 18:28:00,764: INFO/ForkPoolWorker-4] Using 6 search queries: nature, people, food, travel, architecture, animals
[2025-07-04 18:28:02,269: INFO/MainProcess] Task apps.gallery.tasks.populate_unsplash_images[06894dc0-6a77-498e-bbd3-e4719b02007f] received
[2025-07-04 18:28:18,867: INFO/ForkPoolWorker-2] Task apps.gallery.tasks.populate_unsplash_images[28a0be44-6e10-4bb5-8005-fdfeff5ee760] succeeded in 120.8999893880009s: None
[2025-07-04 18:28:19,074: INFO/ForkPoolWorker-2] Fetching unsplash images to process
[2025-07-04 18:28:19,074: INFO/ForkPoolWorker-2] Starting Unsplash to gcs uploader job at 2025-07-04T18:28:19.074595
[2025-07-04 18:28:19,074: INFO/ForkPoolWorker-2] Using 6 search queries: nature, people, food, travel, architecture, animals
[2025-07-04 18:28:19,966: INFO/MainProcess] Task apps.gallery.tasks.process_audio[654844fb-5ba0-4ae6-bf04-a51a9e52d0a4] received
[2025-07-04 18:29:38,767: INFO/ForkPoolWorker-3] Task apps.gallery.tasks.populate_unsplash_images[f603b975-7164-4c8b-9fa1-bd37066b2d8c] succeeded in 119.59956501299894s: None
[2025-07-04 18:29:38,979: INFO/ForkPoolWorker-3] Fetching audios to process
[2025-07-04 18:29:40,266: INFO/MainProcess] Task apps.gallery.tasks.populate_unsplash_images[64b0d6e2-5353-4d1a-baf0-ecc308a17de5] received
[2025-07-04 18:29:41,072: INFO/ForkPoolWorker-3] No audio files to process
[2025-07-04 18:29:41,468: INFO/ForkPoolWorker-3] Task apps.gallery.tasks.process_audio[895a9f2f-b05e-4409-bc15-19dd46a4743c] succeeded in 2.488439526001457s: None
[2025-07-04 18:29:41,881: INFO/ForkPoolWorker-3] Fetching audios to process
[2025-07-04 18:29:42,966: INFO/MainProcess] Task apps.gallery.tasks.populate_unsplash_images[0042c94f-9842-4b4e-b847-a7772f6f29c4] received
[2025-07-04 18:29:43,472: INFO/ForkPoolWorker-3] No audio files to process
[2025-07-04 18:29:43,868: INFO/ForkPoolWorker-3] Task apps.gallery.tasks.process_audio[bd9b8b67-7534-4b37-9f92-ffce54e9d68e] succeeded in 1.9874867979997362s: None
[2025-07-04 18:29:44,075: INFO/ForkPoolWorker-3] Fetching unsplash images to process
[2025-07-04 18:29:44,075: INFO/ForkPoolWorker-3] Starting Unsplash to gcs uploader job at 2025-07-04T18:29:44.075355
[2025-07-04 18:29:44,075: INFO/ForkPoolWorker-3] Using 6 search queries: nature, people, food, travel, architecture, animals
[2025-07-04 18:29:44,865: INFO/MainProcess] Task apps.gallery.tasks.populate_unsplash_images[da9745c8-33f7-4780-b1a2-3f9b4a573a83] received
[2025-07-04 18:30:01,659: INFO/ForkPoolWorker-4] Task apps.gallery.tasks.populate_unsplash_images[df26def0-cc4d-4fe8-8aba-cc7496dc88de] succeeded in 120.90405118999843s: None
[2025-07-04 18:30:01,661: INFO/ForkPoolWorker-4] Fetching audios to process
[2025-07-04 18:30:02,965: INFO/MainProcess] Task apps.gallery.tasks.populate_unsplash_images[f9efe94d-0877-4052-bea9-daa15d6e7624] received
[2025-07-04 18:30:03,365: INFO/ForkPoolWorker-4] No audio files to process
[2025-07-04 18:30:03,759: INFO/ForkPoolWorker-4] Task apps.gallery.tasks.process_audio[82ce0d5e-be65-43c7-a124-6fd86b418f43] succeeded in 2.098177855999893s: None
[2025-07-04 18:30:03,761: INFO/ForkPoolWorker-4] Fetching audios to process
[2025-07-04 18:30:05,364: INFO/MainProcess] Task apps.gallery.tasks.process_audio[60e74490-87ba-4a3c-82a6-83ba9b674af6] received
[2025-07-04 18:30:06,159: INFO/ForkPoolWorker-4] No audio files to process
[2025-07-04 18:30:06,662: INFO/ForkPoolWorker-4] Task apps.gallery.tasks.process_audio[5f38a74b-ace0-426a-86aa-b6029a526d23] succeeded in 2.9007375780001894s: None
[2025-07-04 18:30:06,663: INFO/ForkPoolWorker-4] Fetching unsplash images to process
[2025-07-04 18:30:06,664: INFO/ForkPoolWorker-4] Starting Unsplash to gcs uploader job at 2025-07-04T18:30:06.664159
[2025-07-04 18:30:06,664: INFO/ForkPoolWorker-4] Using 6 search queries: nature, people, food, travel, architecture, animals
[2025-07-04 18:30:08,067: INFO/MainProcess] Task apps.gallery.tasks.populate_unsplash_images[d495e59b-b10d-4481-845a-522e5c63df5d] received
[2025-07-04 18:30:22,464: INFO/ForkPoolWorker-2] Task apps.gallery.tasks.populate_unsplash_images[28612e86-4dac-4c6e-b4c0-c48b1fbe2d8f] succeeded in 123.39871744000084s: None
[2025-07-04 18:30:22,965: INFO/ForkPoolWorker-2] Fetching unsplash images to process
[2025-07-04 18:30:22,966: INFO/ForkPoolWorker-2] Starting Unsplash to gcs uploader job at 2025-07-04T18:30:22.966063
[2025-07-04 18:30:22,966: INFO/ForkPoolWorker-2] Using 6 search queries: nature, people, food, travel, architecture, animals
[2025-07-04 18:30:23,964: INFO/MainProcess] Task apps.gallery.tasks.process_audio[17f24623-0d7e-4bab-992c-a260d2361bd0] received
[2025-07-04 18:31:46,261: INFO/ForkPoolWorker-3] Task apps.gallery.tasks.populate_unsplash_images[efaa71ae-9703-4ed2-85ce-554d3201bf71] succeeded in 122.19620087899966s: None
[2025-07-04 18:31:46,460: INFO/ForkPoolWorker-3] Fetching audios to process
[2025-07-04 18:31:47,905: INFO/MainProcess] Task apps.gallery.tasks.populate_unsplash_images[745ea791-d96d-4197-b7c1-60137062e95d] received
[2025-07-04 18:31:48,362: INFO/ForkPoolWorker-3] No audio files to process
[2025-07-04 18:31:48,760: INFO/ForkPoolWorker-3] Task apps.gallery.tasks.process_audio[994b189b-2026-442f-aee5-dc19ebdab00e] succeeded in 2.299856498999361s: None
[2025-07-04 18:31:49,061: INFO/ForkPoolWorker-3] Fetching audios to process
[2025-07-04 18:31:50,061: INFO/MainProcess] Task apps.gallery.tasks.populate_unsplash_images[f6faa802-f4e5-4768-8c2f-f279bbfc9d54] received
[2025-07-04 18:31:51,255: INFO/ForkPoolWorker-3] No audio files to process
[2025-07-04 18:31:51,763: INFO/ForkPoolWorker-3] Task apps.gallery.tasks.process_audio[56451763-447f-4af3-8bc5-4d309bfc967e] succeeded in 2.702862071999334s: None
[2025-07-04 18:31:52,161: INFO/ForkPoolWorker-3] Fetching unsplash images to process
[2025-07-04 18:31:52,161: INFO/ForkPoolWorker-3] Starting Unsplash to gcs uploader job at 2025-07-04T18:31:52.161470
[2025-07-04 18:31:52,161: INFO/ForkPoolWorker-3] Using 6 search queries: nature, people, food, travel, architecture, animals
[2025-07-04 18:31:52,961: INFO/MainProcess] Task apps.gallery.tasks.populate_unsplash_images[993e9547-92e3-4e7d-b395-7cc0c760151b] received
[2025-07-04 18:32:09,157: INFO/ForkPoolWorker-4] Task apps.gallery.tasks.populate_unsplash_images[e101c126-a820-4603-a29b-d0472162848b] succeeded in 122.50181752699973s: None
[2025-07-04 18:32:09,158: INFO/ForkPoolWorker-4] Fetching audios to process
[2025-07-04 18:32:10,763: INFO/ForkPoolWorker-4] No audio files to process
[2025-07-04 18:32:11,268: INFO/MainProcess] Task apps.gallery.tasks.populate_unsplash_images[009bfc38-e1f6-41d8-af8f-99b43c4ee3e1] received
[2025-07-04 18:32:11,657: INFO/ForkPoolWorker-4] Task apps.gallery.tasks.process_audio[c47f8964-49fa-42b3-9dc2-9e17c1590ab2] succeeded in 2.4988236159988446s: None
[2025-07-04 18:32:11,658: INFO/ForkPoolWorker-4] Fetching unsplash images to process
[2025-07-04 18:32:11,658: INFO/ForkPoolWorker-4] Starting Unsplash to gcs uploader job at 2025-07-04T18:32:11.658351
[2025-07-04 18:32:11,658: INFO/ForkPoolWorker-4] Using 6 search queries: nature, people, food, travel, architecture, animals
[2025-07-04 18:32:14,459: INFO/MainProcess] Task apps.gallery.tasks.process_audio[adf466b3-f6ff-4333-a346-a6556f472359] received
[2025-07-04 18:32:26,862: INFO/ForkPoolWorker-2] Task apps.gallery.tasks.populate_unsplash_images[c7204f0f-fe9d-40de-8535-251b65523483] succeeded in 123.90470799399918s: None
[2025-07-04 18:32:27,059: INFO/ForkPoolWorker-2] Fetching unsplash images to process
[2025-07-04 18:32:27,059: INFO/ForkPoolWorker-2] Starting Unsplash to gcs uploader job at 2025-07-04T18:32:27.059389
[2025-07-04 18:32:27,059: INFO/ForkPoolWorker-2] Using 6 search queries: nature, people, food, travel, architecture, animals
[2025-07-04 18:32:28,060: INFO/MainProcess] Task apps.gallery.tasks.populate_unsplash_images[ca284f99-3038-49ac-acc0-b12966d8ab6f] received
[2025-07-04 18:33:54,657: INFO/ForkPoolWorker-3] Task apps.gallery.tasks.populate_unsplash_images[f49f2c78-7b34-4b2a-a1cb-94970a5dffd8] succeeded in 122.50452235000012s: None
[2025-07-04 18:33:54,859: INFO/ForkPoolWorker-3] Fetching unsplash images to process
[2025-07-04 18:33:54,859: INFO/ForkPoolWorker-3] Starting Unsplash to gcs uploader job at 2025-07-04T18:33:54.859536
[2025-07-04 18:33:54,859: INFO/ForkPoolWorker-3] Using 6 search queries: nature, people, food, travel, architecture, animals
[2025-07-04 18:33:57,271: INFO/MainProcess] Task apps.gallery.tasks.process_audio[09a3f2ac-d7ee-45c9-b5ac-5b7ab1df13c1] received
[2025-07-04 18:34:12,154: INFO/ForkPoolWorker-4] Task apps.gallery.tasks.populate_unsplash_images[c55307ae-7f48-43b0-9cb1-7d3efa78e3eb] succeeded in 120.50497795099909s: None
[2025-07-04 18:34:12,155: INFO/ForkPoolWorker-4] Fetching audios to process
[2025-07-04 18:34:13,461: INFO/MainProcess] Task apps.gallery.tasks.process_audio[da434a3e-f813-4cf3-bcc2-7ee645e5b7c5] received
[2025-07-04 18:34:13,954: INFO/ForkPoolWorker-4] No audio files to process
[2025-07-04 18:34:14,453: INFO/ForkPoolWorker-4] Task apps.gallery.tasks.process_audio[c025b720-7a38-404c-8236-942155a42064] succeeded in 2.299416925001424s: None
[2025-07-04 18:34:14,454: INFO/ForkPoolWorker-4] Fetching audios to process
[2025-07-04 18:34:15,559: INFO/MainProcess] Task apps.gallery.tasks.populate_unsplash_images[3e2eb329-4a31-4b04-ae34-39ab3c781d2a] received
[2025-07-04 18:34:16,166: INFO/ForkPoolWorker-4] No audio files to process
[2025-07-04 18:34:16,554: INFO/ForkPoolWorker-4] Task apps.gallery.tasks.process_audio[654844fb-5ba0-4ae6-bf04-a51a9e52d0a4] succeeded in 2.100226495998868s: None
[2025-07-04 18:34:16,555: INFO/ForkPoolWorker-4] Fetching unsplash images to process
[2025-07-04 18:34:16,555: INFO/ForkPoolWorker-4] Starting Unsplash to gcs uploader job at 2025-07-04T18:34:16.555392
[2025-07-04 18:34:16,555: INFO/ForkPoolWorker-4] Using 6 search queries: nature, people, food, travel, architecture, animals
[2025-07-04 18:34:17,860: INFO/MainProcess] Task apps.gallery.tasks.populate_unsplash_images[29519a3d-6aa9-4e62-a358-830dfc57b7b8] received
[2025-07-04 18:34:25,459: INFO/ForkPoolWorker-2] Task apps.gallery.tasks.populate_unsplash_images[11d73e8a-c2fb-4f31-bc21-8566d28ff899] succeeded in 118.40790553599982s: None
[2025-07-04 18:34:25,756: INFO/ForkPoolWorker-2] Fetching unsplash images to process
[2025-07-04 18:34:25,757: INFO/ForkPoolWorker-2] Starting Unsplash to gcs uploader job at 2025-07-04T18:34:25.756969
[2025-07-04 18:34:25,757: INFO/ForkPoolWorker-2] Using 6 search queries: nature, people, food, travel, architecture, animals
[2025-07-04 18:34:26,659: INFO/MainProcess] Task apps.gallery.tasks.process_audio[24dadf38-0987-409d-a89a-33282eaddea9] received
[2025-07-04 18:35:52,557: INFO/ForkPoolWorker-3] Task apps.gallery.tasks.populate_unsplash_images[06894dc0-6a77-498e-bbd3-e4719b02007f] succeeded in 117.7057614309997s: None
[2025-07-04 18:35:52,857: INFO/ForkPoolWorker-3] Fetching unsplash images to process
[2025-07-04 18:35:52,857: INFO/ForkPoolWorker-3] Starting Unsplash to gcs uploader job at 2025-07-04T18:35:52.857767
[2025-07-04 18:35:52,857: INFO/ForkPoolWorker-3] Using 6 search queries: nature, people, food, travel, architecture, animals
[2025-07-04 18:35:54,257: INFO/MainProcess] Task apps.gallery.tasks.populate_unsplash_images[e3adf510-20d1-4df9-b319-07a38a310429] received
[2025-07-04 18:36:15,051: INFO/ForkPoolWorker-4] Task apps.gallery.tasks.populate_unsplash_images[64b0d6e2-5353-4d1a-baf0-ecc308a17de5] succeeded in 118.50374456800091s: None
[2025-07-04 18:36:15,051: INFO/ForkPoolWorker-4] Fetching unsplash images to process
[2025-07-04 18:36:15,052: INFO/ForkPoolWorker-4] Starting Unsplash to gcs uploader job at 2025-07-04T18:36:15.052050
[2025-07-04 18:36:15,052: INFO/ForkPoolWorker-4] Using 6 search queries: nature, people, food, travel, architecture, animals
[2025-07-04 18:36:16,256: INFO/MainProcess] Task apps.gallery.tasks.populate_unsplash_images[fc602b42-f4f7-4c3b-a4e5-1be52fc70719] received
[2025-07-04 18:36:24,660: INFO/ForkPoolWorker-2] Task apps.gallery.tasks.populate_unsplash_images[da9745c8-33f7-4780-b1a2-3f9b4a573a83] succeeded in 118.9115904479986s: None
[2025-07-04 18:36:24,855: INFO/ForkPoolWorker-2] Fetching unsplash images to process
[2025-07-04 18:36:24,856: INFO/ForkPoolWorker-2] Starting Unsplash to gcs uploader job at 2025-07-04T18:36:24.856016
[2025-07-04 18:36:24,856: INFO/ForkPoolWorker-2] Using 6 search queries: nature, people, food, travel, architecture, animals
[2025-07-04 18:36:25,658: INFO/MainProcess] Task apps.gallery.tasks.process_audio[f2ba7d37-57a0-40a9-b74a-861730a6c690] received
[2025-07-04 18:37:53,458: INFO/ForkPoolWorker-3] Task apps.gallery.tasks.populate_unsplash_images[f9efe94d-0877-4052-bea9-daa15d6e7624] succeeded in 120.60834256599992s: None
[2025-07-04 18:37:53,754: INFO/ForkPoolWorker-3] Fetching audios to process
[2025-07-04 18:37:55,256: INFO/MainProcess] Task apps.gallery.tasks.populate_unsplash_images[c94d33da-757c-4e84-a9c1-7b7ae3576700] received
[2025-07-04 18:37:55,547: INFO/ForkPoolWorker-3] No audio files to process
[2025-07-04 18:37:55,957: INFO/ForkPoolWorker-3] Task apps.gallery.tasks.process_audio[17f24623-0d7e-4bab-992c-a260d2361bd0] succeeded in 2.202621657999771s: None
[2025-07-04 18:37:56,153: INFO/ForkPoolWorker-3] Fetching unsplash images to process
[2025-07-04 18:37:56,153: INFO/ForkPoolWorker-3] Starting Unsplash to gcs uploader job at 2025-07-04T18:37:56.153303
[2025-07-04 18:37:56,153: INFO/ForkPoolWorker-3] Using 6 search queries: nature, people, food, travel, architecture, animals
[2025-07-04 18:37:59,292: INFO/MainProcess] Task apps.gallery.tasks.process_audio[6292f72f-0026-4c5f-b2f6-4825072ce1b9] received
[2025-07-04 18:38:17,648: INFO/ForkPoolWorker-4] Task apps.gallery.tasks.populate_unsplash_images[0042c94f-9842-4b4e-b847-a7772f6f29c4] succeeded in 122.60378508599933s: None
[2025-07-04 18:38:17,650: INFO/ForkPoolWorker-4] Fetching audios to process
[2025-07-04 18:38:18,654: INFO/MainProcess] Task apps.gallery.tasks.populate_unsplash_images[670a5949-c1ab-4937-90bc-04f0268783de] received
[2025-07-04 18:38:19,252: INFO/ForkPoolWorker-4] No audio files to process
[2025-07-04 18:38:19,648: INFO/ForkPoolWorker-4] Task apps.gallery.tasks.process_audio[60e74490-87ba-4a3c-82a6-83ba9b674af6] succeeded in 1.9980112119992555s: None
[2025-07-04 18:38:19,649: INFO/ForkPoolWorker-4] Fetching unsplash images to process
[2025-07-04 18:38:19,649: INFO/ForkPoolWorker-4] Starting Unsplash to gcs uploader job at 2025-07-04T18:38:19.649563
[2025-07-04 18:38:19,649: INFO/ForkPoolWorker-4] Using 6 search queries: nature, people, food, travel, architecture, animals
[2025-07-04 18:38:20,653: ERROR/MainProcess] Received unregistered task of type 'apps.gallery.tasks.generate_metadata'.
The message has been ignored and discarded.

Did you remember to import the module containing this task?
Or maybe you're using relative imports?

Please see
https://docs.celeryq.dev/en/latest/internals/protocol.html
for more information.

The full contents of the message body was:
b'[[], {}, {"callbacks": null, "errbacks": null, "chain": null, "chord": null}]' (77b)

The full contents of the message headers:
{'lang': 'py', 'task': 'apps.gallery.tasks.generate_metadata', 'id': '650a3591-e560-428d-ab3d-3f144ca7aad2', 'shadow': None, 'eta': None, 'expires': None, 'group': None, 'group_index': None, 'retries': 0, 'timelimit': [None, None], 'root_id': '650a3591-e560-428d-ab3d-3f144ca7aad2', 'parent_id': None, 'argsrepr': '()', 'kwargsrepr': '{}', 'origin': 'gen7@63f692d7cb61', 'ignore_result': False, 'stamped_headers': None, 'stamps': {}}

The delivery info for this task is:
{'exchange': '', 'routing_key': 'celery'}
Traceback (most recent call last):
  File "/usr/local/lib/python3.12/site-packages/celery/worker/consumer/consumer.py", line 642, in on_task_received
    strategy = strategies[type_]
               ~~~~~~~~~~^^^^^^^
KeyError: 'apps.gallery.tasks.generate_metadata'
[2025-07-04 18:38:22,254: INFO/MainProcess] Task apps.gallery.tasks.process_audio[76112a23-836d-4763-9b06-da4534768aba] received
[2025-07-04 18:38:28,954: INFO/ForkPoolWorker-2] Task apps.gallery.tasks.populate_unsplash_images[d495e59b-b10d-4481-845a-522e5c63df5d] succeeded in 124.10602597400066s: None
[2025-07-04 18:38:29,254: INFO/ForkPoolWorker-2] Fetching unsplash images to process
[2025-07-04 18:38:29,254: INFO/ForkPoolWorker-2] Starting Unsplash to gcs uploader job at 2025-07-04T18:38:29.254873
[2025-07-04 18:38:29,254: INFO/ForkPoolWorker-2] Using 6 search queries: nature, people, food, travel, architecture, animals
[2025-07-04 18:38:30,055: INFO/MainProcess] Task apps.gallery.tasks.process_audio[c9bb0f9a-d1a8-4591-92ab-2bf9d42debe5] received
[2025-07-04 18:39:59,650: INFO/ForkPoolWorker-3] Task apps.gallery.tasks.populate_unsplash_images[745ea791-d96d-4197-b7c1-60137062e95d] succeeded in 123.5042220689993s: None
[2025-07-04 18:39:59,851: INFO/ForkPoolWorker-3] Fetching audios to process
[2025-07-04 18:40:01,553: INFO/MainProcess] Task apps.gallery.tasks.process_audio[0d5f8392-8561-480f-9ad9-bc9bb386a860] received
[2025-07-04 18:40:01,647: INFO/ForkPoolWorker-3] No audio files to process
[2025-07-04 18:40:02,051: INFO/ForkPoolWorker-3] Task apps.gallery.tasks.process_audio[adf466b3-f6ff-4333-a346-a6556f472359] succeeded in 2.2007360300012806s: None
[2025-07-04 18:40:02,252: INFO/ForkPoolWorker-3] Fetching unsplash images to process
[2025-07-04 18:40:02,253: INFO/ForkPoolWorker-3] Starting Unsplash to gcs uploader job at 2025-07-04T18:40:02.252981
[2025-07-04 18:40:02,253: INFO/ForkPoolWorker-3] Using 6 search queries: nature, people, food, travel, architecture, animals
[2025-07-04 18:40:03,552: INFO/MainProcess] Task apps.gallery.tasks.process_audio[5788b89e-4f9e-42ad-bc82-1fd497bdbdab] received
[2025-07-04 18:40:16,548: INFO/ForkPoolWorker-4] Task apps.gallery.tasks.populate_unsplash_images[f6faa802-f4e5-4768-8c2f-f279bbfc9d54] succeeded in 116.90606180100076s: None
[2025-07-04 18:40:16,550: INFO/ForkPoolWorker-4] Fetching unsplash images to process
[2025-07-04 18:40:16,550: INFO/ForkPoolWorker-4] Starting Unsplash to gcs uploader job at 2025-07-04T18:40:16.550659
[2025-07-04 18:40:16,550: INFO/ForkPoolWorker-4] Using 6 search queries: nature, people, food, travel, architecture, animals
[2025-07-04 18:40:17,949: INFO/MainProcess] Task apps.gallery.tasks.populate_unsplash_images[4c66af60-f1ec-429d-ad95-1c748b1e81d9] received
[2025-07-04 18:40:27,451: INFO/ForkPoolWorker-2] Task apps.gallery.tasks.populate_unsplash_images[009bfc38-e1f6-41d8-af8f-99b43c4ee3e1] succeeded in 118.20349974800047s: None
[2025-07-04 18:40:27,851: INFO/ForkPoolWorker-2] Fetching audios to process
[2025-07-04 18:40:28,651: INFO/MainProcess] Task apps.gallery.tasks.process_audio[02f1edf7-2bbf-4405-96e9-a17c37a8ab1b] received
[2025-07-04 18:40:29,348: INFO/ForkPoolWorker-2] No audio files to process
[2025-07-04 18:40:29,751: INFO/ForkPoolWorker-2] Task apps.gallery.tasks.process_audio[da434a3e-f813-4cf3-bcc2-7ee645e5b7c5] succeeded in 1.8995533069992234s: None
[2025-07-04 18:40:30,351: INFO/ForkPoolWorker-2] Fetching unsplash images to process
[2025-07-04 18:40:30,351: INFO/ForkPoolWorker-2] Starting Unsplash to gcs uploader job at 2025-07-04T18:40:30.351278
[2025-07-04 18:40:30,351: INFO/ForkPoolWorker-2] Using 6 search queries: nature, people, food, travel, architecture, animals
[2025-07-04 18:40:31,152: INFO/MainProcess] Task apps.gallery.tasks.populate_unsplash_images[4f508d47-bb17-4792-9501-b2ef0a7441c5] received
[2025-07-04 18:42:02,149: INFO/ForkPoolWorker-3] Task apps.gallery.tasks.populate_unsplash_images[ca284f99-3038-49ac-acc0-b12966d8ab6f] succeeded in 119.90239116700104s: None
[2025-07-04 18:42:02,349: INFO/ForkPoolWorker-3] Fetching unsplash images to process
[2025-07-04 18:42:02,350: INFO/ForkPoolWorker-3] Starting Unsplash to gcs uploader job at 2025-07-04T18:42:02.350000
[2025-07-04 18:42:02,350: INFO/ForkPoolWorker-3] Using 6 search queries: nature, people, food, travel, architecture, animals
[2025-07-04 18:42:03,750: INFO/MainProcess] Task apps.gallery.tasks.populate_unsplash_images[1aebde34-4d21-46a2-91c8-76ffe23e5005] received
[2025-07-04 18:42:15,144: INFO/ForkPoolWorker-4] Task apps.gallery.tasks.populate_unsplash_images[993e9547-92e3-4e7d-b395-7cc0c760151b] succeeded in 118.59934403099942s: None
[2025-07-04 18:42:15,145: INFO/ForkPoolWorker-4] Fetching audios to process
[2025-07-04 18:42:18,248: INFO/MainProcess] missed heartbeat from celery@838e3ebc3f56
[2025-07-04 18:42:18,551: INFO/ForkPoolWorker-4] No audio files to process
[2025-07-04 18:42:18,750: INFO/MainProcess] Task apps.gallery.tasks.populate_unsplash_images[5a9626b8-3e4d-402e-9ff4-37db63e7bb61] received
[2025-07-04 18:42:18,943: INFO/ForkPoolWorker-4] Task apps.gallery.tasks.process_audio[09a3f2ac-d7ee-45c9-b5ac-5b7ab1df13c1] succeeded in 3.7985561690002214s: None
[2025-07-04 18:42:18,944: INFO/ForkPoolWorker-4] Fetching audios to process
[2025-07-04 18:42:20,646: INFO/ForkPoolWorker-4] No audio files to process
[2025-07-04 18:42:21,042: INFO/ForkPoolWorker-4] Task apps.gallery.tasks.process_audio[24dadf38-0987-409d-a89a-33282eaddea9] succeeded in 2.0984158539995406s: None
[2025-07-04 18:42:21,043: INFO/ForkPoolWorker-4] Fetching unsplash images to process
[2025-07-04 18:42:21,043: INFO/ForkPoolWorker-4] Starting Unsplash to gcs uploader job at 2025-07-04T18:42:21.043850
[2025-07-04 18:42:21,043: INFO/ForkPoolWorker-4] Using 6 search queries: nature, people, food, travel, architecture, animals
[2025-07-04 18:42:21,149: INFO/MainProcess] Task apps.gallery.tasks.process_audio[191953ad-4be5-40c6-b272-7b46891a609e] received
[2025-07-04 18:42:22,650: INFO/MainProcess] Task apps.gallery.tasks.populate_unsplash_images[a86b795d-e2ff-426f-a689-9b5f94e78df7] received
[2025-07-04 18:42:29,950: INFO/ForkPoolWorker-2] Task apps.gallery.tasks.populate_unsplash_images[3e2eb329-4a31-4b04-ae34-39ab3c781d2a] succeeded in 119.60482937800043s: None
[2025-07-04 18:42:30,248: INFO/ForkPoolWorker-2] Fetching audios to process
[2025-07-04 18:42:31,048: INFO/MainProcess] Task apps.gallery.tasks.populate_unsplash_images[673e8120-5a13-4b41-8cfe-d996cc17c83d] received
[2025-07-04 18:42:32,356: INFO/ForkPoolWorker-2] No audio files to process
[2025-07-04 18:42:33,249: INFO/ForkPoolWorker-2] Task apps.gallery.tasks.process_audio[f2ba7d37-57a0-40a9-b74a-861730a6c690] succeeded in 3.001419154999894s: None
[2025-07-04 18:42:33,549: INFO/ForkPoolWorker-2] Fetching unsplash images to process
[2025-07-04 18:42:33,549: INFO/ForkPoolWorker-2] Starting Unsplash to gcs uploader job at 2025-07-04T18:42:33.549608
[2025-07-04 18:42:33,549: INFO/ForkPoolWorker-2] Using 6 search queries: nature, people, food, travel, architecture, animals
[2025-07-04 18:42:34,348: INFO/MainProcess] Task apps.gallery.tasks.process_audio[60e09ab1-7a46-4dc5-b5cc-283df573edcf] received
[2025-07-04 18:44:02,345: INFO/ForkPoolWorker-3] Task apps.gallery.tasks.populate_unsplash_images[29519a3d-6aa9-4e62-a358-830dfc57b7b8] succeeded in 120.00198644600096s: None
[2025-07-04 18:44:02,546: INFO/ForkPoolWorker-3] Fetching audios to process
[2025-07-04 18:44:03,547: INFO/MainProcess] Task apps.gallery.tasks.process_audio[7a57eb51-b695-4fb1-9b1b-8af0c035fc14] received
[2025-07-04 18:44:04,247: INFO/ForkPoolWorker-3] No audio files to process
[2025-07-04 18:44:04,749: INFO/ForkPoolWorker-3] Task apps.gallery.tasks.process_audio[6292f72f-0026-4c5f-b2f6-4825072ce1b9] succeeded in 2.2029194320002716s: None
[2025-07-04 18:44:05,048: INFO/ForkPoolWorker-3] Fetching unsplash images to process
[2025-07-04 18:44:05,048: INFO/ForkPoolWorker-3] Starting Unsplash to gcs uploader job at 2025-07-04T18:44:05.048396
[2025-07-04 18:44:05,048: INFO/ForkPoolWorker-3] Using 6 search queries: nature, people, food, travel, architecture, animals
[2025-07-04 18:44:06,049: INFO/MainProcess] Task apps.gallery.tasks.populate_unsplash_images[ca37fb67-baf1-44f0-8d70-d0290b53ffa4] received
[2025-07-04 18:44:20,941: INFO/ForkPoolWorker-4] Task apps.gallery.tasks.populate_unsplash_images[e3adf510-20d1-4df9-b319-07a38a310429] succeeded in 119.9035897169997s: None
[2025-07-04 18:44:20,942: INFO/ForkPoolWorker-4] Fetching unsplash images to process
[2025-07-04 18:44:20,942: INFO/ForkPoolWorker-4] Starting Unsplash to gcs uploader job at 2025-07-04T18:44:20.942853
[2025-07-04 18:44:20,942: INFO/ForkPoolWorker-4] Using 6 search queries: nature, people, food, travel, architecture, animals
[2025-07-04 18:44:22,046: INFO/MainProcess] Task apps.gallery.tasks.process_audio[821c570a-4ac2-41b9-b7fe-ee1f1f5847ab] received
[2025-07-04 18:44:31,847: INFO/ForkPoolWorker-2] Task apps.gallery.tasks.populate_unsplash_images[c94d33da-757c-4e84-a9c1-7b7ae3576700] succeeded in 118.30425725600071s: None
[2025-07-04 18:44:32,047: INFO/ForkPoolWorker-2] Fetching audios to process
[2025-07-04 18:44:32,848: INFO/MainProcess] Task apps.gallery.tasks.process_audio[0e1bf7b7-8bde-452e-9516-b5b24cf12ad9] received
[2025-07-04 18:44:34,752: INFO/ForkPoolWorker-2] No audio files to process
[2025-07-04 18:44:35,248: INFO/ForkPoolWorker-2] Task apps.gallery.tasks.process_audio[c9bb0f9a-d1a8-4591-92ab-2bf9d42debe5] succeeded in 3.2003628319998825s: None
[2025-07-04 18:44:35,746: INFO/ForkPoolWorker-2] Fetching audios to process
[2025-07-04 18:44:36,547: INFO/MainProcess] Task apps.gallery.tasks.process_audio[92d50f91-975c-4e67-b54a-93f4014111f8] received
[2025-07-04 18:44:37,541: INFO/ForkPoolWorker-2] No audio files to process
[2025-07-04 18:44:38,447: INFO/ForkPoolWorker-2] Task apps.gallery.tasks.process_audio[0d5f8392-8561-480f-9ad9-bc9bb386a860] succeeded in 2.7016252110006462s: None
[2025-07-04 18:44:38,647: INFO/ForkPoolWorker-2] Fetching audios to process
[2025-07-04 18:44:39,448: INFO/MainProcess] Task apps.gallery.tasks.populate_unsplash_images[35bcc30c-4b6b-4678-9876-8b4a3a5063a8] received
[2025-07-04 18:44:40,449: INFO/ForkPoolWorker-2] No audio files to process
[2025-07-04 18:44:40,847: INFO/ForkPoolWorker-2] Task apps.gallery.tasks.process_audio[5788b89e-4f9e-42ad-bc82-1fd497bdbdab] succeeded in 2.200522294999246s: None
[2025-07-04 18:44:41,048: INFO/ForkPoolWorker-2] Fetching unsplash images to process
[2025-07-04 18:44:41,048: INFO/ForkPoolWorker-2] Starting Unsplash to gcs uploader job at 2025-07-04T18:44:41.048783
[2025-07-04 18:44:41,048: INFO/ForkPoolWorker-2] Using 6 search queries: nature, people, food, travel, architecture, animals
[2025-07-04 18:44:41,848: INFO/MainProcess] Task apps.gallery.tasks.process_audio[6ae6f3f7-32b4-4898-bc2d-70ec60a21eda] received
[2025-07-04 18:46:07,044: INFO/ForkPoolWorker-3] Task apps.gallery.tasks.populate_unsplash_images[670a5949-c1ab-4937-90bc-04f0268783de] succeeded in 122.00179139700049s: None
[2025-07-04 18:46:07,243: INFO/ForkPoolWorker-3] Fetching audios to process
[2025-07-04 18:46:08,446: INFO/MainProcess] Task apps.gallery.tasks.populate_unsplash_images[0f035843-2d40-4b6e-90a9-68f21b185ffc] received
[2025-07-04 18:46:08,847: INFO/ForkPoolWorker-3] No audio files to process
[2025-07-04 18:46:09,245: INFO/ForkPoolWorker-3] Task apps.gallery.tasks.process_audio[02f1edf7-2bbf-4405-96e9-a17c37a8ab1b] succeeded in 2.001964015998965s: None
[2025-07-04 18:46:09,444: INFO/ForkPoolWorker-3] Fetching unsplash images to process
[2025-07-04 18:46:09,444: INFO/ForkPoolWorker-3] Starting Unsplash to gcs uploader job at 2025-07-04T18:46:09.444401
[2025-07-04 18:46:09,444: INFO/ForkPoolWorker-3] Using 6 search queries: nature, people, food, travel, architecture, animals
[2025-07-04 18:46:10,445: INFO/MainProcess] Task apps.gallery.tasks.process_audio[c89796d0-f020-4ac6-a02e-62d73b78f9d6] received
[2025-07-04 18:46:24,038: INFO/ForkPoolWorker-4] Task apps.gallery.tasks.populate_unsplash_images[fc602b42-f4f7-4c3b-a4e5-1be52fc70719] succeeded in 123.10145821200058s: None
[2025-07-04 18:46:24,039: INFO/ForkPoolWorker-4] Fetching audios to process
[2025-07-04 18:46:25,144: INFO/MainProcess] Task apps.gallery.tasks.process_audio[42de825e-4fce-4df7-97b4-b4733aa32d90] received
[2025-07-04 18:46:26,163: INFO/ForkPoolWorker-4] No audio files to process
[2025-07-04 18:46:26,540: INFO/ForkPoolWorker-4] Task apps.gallery.tasks.process_audio[76112a23-836d-4763-9b06-da4534768aba] succeeded in 2.5011470720000943s: None
[2025-07-04 18:46:26,541: INFO/ForkPoolWorker-4] Fetching unsplash images to process
[2025-07-04 18:46:26,541: INFO/ForkPoolWorker-4] Starting Unsplash to gcs uploader job at 2025-07-04T18:46:26.541442
[2025-07-04 18:46:26,541: INFO/ForkPoolWorker-4] Using 6 search queries: nature, people, food, travel, architecture, animals
[2025-07-04 18:46:27,844: INFO/MainProcess] Task apps.gallery.tasks.populate_unsplash_images[7ac650d7-8d16-4734-8675-fbcebb8fc21e] received
[2025-07-04 18:46:42,144: INFO/ForkPoolWorker-2] Task apps.gallery.tasks.populate_unsplash_images[4c66af60-f1ec-429d-ad95-1c748b1e81d9] succeeded in 121.10261688199898s: None
[2025-07-04 18:46:42,344: INFO/ForkPoolWorker-2] Fetching audios to process
[2025-07-04 18:46:43,245: INFO/MainProcess] Task apps.gallery.tasks.process_audio[f3e36bc6-61f6-403e-9cae-58680a088a67] received
[2025-07-04 18:46:43,840: INFO/ForkPoolWorker-2] No audio files to process
[2025-07-04 18:46:44,550: INFO/ForkPoolWorker-2] Task apps.gallery.tasks.process_audio[191953ad-4be5-40c6-b272-7b46891a609e] succeeded in 2.2068110879990854s: None
[2025-07-04 18:46:44,842: INFO/ForkPoolWorker-2] Fetching unsplash images to process
[2025-07-04 18:46:44,842: INFO/ForkPoolWorker-2] Starting Unsplash to gcs uploader job at 2025-07-04T18:46:44.842804
[2025-07-04 18:46:44,842: INFO/ForkPoolWorker-2] Using 6 search queries: nature, people, food, travel, architecture, animals
[2025-07-04 18:46:45,644: INFO/MainProcess] Task apps.gallery.tasks.populate_unsplash_images[f3898718-fb07-437b-a71b-905a5313c3b0] received
[2025-07-04 18:48:08,243: INFO/ForkPoolWorker-3] Task apps.gallery.tasks.populate_unsplash_images[4f508d47-bb17-4792-9501-b2ef0a7441c5] succeeded in 118.8052818720007s: None
[2025-07-04 18:48:08,543: INFO/ForkPoolWorker-3] Fetching unsplash images to process
[2025-07-04 18:48:08,543: INFO/ForkPoolWorker-3] Starting Unsplash to gcs uploader job at 2025-07-04T18:48:08.543670
[2025-07-04 18:48:08,543: INFO/ForkPoolWorker-3] Using 6 search queries: nature, people, food, travel, architecture, animals
[2025-07-04 18:48:09,942: INFO/MainProcess] Task apps.gallery.tasks.process_audio[98dfa792-56ed-4b89-8bd7-39d88b212930] received
[2025-07-04 18:48:24,236: INFO/ForkPoolWorker-4] Task apps.gallery.tasks.populate_unsplash_images[1aebde34-4d21-46a2-91c8-76ffe23e5005] succeeded in 117.70052633399973s: None
[2025-07-04 18:48:24,237: INFO/ForkPoolWorker-4] Fetching unsplash images to process
[2025-07-04 18:48:24,237: INFO/ForkPoolWorker-4] Starting Unsplash to gcs uploader job at 2025-07-04T18:48:24.237475
[2025-07-04 18:48:24,237: INFO/ForkPoolWorker-4] Using 6 search queries: nature, people, food, travel, architecture, animals
[2025-07-04 18:48:25,443: INFO/MainProcess] Task apps.gallery.tasks.populate_unsplash_images[d2d5f1d1-de3d-464f-a55b-470046fd6227] received
[2025-07-04 18:48:41,042: INFO/ForkPoolWorker-2] Task apps.gallery.tasks.populate_unsplash_images[a86b795d-e2ff-426f-a689-9b5f94e78df7] succeeded in 116.20366659299907s: None
[2025-07-04 18:48:41,243: INFO/ForkPoolWorker-2] Fetching audios to process
[2025-07-04 18:48:42,342: INFO/MainProcess] Task apps.gallery.tasks.populate_unsplash_images[ac283754-ed4a-4e65-a2eb-b36ea2fbd84c] received
[2025-07-04 18:48:43,849: INFO/ForkPoolWorker-2] No audio files to process
[2025-07-04 18:48:44,241: INFO/ForkPoolWorker-2] Task apps.gallery.tasks.process_audio[7a57eb51-b695-4fb1-9b1b-8af0c035fc14] succeeded in 3.0003913279997505s: None
[2025-07-04 18:48:44,443: INFO/ForkPoolWorker-2] Fetching unsplash images to process
[2025-07-04 18:48:44,444: INFO/ForkPoolWorker-2] Starting Unsplash to gcs uploader job at 2025-07-04T18:48:44.443999
[2025-07-04 18:48:44,444: INFO/ForkPoolWorker-2] Using 6 search queries: nature, people, food, travel, architecture, animals
[2025-07-04 18:48:45,641: INFO/MainProcess] Task apps.gallery.tasks.populate_unsplash_images[77a29786-66da-404e-938b-c7158cee9658] received
[2025-07-04 18:50:06,944: INFO/ForkPoolWorker-3] Task apps.gallery.tasks.populate_unsplash_images[673e8120-5a13-4b41-8cfe-d996cc17c83d] succeeded in 118.4062171530004s: None
[2025-07-04 18:50:07,341: INFO/ForkPoolWorker-3] Fetching audios to process
[2025-07-04 18:50:08,540: INFO/MainProcess] Task apps.gallery.tasks.process_audio[14e39c8f-f49a-42c3-9b93-1d354e1599af] received
[2025-07-04 18:50:09,043: INFO/ForkPoolWorker-3] No audio files to process
[2025-07-04 18:50:09,441: INFO/ForkPoolWorker-3] Task apps.gallery.tasks.process_audio[821c570a-4ac2-41b9-b7fe-ee1f1f5847ab] succeeded in 2.100689357999727s: None
[2025-07-04 18:50:09,741: INFO/ForkPoolWorker-3] Fetching audios to process
[2025-07-04 18:50:10,741: INFO/MainProcess] Task apps.gallery.tasks.populate_unsplash_images[7bd9dfbe-4cd4-40d3-a8e5-956a937ce764] received
[2025-07-04 18:50:11,440: INFO/ForkPoolWorker-3] No audio files to process
[2025-07-04 18:50:11,941: INFO/ForkPoolWorker-3] Task apps.gallery.tasks.process_audio[0e1bf7b7-8bde-452e-9516-b5b24cf12ad9] succeeded in 2.201029906000258s: None
[2025-07-04 18:50:12,141: INFO/ForkPoolWorker-3] Fetching audios to process
[2025-07-04 18:50:13,041: ERROR/MainProcess] Received unregistered task of type 'apps.gallery.tasks.generate_metadata'.
The message has been ignored and discarded.

Did you remember to import the module containing this task?
Or maybe you're using relative imports?

Please see
https://docs.celeryq.dev/en/latest/internals/protocol.html
for more information.

The full contents of the message body was:
b'[[], {}, {"callbacks": null, "errbacks": null, "chain": null, "chord": null}]' (77b)

The full contents of the message headers:
{'lang': 'py', 'task': 'apps.gallery.tasks.generate_metadata', 'id': 'f918b761-6837-4a7b-b65b-e94df4d590c4', 'shadow': None, 'eta': None, 'expires': None, 'group': None, 'group_index': None, 'retries': 0, 'timelimit': [None, None], 'root_id': 'f918b761-6837-4a7b-b65b-e94df4d590c4', 'parent_id': None, 'argsrepr': '()', 'kwargsrepr': '{}', 'origin': 'gen7@63f692d7cb61', 'ignore_result': False, 'stamped_headers': None, 'stamps': {}}

The delivery info for this task is:
{'exchange': '', 'routing_key': 'celery'}
Traceback (most recent call last):
  File "/usr/local/lib/python3.12/site-packages/celery/worker/consumer/consumer.py", line 642, in on_task_received
    strategy = strategies[type_]
               ~~~~~~~~~~^^^^^^^
KeyError: 'apps.gallery.tasks.generate_metadata'
[2025-07-04 18:50:14,035: INFO/ForkPoolWorker-3] No audio files to process
[2025-07-04 18:50:14,438: INFO/ForkPoolWorker-3] Task apps.gallery.tasks.process_audio[92d50f91-975c-4e67-b54a-93f4014111f8] succeeded in 2.2990083120002964s: None
[2025-07-04 18:50:14,540: INFO/MainProcess] Task apps.gallery.tasks.process_audio[019dd7c2-d008-4b90-bdda-e75d690129d2] received
[2025-07-04 18:50:14,939: INFO/ForkPoolWorker-3] Fetching unsplash images to process
[2025-07-04 18:50:14,940: INFO/ForkPoolWorker-3] Starting Unsplash to gcs uploader job at 2025-07-04T18:50:14.940098
[2025-07-04 18:50:14,940: INFO/ForkPoolWorker-3] Using 6 search queries: nature, people, food, travel, architecture, animals
[2025-07-04 18:50:15,939: INFO/MainProcess] Task apps.gallery.tasks.populate_unsplash_images[028472cf-28a2-45cd-9245-0d21c7cb0194] received
[2025-07-04 18:50:24,635: INFO/ForkPoolWorker-4] Task apps.gallery.tasks.populate_unsplash_images[5a9626b8-3e4d-402e-9ff4-37db63e7bb61] succeeded in 120.40431609199914s: None
[2025-07-04 18:50:24,636: INFO/ForkPoolWorker-4] Fetching audios to process
[2025-07-04 18:50:25,945: INFO/MainProcess] Task apps.gallery.tasks.process_audio[6abbd1f1-fc9f-4efa-92ff-f3e3aa52d674] received
[2025-07-04 18:50:26,334: INFO/ForkPoolWorker-4] No audio files to process
[2025-07-04 18:50:26,834: INFO/ForkPoolWorker-4] Task apps.gallery.tasks.process_audio[60e09ab1-7a46-4dc5-b5cc-283df573edcf] succeeded in 2.1982692260007752s: None
[2025-07-04 18:50:26,835: INFO/ForkPoolWorker-4] Fetching audios to process
[2025-07-04 18:50:28,440: INFO/MainProcess] Task apps.gallery.tasks.populate_unsplash_images[f9d67996-8609-40f4-93de-7c32e66df434] received
[2025-07-04 18:50:28,844: INFO/ForkPoolWorker-4] No audio files to process
[2025-07-04 18:50:29,234: INFO/ForkPoolWorker-4] Task apps.gallery.tasks.process_audio[6ae6f3f7-32b4-4898-bc2d-70ec60a21eda] succeeded in 2.398541054000816s: None
[2025-07-04 18:50:29,235: INFO/ForkPoolWorker-4] Fetching unsplash images to process
[2025-07-04 18:50:29,235: INFO/ForkPoolWorker-4] Starting Unsplash to gcs uploader job at 2025-07-04T18:50:29.235358
[2025-07-04 18:50:29,235: INFO/ForkPoolWorker-4] Using 6 search queries: nature, people, food, travel, architecture, animals
[2025-07-04 18:50:30,739: INFO/MainProcess] Task apps.gallery.tasks.populate_unsplash_images[aefe8032-b376-4568-9409-3c756e9ea457] received
[2025-07-04 18:50:45,240: INFO/ForkPoolWorker-2] Task apps.gallery.tasks.populate_unsplash_images[ca37fb67-baf1-44f0-8d70-d0290b53ffa4] succeeded in 120.8020904649984s: None
[2025-07-04 18:50:45,438: INFO/ForkPoolWorker-2] Fetching audios to process
[2025-07-04 18:50:47,233: INFO/ForkPoolWorker-2] No audio files to process
[2025-07-04 18:50:47,440: INFO/MainProcess] Task apps.gallery.tasks.process_audio[e2715e53-06ec-4fc4-8433-1080b3fd72f6] received
[2025-07-04 18:50:47,640: INFO/ForkPoolWorker-2] Task apps.gallery.tasks.process_audio[42de825e-4fce-4df7-97b4-b4733aa32d90] succeeded in 2.202787521000573s: None
[2025-07-04 18:50:47,838: INFO/ForkPoolWorker-2] Fetching unsplash images to process
[2025-07-04 18:50:47,838: INFO/ForkPoolWorker-2] Starting Unsplash to gcs uploader job at 2025-07-04T18:50:47.838449
[2025-07-04 18:50:47,838: INFO/ForkPoolWorker-2] Using 6 search queries: nature, people, food, travel, architecture, animals
[2025-07-04 18:50:49,039: INFO/MainProcess] Task apps.gallery.tasks.populate_unsplash_images[e750d76f-bb89-48a4-9e40-77bd37a9d6d4] received
[2025-07-04 18:52:13,740: INFO/ForkPoolWorker-3] Task apps.gallery.tasks.populate_unsplash_images[35bcc30c-4b6b-4678-9876-8b4a3a5063a8] succeeded in 118.80544639400068s: None
[2025-07-04 18:52:13,937: INFO/ForkPoolWorker-3] Fetching audios to process
[2025-07-04 18:52:15,438: INFO/MainProcess] Task apps.gallery.tasks.process_audio[551339cb-1af1-4718-99e8-df5e38de1ca5] received
[2025-07-04 18:52:15,639: INFO/ForkPoolWorker-3] No audio files to process
[2025-07-04 18:52:16,137: INFO/ForkPoolWorker-3] Task apps.gallery.tasks.process_audio[f3e36bc6-61f6-403e-9cae-58680a088a67] succeeded in 2.2015423749999172s: None
[2025-07-04 18:52:16,336: INFO/ForkPoolWorker-3] Fetching unsplash images to process
[2025-07-04 18:52:16,336: INFO/ForkPoolWorker-3] Starting Unsplash to gcs uploader job at 2025-07-04T18:52:16.336336
[2025-07-04 18:52:16,336: INFO/ForkPoolWorker-3] Using 6 search queries: nature, people, food, travel, architecture, animals
[2025-07-04 18:52:17,138: INFO/MainProcess] Task apps.gallery.tasks.populate_unsplash_images[487629e7-0c3a-4438-9b35-0700a3d8eb43] received
[2025-07-04 18:52:29,032: INFO/ForkPoolWorker-4] Task apps.gallery.tasks.populate_unsplash_images[0f035843-2d40-4b6e-90a9-68f21b185ffc] succeeded in 119.80301834300008s: None
[2025-07-04 18:52:29,033: INFO/ForkPoolWorker-4] Fetching audios to process
[2025-07-04 18:52:30,040: INFO/MainProcess] Task apps.gallery.tasks.process_audio[482368a7-638c-4071-9f0b-4c8fd34e0ee8] received
[2025-07-04 18:52:30,938: INFO/ForkPoolWorker-4] No audio files to process
[2025-07-04 18:52:31,333: INFO/ForkPoolWorker-4] Task apps.gallery.tasks.process_audio[c89796d0-f020-4ac6-a02e-62d73b78f9d6] succeeded in 2.3001816639989556s: None
[2025-07-04 18:52:31,334: INFO/ForkPoolWorker-4] Fetching audios to process
[2025-07-04 18:52:32,438: INFO/MainProcess] Task apps.gallery.tasks.process_audio[514b588e-3e87-468d-97ad-bd8da5e1975f] received
[2025-07-04 18:52:33,530: INFO/ForkPoolWorker-4] No audio files to process
[2025-07-04 18:52:34,031: INFO/ForkPoolWorker-4] Task apps.gallery.tasks.process_audio[98dfa792-56ed-4b89-8bd7-39d88b212930] succeeded in 2.6972950370000035s: None
[2025-07-04 18:52:34,032: INFO/ForkPoolWorker-4] Fetching unsplash images to process
[2025-07-04 18:52:34,032: INFO/ForkPoolWorker-4] Starting Unsplash to gcs uploader job at 2025-07-04T18:52:34.032442
[2025-07-04 18:52:34,032: INFO/ForkPoolWorker-4] Using 6 search queries: nature, people, food, travel, architecture, animals
[2025-07-04 18:52:35,137: INFO/MainProcess] Task apps.gallery.tasks.process_audio[be2a0d25-cbf7-4f82-8040-ce38d675eda1] received
[2025-07-04 18:52:49,739: INFO/ForkPoolWorker-2] Task apps.gallery.tasks.populate_unsplash_images[7ac650d7-8d16-4734-8675-fbcebb8fc21e] succeeded in 121.90685005500018s: None
[2025-07-04 18:52:49,936: INFO/ForkPoolWorker-2] Fetching unsplash images to process
[2025-07-04 18:52:49,936: INFO/ForkPoolWorker-2] Starting Unsplash to gcs uploader job at 2025-07-04T18:52:49.936258
[2025-07-04 18:52:49,936: INFO/ForkPoolWorker-2] Using 6 search queries: nature, people, food, travel, architecture, animals
[2025-07-04 18:52:50,837: INFO/MainProcess] Task apps.gallery.tasks.populate_unsplash_images[c5d34d59-9eef-4829-a6ba-8f3b6e5a9e04] received
[2025-07-04 18:54:15,636: INFO/ForkPoolWorker-3] Task apps.gallery.tasks.populate_unsplash_images[f3898718-fb07-437b-a71b-905a5313c3b0] succeeded in 119.30591098700097s: None
[2025-07-04 18:54:15,836: INFO/ForkPoolWorker-3] Fetching audios to process
[2025-07-04 18:54:16,935: INFO/MainProcess] Task apps.gallery.tasks.process_audio[82f8866a-8909-428a-b353-e24909247de5] received
[2025-07-04 18:54:17,331: INFO/ForkPoolWorker-3] No audio files to process
[2025-07-04 18:54:17,734: INFO/ForkPoolWorker-3] Task apps.gallery.tasks.process_audio[14e39c8f-f49a-42c3-9b93-1d354e1599af] succeeded in 1.8987487009999313s: None
[2025-07-04 18:54:17,934: INFO/ForkPoolWorker-3] Fetching unsplash images to process
[2025-07-04 18:54:17,934: INFO/ForkPoolWorker-3] Starting Unsplash to gcs uploader job at 2025-07-04T18:54:17.934323
[2025-07-04 18:54:17,934: INFO/ForkPoolWorker-3] Using 6 search queries: nature, people, food, travel, architecture, animals
[2025-07-04 18:54:18,735: INFO/MainProcess] Task apps.gallery.tasks.populate_unsplash_images[16f64611-dce7-426e-9814-4e0426a4dc0d] received
[2025-07-04 18:54:35,131: INFO/ForkPoolWorker-4] Task apps.gallery.tasks.populate_unsplash_images[d2d5f1d1-de3d-464f-a55b-470046fd6227] succeeded in 121.10414657299953s: None
[2025-07-04 18:54:35,132: INFO/ForkPoolWorker-4] Fetching unsplash images to process
[2025-07-04 18:54:35,132: INFO/ForkPoolWorker-4] Starting Unsplash to gcs uploader job at 2025-07-04T18:54:35.132299
[2025-07-04 18:54:35,132: INFO/ForkPoolWorker-4] Using 6 search queries: nature, people, food, travel, architecture, animals
[2025-07-04 18:54:36,336: INFO/MainProcess] Task apps.gallery.tasks.populate_unsplash_images[58ae1f0c-09c9-4916-8d41-a8e2eabe0edb] received
[2025-07-04 18:54:46,336: INFO/ForkPoolWorker-2] Task apps.gallery.tasks.populate_unsplash_images[77a29786-66da-404e-938b-c7158cee9658] succeeded in 116.40621943100086s: None
[2025-07-04 18:54:46,632: INFO/ForkPoolWorker-2] Fetching unsplash images to process
[2025-07-04 18:54:46,632: INFO/ForkPoolWorker-2] Starting Unsplash to gcs uploader job at 2025-07-04T18:54:46.632909
[2025-07-04 18:54:46,632: INFO/ForkPoolWorker-2] Using 6 search queries: nature, people, food, travel, architecture, animals
[2025-07-04 18:54:47,637: INFO/MainProcess] Task apps.gallery.tasks.process_audio[d264aca6-2c3c-48f1-be87-c5afe1fcb23d] received
[2025-07-04 18:56:17,833: INFO/ForkPoolWorker-3] Task apps.gallery.tasks.populate_unsplash_images[7bd9dfbe-4cd4-40d3-a8e5-956a937ce764] succeeded in 119.90527779900003s: None
[2025-07-04 18:56:18,034: INFO/ForkPoolWorker-3] Fetching audios to process
[2025-07-04 18:56:19,538: INFO/MainProcess] Task apps.gallery.tasks.process_audio[0eed8700-b60e-4905-9284-c0f5fd89a661] received
[2025-07-04 18:56:19,927: INFO/ForkPoolWorker-3] No audio files to process
[2025-07-04 18:56:20,432: INFO/ForkPoolWorker-3] Task apps.gallery.tasks.process_audio[6abbd1f1-fc9f-4efa-92ff-f3e3aa52d674] succeeded in 2.3978673340006935s: None
[2025-07-04 18:56:20,635: INFO/ForkPoolWorker-3] Fetching unsplash images to process
[2025-07-04 18:56:20,635: INFO/ForkPoolWorker-3] Starting Unsplash to gcs uploader job at 2025-07-04T18:56:20.635331
[2025-07-04 18:56:20,635: INFO/ForkPoolWorker-3] Using 6 search queries: nature, people, food, travel, architecture, animals
[2025-07-04 18:56:21,533: INFO/MainProcess] Task apps.gallery.tasks.populate_unsplash_images[7444b0af-ca50-4d34-9fe9-8b75d5f7ec79] received
[2025-07-04 18:56:35,328: INFO/ForkPoolWorker-4] Task apps.gallery.tasks.populate_unsplash_images[ac283754-ed4a-4e65-a2eb-b36ea2fbd84c] succeeded in 120.20206189700002s: None
[2025-07-04 18:56:35,329: INFO/ForkPoolWorker-4] Fetching audios to process
[2025-07-04 18:56:36,633: INFO/MainProcess] Task apps.gallery.tasks.process_audio[3e37fc3b-4790-40d6-8394-8f534abe16d4] received
[2025-07-04 18:56:37,234: INFO/ForkPoolWorker-4] No audio files to process
[2025-07-04 18:56:37,627: INFO/ForkPoolWorker-4] Task apps.gallery.tasks.process_audio[019dd7c2-d008-4b90-bdda-e75d690129d2] succeeded in 2.297976114999983s: None
[2025-07-04 18:56:37,628: INFO/ForkPoolWorker-4] Fetching unsplash images to process
[2025-07-04 18:56:37,628: INFO/ForkPoolWorker-4] Starting Unsplash to gcs uploader job at 2025-07-04T18:56:37.628851
[2025-07-04 18:56:37,628: INFO/ForkPoolWorker-4] Using 6 search queries: nature, people, food, travel, architecture, animals
[2025-07-04 18:56:38,834: INFO/MainProcess] Task apps.gallery.tasks.populate_unsplash_images[a65880b7-f73f-41f9-ab20-988b1e11da41] received
[2025-07-04 18:56:44,733: INFO/ForkPoolWorker-2] Task apps.gallery.tasks.populate_unsplash_images[028472cf-28a2-45cd-9245-0d21c7cb0194] succeeded in 118.10673321200011s: None
[2025-07-04 18:56:44,933: INFO/ForkPoolWorker-2] Fetching unsplash images to process
[2025-07-04 18:56:44,933: INFO/ForkPoolWorker-2] Starting Unsplash to gcs uploader job at 2025-07-04T18:56:44.933184
[2025-07-04 18:56:44,933: INFO/ForkPoolWorker-2] Using 6 search queries: nature, people, food, travel, architecture, animals
[2025-07-04 18:56:45,833: INFO/MainProcess] Task apps.gallery.tasks.populate_unsplash_images[bddf90c8-41b8-484e-b16f-bfd807564f8f] received
[2025-07-04 18:58:19,230: INFO/ForkPoolWorker-3] Task apps.gallery.tasks.populate_unsplash_images[f9d67996-8609-40f4-93de-7c32e66df434] succeeded in 118.60080156699951s: None
[2025-07-04 18:58:19,530: INFO/ForkPoolWorker-3] Fetching audios to process
[2025-07-04 18:58:20,732: INFO/MainProcess] Task apps.gallery.tasks.populate_unsplash_images[de677e2b-120e-4491-aeef-fe49ea90dd26] received
[2025-07-04 18:58:21,335: INFO/ForkPoolWorker-3] No audio files to process
[2025-07-04 18:58:21,730: INFO/ForkPoolWorker-3] Task apps.gallery.tasks.process_audio[551339cb-1af1-4718-99e8-df5e38de1ca5] succeeded in 2.1999293039989425s: None
[2025-07-04 18:58:21,932: INFO/ForkPoolWorker-3] Fetching unsplash images to process
[2025-07-04 18:58:21,932: INFO/ForkPoolWorker-3] Starting Unsplash to gcs uploader job at 2025-07-04T18:58:21.932369
[2025-07-04 18:58:21,932: INFO/ForkPoolWorker-3] Using 6 search queries: nature, people, food, travel, architecture, animals
[2025-07-04 18:58:22,734: INFO/MainProcess] Task apps.gallery.tasks.process_audio[0e457028-fa06-4edc-92e4-66e1708dd696] received
[2025-07-04 18:58:36,126: INFO/ForkPoolWorker-4] Task apps.gallery.tasks.populate_unsplash_images[aefe8032-b376-4568-9409-3c756e9ea457] succeeded in 118.50336499699915s: None
[2025-07-04 18:58:36,127: INFO/ForkPoolWorker-4] Fetching audios to process
[2025-07-04 18:58:37,232: INFO/MainProcess] Task apps.gallery.tasks.populate_unsplash_images[b8779fd2-3f7d-4f1e-91a4-2e40b43acccb] received
[2025-07-04 18:58:37,936: INFO/ForkPoolWorker-4] No audio files to process
[2025-07-04 18:58:38,325: INFO/ForkPoolWorker-4] Task apps.gallery.tasks.process_audio[e2715e53-06ec-4fc4-8433-1080b3fd72f6] succeeded in 2.198494727999787s: None
[2025-07-04 18:58:38,326: INFO/ForkPoolWorker-4] Fetching audios to process
[2025-07-04 18:58:39,731: INFO/MainProcess] Task apps.gallery.tasks.process_audio[62ce646c-9d35-4aef-a7bd-80ef1b23e5b0] received
[2025-07-04 18:58:41,425: INFO/ForkPoolWorker-4] No audio files to process
[2025-07-04 18:58:41,827: INFO/ForkPoolWorker-4] Task apps.gallery.tasks.process_audio[482368a7-638c-4071-9f0b-4c8fd34e0ee8] succeeded in 3.5005375539985835s: None
[2025-07-04 18:58:41,828: INFO/ForkPoolWorker-4] Fetching audios to process
[2025-07-04 18:58:42,831: INFO/MainProcess] Task apps.gallery.tasks.populate_unsplash_images[2fc30f02-4ccf-471a-aca6-56a4ec263cf6] received
[2025-07-04 18:58:43,335: INFO/ForkPoolWorker-4] No audio files to process
[2025-07-04 18:58:43,726: INFO/ForkPoolWorker-4] Task apps.gallery.tasks.process_audio[514b588e-3e87-468d-97ad-bd8da5e1975f] succeeded in 1.8986725830000069s: None
[2025-07-04 18:58:43,727: INFO/ForkPoolWorker-4] Fetching audios to process
[2025-07-04 18:58:44,530: INFO/ForkPoolWorker-2] Task apps.gallery.tasks.populate_unsplash_images[e750d76f-bb89-48a4-9e40-77bd37a9d6d4] succeeded in 119.6024736219988s: None
[2025-07-04 18:58:44,732: INFO/MainProcess] Task apps.gallery.tasks.process_audio[7c40ae14-7fc4-4d9b-9ccd-42137556c462] received
[2025-07-04 18:58:45,129: INFO/ForkPoolWorker-2] Fetching audios to process
[2025-07-04 18:58:45,524: INFO/ForkPoolWorker-4] No audio files to process
[2025-07-04 18:58:45,924: INFO/ForkPoolWorker-4] Task apps.gallery.tasks.process_audio[be2a0d25-cbf7-4f82-8040-ce38d675eda1] succeeded in 2.1983504349991563s: None
[2025-07-04 18:58:45,925: INFO/ForkPoolWorker-4] Fetching unsplash images to process
[2025-07-04 18:58:45,926: INFO/ForkPoolWorker-4] Starting Unsplash to gcs uploader job at 2025-07-04T18:58:45.926096
[2025-07-04 18:58:45,926: INFO/ForkPoolWorker-4] Using 6 search queries: nature, people, food, travel, architecture, animals
[2025-07-04 18:58:46,230: INFO/MainProcess] Task apps.gallery.tasks.populate_unsplash_images[7f3482b4-1b76-4903-a213-34c1fcc2cb86] received
[2025-07-04 18:58:47,233: INFO/ForkPoolWorker-2] No audio files to process
[2025-07-04 18:58:47,430: INFO/MainProcess] Task apps.gallery.tasks.process_audio[4794473d-4d02-4553-b7d5-0d1213910b3a] received
[2025-07-04 18:58:47,934: INFO/ForkPoolWorker-2] Task apps.gallery.tasks.process_audio[82f8866a-8909-428a-b353-e24909247de5] succeeded in 2.8053118839998206s: None
[2025-07-04 18:58:48,329: INFO/ForkPoolWorker-2] Fetching unsplash images to process
[2025-07-04 18:58:48,329: INFO/ForkPoolWorker-2] Starting Unsplash to gcs uploader job at 2025-07-04T18:58:48.329701
[2025-07-04 18:58:48,329: INFO/ForkPoolWorker-2] Using 6 search queries: nature, people, food, travel, architecture, animals
[2025-07-04 18:58:49,331: INFO/MainProcess] Task apps.gallery.tasks.populate_unsplash_images[c39b6e65-54b9-4d2a-b4b4-527d7ebf931b] received
[2025-07-04 19:00:22,429: INFO/ForkPoolWorker-3] Task apps.gallery.tasks.populate_unsplash_images[487629e7-0c3a-4438-9b35-0700a3d8eb43] succeeded in 120.50269507199846s: None
[2025-07-04 19:00:22,729: INFO/ForkPoolWorker-3] Fetching audios to process
[2025-07-04 19:00:24,323: INFO/ForkPoolWorker-3] No audio files to process
[2025-07-04 19:00:24,429: INFO/MainProcess] Task apps.gallery.tasks.populate_unsplash_images[81eb5ccb-1d29-48a3-852d-fd7e963d8577] received
[2025-07-04 19:00:24,728: INFO/ForkPoolWorker-3] Task apps.gallery.tasks.process_audio[d264aca6-2c3c-48f1-be87-c5afe1fcb23d] succeeded in 1.9989980819991615s: None
[2025-07-04 19:00:24,929: INFO/ForkPoolWorker-3] Fetching audios to process
[2025-07-04 19:00:25,929: INFO/MainProcess] Task apps.gallery.tasks.process_audio[24cffab1-5749-4907-ac18-cbb576ca5d90] received
[2025-07-04 19:00:27,123: INFO/ForkPoolWorker-3] No audio files to process
[2025-07-04 19:00:27,528: INFO/ForkPoolWorker-3] Task apps.gallery.tasks.process_audio[0eed8700-b60e-4905-9284-c0f5fd89a661] succeeded in 2.598946946000069s: None
[2025-07-04 19:00:27,828: INFO/ForkPoolWorker-3] Fetching unsplash images to process
[2025-07-04 19:00:27,828: INFO/ForkPoolWorker-3] Starting Unsplash to gcs uploader job at 2025-07-04T19:00:27.828954
[2025-07-04 19:00:27,829: INFO/ForkPoolWorker-3] Using 6 search queries: nature, people, food, travel, architecture, animals
[2025-07-04 19:00:29,130: INFO/MainProcess] Task apps.gallery.tasks.populate_unsplash_images[ad8a22c2-1ecb-4029-bddd-957129ee2345] received
[2025-07-04 19:00:46,731: INFO/ForkPoolWorker-2] Task apps.gallery.tasks.populate_unsplash_images[58ae1f0c-09c9-4916-8d41-a8e2eabe0edb] succeeded in 118.40724722300001s: None
[2025-07-04 19:00:46,928: INFO/ForkPoolWorker-2] Fetching audios to process
[2025-07-04 19:00:47,523: INFO/ForkPoolWorker-4] Task apps.gallery.tasks.populate_unsplash_images[c5d34d59-9eef-4829-a6ba-8f3b6e5a9e04] succeeded in 121.60353732100157s: None
[2025-07-04 19:00:47,524: INFO/ForkPoolWorker-4] Fetching unsplash images to process
[2025-07-04 19:00:47,525: INFO/ForkPoolWorker-4] Starting Unsplash to gcs uploader job at 2025-07-04T19:00:47.525071
[2025-07-04 19:00:47,525: INFO/ForkPoolWorker-4] Using 6 search queries: nature, people, food, travel, architecture, animals
[2025-07-04 19:00:47,828: INFO/MainProcess] Task apps.gallery.tasks.populate_unsplash_images[ef9b12aa-7def-42bd-82be-ba8e7af3983b] received
[2025-07-04 19:00:48,422: INFO/ForkPoolWorker-2] No audio files to process
[2025-07-04 19:00:48,829: INFO/ForkPoolWorker-2] Task apps.gallery.tasks.process_audio[3e37fc3b-4790-40d6-8394-8f534abe16d4] succeeded in 1.9014090969994868s: None
[2025-07-04 19:00:49,228: INFO/MainProcess] Task apps.gallery.tasks.process_audio[51da7a8b-9928-4a81-9ad8-3e0994dbf563] received
[2025-07-04 19:00:49,229: INFO/ForkPoolWorker-2] Fetching unsplash images to process
[2025-07-04 19:00:49,229: INFO/ForkPoolWorker-2] Starting Unsplash to gcs uploader job at 2025-07-04T19:00:49.229396
[2025-07-04 19:00:49,229: INFO/ForkPoolWorker-2] Using 6 search queries: nature, people, food, travel, architecture, animals
[2025-07-04 19:00:50,228: INFO/MainProcess] Task apps.gallery.tasks.populate_unsplash_images[034ed7b5-c0da-45c7-8700-d4c6a3377f2c] received
[2025-07-04 19:02:30,331: INFO/ForkPoolWorker-3] Task apps.gallery.tasks.populate_unsplash_images[7444b0af-ca50-4d34-9fe9-8b75d5f7ec79] succeeded in 122.50772164800037s: None
[2025-07-04 19:02:30,530: INFO/ForkPoolWorker-3] Fetching unsplash images to process
[2025-07-04 19:02:30,530: INFO/ForkPoolWorker-3] Starting Unsplash to gcs uploader job at 2025-07-04T19:02:30.530714
[2025-07-04 19:02:30,530: INFO/ForkPoolWorker-3] Using 6 search queries: nature, people, food, travel, architecture, animals
[2025-07-04 19:02:32,830: INFO/MainProcess] Task apps.gallery.tasks.populate_unsplash_images[21826afc-83b8-402f-aff2-96e6d7056b9b] received
[2025-07-04 19:02:44,620: INFO/ForkPoolWorker-4] Task apps.gallery.tasks.populate_unsplash_images[16f64611-dce7-426e-9814-4e0426a4dc0d] succeeded in 117.10131747199921s: None
[2025-07-04 19:02:44,621: INFO/ForkPoolWorker-4] Fetching unsplash images to process
[2025-07-04 19:02:44,621: INFO/ForkPoolWorker-4] Starting Unsplash to gcs uploader job at 2025-07-04T19:02:44.621946
[2025-07-04 19:02:44,622: INFO/ForkPoolWorker-4] Using 6 search queries: nature, people, food, travel, architecture, animals
[2025-07-04 19:02:45,829: INFO/MainProcess] Task apps.gallery.tasks.populate_unsplash_images[570e80bb-1cd4-4ce4-9a80-1a09cd18d028] received
[2025-07-04 19:02:49,726: INFO/ForkPoolWorker-2] Task apps.gallery.tasks.populate_unsplash_images[bddf90c8-41b8-484e-b16f-bfd807564f8f] succeeded in 120.50223707700025s: None
[2025-07-04 19:02:50,227: INFO/ForkPoolWorker-2] Fetching unsplash images to process
[2025-07-04 19:02:50,228: INFO/ForkPoolWorker-2] Starting Unsplash to gcs uploader job at 2025-07-04T19:02:50.228025
[2025-07-04 19:02:50,228: INFO/ForkPoolWorker-2] Using 6 search queries: nature, people, food, travel, architecture, animals
[2025-07-04 19:02:51,127: INFO/MainProcess] Task apps.gallery.tasks.process_audio[28501619-8855-4737-ba00-08c8d4e96bf7] received
[2025-07-04 19:04:29,927: INFO/ForkPoolWorker-3] Task apps.gallery.tasks.populate_unsplash_images[de677e2b-120e-4491-aeef-fe49ea90dd26] succeeded in 119.4026948640003s: None
[2025-07-04 19:04:30,128: INFO/ForkPoolWorker-3] Fetching audios to process
[2025-07-04 19:04:31,727: INFO/MainProcess] Task apps.gallery.tasks.populate_unsplash_images[780bb057-2e37-4551-8475-7a8102a02ccb] received
[2025-07-04 19:04:32,518: INFO/ForkPoolWorker-3] No audio files to process
[2025-07-04 19:04:32,926: INFO/ForkPoolWorker-3] Task apps.gallery.tasks.process_audio[62ce646c-9d35-4aef-a7bd-80ef1b23e5b0] succeeded in 2.7977918720007438s: None
[2025-07-04 19:04:33,125: INFO/ForkPoolWorker-3] Fetching unsplash images to process
[2025-07-04 19:04:33,125: INFO/ForkPoolWorker-3] Starting Unsplash to gcs uploader job at 2025-07-04T19:04:33.125201
[2025-07-04 19:04:33,125: INFO/ForkPoolWorker-3] Using 6 search queries: nature, people, food, travel, architecture, animals
[2025-07-04 19:04:33,924: INFO/MainProcess] Task apps.gallery.tasks.process_audio[c2dbc697-b1f4-4518-b348-c5cb666ef45e] received
[2025-07-04 19:04:44,921: INFO/ForkPoolWorker-4] Task apps.gallery.tasks.populate_unsplash_images[a65880b7-f73f-41f9-ab20-988b1e11da41] succeeded in 120.30447887600167s: None
[2025-07-04 19:04:44,922: INFO/ForkPoolWorker-4] Fetching audios to process
[2025-07-04 19:04:46,224: INFO/MainProcess] Task apps.gallery.tasks.populate_unsplash_images[5692f9bc-fd58-4bbe-89cd-f2de289bdd13] received
[2025-07-04 19:04:47,019: INFO/ForkPoolWorker-4] No audio files to process
[2025-07-04 19:04:47,421: INFO/ForkPoolWorker-4] Task apps.gallery.tasks.process_audio[0e457028-fa06-4edc-92e4-66e1708dd696] succeeded in 2.4992422539999097s: None
[2025-07-04 19:04:47,421: INFO/ForkPoolWorker-4] Fetching audios to process
[2025-07-04 19:04:48,726: INFO/MainProcess] Task apps.gallery.tasks.populate_unsplash_images[f1c4eb6c-15e5-4037-a5af-0b966c40da17] received
[2025-07-04 19:04:49,624: INFO/ForkPoolWorker-4] No audio files to process
[2025-07-04 19:04:50,219: INFO/ForkPoolWorker-4] Task apps.gallery.tasks.process_audio[7c40ae14-7fc4-4d9b-9ccd-42137556c462] succeeded in 2.7978029690002586s: None
[2025-07-04 19:04:50,220: INFO/ForkPoolWorker-4] Fetching unsplash images to process
[2025-07-04 19:04:50,220: INFO/ForkPoolWorker-4] Starting Unsplash to gcs uploader job at 2025-07-04T19:04:50.220886
[2025-07-04 19:04:50,220: INFO/ForkPoolWorker-4] Using 6 search queries: nature, people, food, travel, architecture, animals
[2025-07-04 19:04:51,425: INFO/MainProcess] Task apps.gallery.tasks.process_audio[4657eaa1-04c5-4668-86b5-424658fc15e4] received
[2025-07-04 19:04:52,425: INFO/ForkPoolWorker-2] Task apps.gallery.tasks.populate_unsplash_images[b8779fd2-3f7d-4f1e-91a4-2e40b43acccb] succeeded in 122.20250006199967s: None
[2025-07-04 19:04:52,622: INFO/ForkPoolWorker-2] Fetching unsplash images to process
[2025-07-04 19:04:52,623: INFO/ForkPoolWorker-2] Starting Unsplash to gcs uploader job at 2025-07-04T19:04:52.623063
[2025-07-04 19:04:52,623: INFO/ForkPoolWorker-2] Using 6 search queries: nature, people, food, travel, architecture, animals
[2025-07-04 19:04:53,627: INFO/MainProcess] Task apps.gallery.tasks.populate_unsplash_images[88c75dbc-c357-48b2-ad32-3b940263499d] received
[2025-07-04 19:06:33,721: INFO/ForkPoolWorker-3] Task apps.gallery.tasks.populate_unsplash_images[2fc30f02-4ccf-471a-aca6-56a4ec263cf6] succeeded in 120.6017080269994s: None
[2025-07-04 19:06:33,922: INFO/ForkPoolWorker-3] Fetching unsplash images to process
[2025-07-04 19:06:33,922: INFO/ForkPoolWorker-3] Starting Unsplash to gcs uploader job at 2025-07-04T19:06:33.922757
[2025-07-04 19:06:33,922: INFO/ForkPoolWorker-3] Using 6 search queries: nature, people, food, travel, architecture, animals
[2025-07-04 19:06:35,225: INFO/MainProcess] Task apps.gallery.tasks.process_audio[025a7ecc-8d07-407d-a76f-30209b911971] received
[2025-07-04 19:06:50,417: INFO/ForkPoolWorker-4] Task apps.gallery.tasks.populate_unsplash_images[7f3482b4-1b76-4903-a213-34c1fcc2cb86] succeeded in 120.20237131899921s: None
[2025-07-04 19:06:50,418: INFO/ForkPoolWorker-4] Fetching audios to process
[2025-07-04 19:06:51,623: INFO/MainProcess] Task apps.gallery.tasks.populate_unsplash_images[4f66e375-928c-4fed-835a-8c3702abfa1d] received
[2025-07-04 19:06:52,024: INFO/ForkPoolWorker-4] No audio files to process
[2025-07-04 19:06:52,324: INFO/ForkPoolWorker-2] Task apps.gallery.tasks.populate_unsplash_images[c39b6e65-54b9-4d2a-b4b4-527d7ebf931b] succeeded in 119.70637857899965s: None
[2025-07-04 19:06:52,416: INFO/ForkPoolWorker-4] Task apps.gallery.tasks.process_audio[4794473d-4d02-4553-b7d5-0d1213910b3a] succeeded in 1.9979429640006856s: None
[2025-07-04 19:06:52,417: INFO/ForkPoolWorker-4] Fetching audios to process
[2025-07-04 19:06:52,522: INFO/ForkPoolWorker-2] Fetching unsplash images to process
[2025-07-04 19:06:52,522: INFO/ForkPoolWorker-2] Starting Unsplash to gcs uploader job at 2025-07-04T19:06:52.522506
[2025-07-04 19:06:52,522: INFO/ForkPoolWorker-2] Using 6 search queries: nature, people, food, travel, architecture, animals
[2025-07-04 19:06:53,923: INFO/MainProcess] Task apps.gallery.tasks.process_audio[35e484d1-7846-49a0-8ca9-f99f1ce41fe9] received
[2025-07-04 19:06:54,023: INFO/ForkPoolWorker-4] No audio files to process
[2025-07-04 19:06:54,420: INFO/ForkPoolWorker-4] Task apps.gallery.tasks.process_audio[24cffab1-5749-4907-ac18-cbb576ca5d90] succeeded in 2.0029249759991217s: None
[2025-07-04 19:06:54,421: INFO/ForkPoolWorker-4] Fetching unsplash images to process
[2025-07-04 19:06:54,421: INFO/ForkPoolWorker-4] Starting Unsplash to gcs uploader job at 2025-07-04T19:06:54.421308
[2025-07-04 19:06:54,421: INFO/ForkPoolWorker-4] Using 6 search queries: nature, people, food, travel, architecture, animals
[2025-07-04 19:06:54,522: INFO/MainProcess] Task apps.gallery.tasks.populate_unsplash_images[84e82ff8-7294-43a7-abe8-8865791d6e65] received
[2025-07-04 19:06:56,021: INFO/MainProcess] Task apps.gallery.tasks.process_audio[c6894281-4e5b-40c6-9eea-e767d882364d] received
[2025-07-04 19:08:33,721: INFO/ForkPoolWorker-3] Task apps.gallery.tasks.populate_unsplash_images[81eb5ccb-1d29-48a3-852d-fd7e963d8577] succeeded in 119.80340498000078s: None
[2025-07-04 19:08:33,921: INFO/ForkPoolWorker-3] Fetching unsplash images to process
[2025-07-04 19:08:33,921: INFO/ForkPoolWorker-3] Starting Unsplash to gcs uploader job at 2025-07-04T19:08:33.921223
[2025-07-04 19:08:33,921: INFO/ForkPoolWorker-3] Using 6 search queries: nature, people, food, travel, architecture, animals
[2025-07-04 19:08:35,124: INFO/MainProcess] Task apps.gallery.tasks.populate_unsplash_images[97dea123-bf3f-4ba0-a042-e4542107e226] received
[2025-07-04 19:08:53,815: INFO/ForkPoolWorker-4] Task apps.gallery.tasks.populate_unsplash_images[ad8a22c2-1ecb-4029-bddd-957129ee2345] succeeded in 119.39902048599834s: None
[2025-07-04 19:08:53,816: INFO/ForkPoolWorker-4] Fetching audios to process
[2025-07-04 19:08:54,520: INFO/ForkPoolWorker-2] Task apps.gallery.tasks.populate_unsplash_images[ef9b12aa-7def-42bd-82be-ba8e7af3983b] succeeded in 122.00320914199983s: None
[2025-07-04 19:08:54,922: INFO/MainProcess] Task apps.gallery.tasks.populate_unsplash_images[4a6e9edd-fe44-4350-bb8b-b9ca450bc13c] received
[2025-07-04 19:08:54,923: INFO/ForkPoolWorker-2] Fetching unsplash images to process
[2025-07-04 19:08:54,924: INFO/ForkPoolWorker-2] Starting Unsplash to gcs uploader job at 2025-07-04T19:08:54.924094
[2025-07-04 19:08:54,924: INFO/ForkPoolWorker-2] Using 6 search queries: nature, people, food, travel, architecture, animals
[2025-07-04 19:08:55,722: INFO/ForkPoolWorker-4] No audio files to process
[2025-07-04 19:08:55,920: INFO/MainProcess] Task apps.gallery.tasks.process_audio[9b746a6d-b925-45eb-8ffb-3624d9dbbb7f] received
[2025-07-04 19:08:56,122: INFO/ForkPoolWorker-4] Task apps.gallery.tasks.process_audio[51da7a8b-9928-4a81-9ad8-3e0994dbf563] succeeded in 2.306168297000113s: None
[2025-07-04 19:08:56,123: INFO/ForkPoolWorker-4] Fetching unsplash images to process
[2025-07-04 19:08:56,123: INFO/ForkPoolWorker-4] Starting Unsplash to gcs uploader job at 2025-07-04T19:08:56.123264
[2025-07-04 19:08:56,123: INFO/ForkPoolWorker-4] Using 6 search queries: nature, people, food, travel, architecture, animals
[2025-07-04 19:08:57,321: INFO/MainProcess] Task apps.gallery.tasks.populate_unsplash_images[91917b66-0c1a-4c44-9768-a50cf3511f94] received
[2025-07-04 19:09:22,519: INFO/MainProcess] missed heartbeat from celery@63f692d7cb61
[2025-07-04 19:09:22,519: INFO/MainProcess] missed heartbeat from celery@838e3ebc3f56
[2025-07-04 19:10:34,617: INFO/ForkPoolWorker-3] Task apps.gallery.tasks.populate_unsplash_images[034ed7b5-c0da-45c7-8700-d4c6a3377f2c] succeeded in 120.70193930500136s: None
[2025-07-04 19:10:34,819: INFO/ForkPoolWorker-3] Fetching unsplash images to process
[2025-07-04 19:10:34,819: INFO/ForkPoolWorker-3] Starting Unsplash to gcs uploader job at 2025-07-04T19:10:34.819343
[2025-07-04 19:10:34,819: INFO/ForkPoolWorker-3] Using 6 search queries: nature, people, food, travel, architecture, animals
[2025-07-04 19:10:36,018: ERROR/MainProcess] Received unregistered task of type 'apps.gallery.tasks.generate_metadata'.
The message has been ignored and discarded.

Did you remember to import the module containing this task?
Or maybe you're using relative imports?

Please see
https://docs.celeryq.dev/en/latest/internals/protocol.html
for more information.

The full contents of the message body was:
b'[[], {}, {"callbacks": null, "errbacks": null, "chain": null, "chord": null}]' (77b)

The full contents of the message headers:
{'lang': 'py', 'task': 'apps.gallery.tasks.generate_metadata', 'id': '3a13aa3a-4998-436c-bab8-3b5a1ffd5267', 'shadow': None, 'eta': None, 'expires': None, 'group': None, 'group_index': None, 'retries': 0, 'timelimit': [None, None], 'root_id': '3a13aa3a-4998-436c-bab8-3b5a1ffd5267', 'parent_id': None, 'argsrepr': '()', 'kwargsrepr': '{}', 'origin': 'gen7@63f692d7cb61', 'ignore_result': False, 'stamped_headers': None, 'stamps': {}}

The delivery info for this task is:
{'exchange': '', 'routing_key': 'celery'}
Traceback (most recent call last):
  File "/usr/local/lib/python3.12/site-packages/celery/worker/consumer/consumer.py", line 642, in on_task_received
    strategy = strategies[type_]
               ~~~~~~~~~~^^^^^^^
KeyError: 'apps.gallery.tasks.generate_metadata'
[2025-07-04 19:10:37,421: INFO/MainProcess] Task apps.gallery.tasks.process_audio[0a03334f-41a1-4686-95b1-cc6c6da2f6f5] received
[2025-07-04 19:10:53,715: INFO/ForkPoolWorker-4] Task apps.gallery.tasks.populate_unsplash_images[21826afc-83b8-402f-aff2-96e6d7056b9b] succeeded in 117.5973313430004s: None
[2025-07-04 19:10:53,716: INFO/ForkPoolWorker-4] Fetching audios to process
[2025-07-04 19:10:54,719: INFO/MainProcess] Task apps.gallery.tasks.populate_unsplash_images[b79dab9d-b4c9-4c60-a8f0-4063799e6966] received
[2025-07-04 19:10:55,312: INFO/ForkPoolWorker-4] No audio files to process
[2025-07-04 19:10:55,318: INFO/ForkPoolWorker-2] Task apps.gallery.tasks.populate_unsplash_images[570e80bb-1cd4-4ce4-9a80-1a09cd18d028] succeeded in 120.39995443799853s: None
[2025-07-04 19:10:55,517: INFO/ForkPoolWorker-2] Fetching unsplash images to process
[2025-07-04 19:10:55,517: INFO/ForkPoolWorker-2] Starting Unsplash to gcs uploader job at 2025-07-04T19:10:55.517934
[2025-07-04 19:10:55,518: INFO/ForkPoolWorker-2] Using 6 search queries: nature, people, food, travel, architecture, animals
[2025-07-04 19:10:55,712: INFO/ForkPoolWorker-4] Task apps.gallery.tasks.process_audio[28501619-8855-4737-ba00-08c8d4e96bf7] succeeded in 1.9962007800004358s: None
[2025-07-04 19:10:55,713: INFO/ForkPoolWorker-4] Fetching audios to process
[2025-07-04 19:10:56,319: INFO/MainProcess] Task apps.gallery.tasks.process_audio[f56013bb-7e42-4b77-aa6b-bdf9e9fbeba6] received
[2025-07-04 19:10:57,220: INFO/ForkPoolWorker-4] No audio files to process
[2025-07-04 19:10:57,418: INFO/MainProcess] Task apps.gallery.tasks.populate_unsplash_images[de84fd54-f590-46b0-b147-faedbf085b4c] received
[2025-07-04 19:10:57,713: INFO/ForkPoolWorker-4] Task apps.gallery.tasks.process_audio[c2dbc697-b1f4-4518-b348-c5cb666ef45e] succeeded in 1.9999475610002264s: None
[2025-07-04 19:10:57,714: INFO/ForkPoolWorker-4] Fetching unsplash images to process
[2025-07-04 19:10:57,714: INFO/ForkPoolWorker-4] Starting Unsplash to gcs uploader job at 2025-07-04T19:10:57.714650
[2025-07-04 19:10:57,714: INFO/ForkPoolWorker-4] Using 6 search queries: nature, people, food, travel, architecture, animals
[2025-07-04 19:10:59,118: INFO/MainProcess] Task apps.gallery.tasks.process_audio[2f189355-1e25-4eba-a650-a454f20ed2fe] received
[2025-07-04 19:12:38,715: INFO/ForkPoolWorker-3] Task apps.gallery.tasks.populate_unsplash_images[780bb057-2e37-4551-8475-7a8102a02ccb] succeeded in 123.90206216600018s: None
[2025-07-04 19:12:39,018: INFO/ForkPoolWorker-3] Fetching unsplash images to process
[2025-07-04 19:12:39,018: INFO/ForkPoolWorker-3] Starting Unsplash to gcs uploader job at 2025-07-04T19:12:39.018506
[2025-07-04 19:12:39,018: INFO/ForkPoolWorker-3] Using 6 search queries: nature, people, food, travel, architecture, animals
[2025-07-04 19:12:40,219: INFO/MainProcess] Task apps.gallery.tasks.process_audio[b8f87cdf-5082-4f0b-ad4a-d365ea6ad765] received
[2025-07-04 19:12:56,516: INFO/ForkPoolWorker-2] Task apps.gallery.tasks.populate_unsplash_images[5692f9bc-fd58-4bbe-89cd-f2de289bdd13] succeeded in 121.00364975699995s: None
[2025-07-04 19:12:56,815: INFO/ForkPoolWorker-2] Fetching audios to process
[2025-07-04 19:12:57,817: INFO/MainProcess] Task apps.gallery.tasks.populate_unsplash_images[ea7137b1-72ac-4ad1-b397-18c458fae6a2] received
[2025-07-04 19:13:00,012: INFO/ForkPoolWorker-2] No audio files to process
[2025-07-04 19:13:00,409: INFO/ForkPoolWorker-4] Task apps.gallery.tasks.populate_unsplash_images[f1c4eb6c-15e5-4037-a5af-0b966c40da17] succeeded in 122.70049624999956s: None
[2025-07-04 19:13:00,410: INFO/ForkPoolWorker-4] Fetching audios to process
[2025-07-04 19:13:00,416: INFO/ForkPoolWorker-2] Task apps.gallery.tasks.process_audio[025a7ecc-8d07-407d-a76f-30209b911971] succeeded in 3.6014564670003892s: None
[2025-07-04 19:13:00,714: INFO/ForkPoolWorker-2] Fetching audios to process
[2025-07-04 19:13:01,910: INFO/ForkPoolWorker-4] No audio files to process
[2025-07-04 19:13:01,916: INFO/MainProcess] Task apps.gallery.tasks.process_audio[fb5fb83f-fd53-4ba3-915b-e68b6bcace1a] received
[2025-07-04 19:13:02,309: INFO/ForkPoolWorker-2] No audio files to process
[2025-07-04 19:13:02,309: INFO/ForkPoolWorker-4] Task apps.gallery.tasks.process_audio[4657eaa1-04c5-4668-86b5-424658fc15e4] succeeded in 1.899071608999293s: None
[2025-07-04 19:13:02,311: INFO/ForkPoolWorker-4] Fetching unsplash images to process
[2025-07-04 19:13:02,311: INFO/ForkPoolWorker-4] Starting Unsplash to gcs uploader job at 2025-07-04T19:13:02.311115
[2025-07-04 19:13:02,311: INFO/ForkPoolWorker-4] Using 6 search queries: nature, people, food, travel, architecture, animals
[2025-07-04 19:13:02,617: INFO/MainProcess] Task apps.gallery.tasks.populate_unsplash_images[85d3a714-bb38-4cda-88b1-072a498349a1] received
[2025-07-04 19:13:02,819: INFO/ForkPoolWorker-2] Task apps.gallery.tasks.process_audio[35e484d1-7846-49a0-8ca9-f99f1ce41fe9] succeeded in 2.105775275000269s: None
[2025-07-04 19:13:03,016: INFO/ForkPoolWorker-2] Fetching audios to process
[2025-07-04 19:13:04,318: INFO/MainProcess] Task apps.gallery.tasks.process_audio[9b370c40-f4cb-4b71-8d03-c6771d0c7bdc] received
[2025-07-04 19:13:04,916: INFO/MainProcess] Task apps.gallery.tasks.populate_unsplash_images[578dc7ba-de13-412f-acec-b8a6e11eac94] received
[2025-07-04 19:13:05,309: INFO/ForkPoolWorker-2] No audio files to process
[2025-07-04 19:13:05,718: INFO/ForkPoolWorker-2] Task apps.gallery.tasks.process_audio[c6894281-4e5b-40c6-9eea-e767d882364d] succeeded in 2.702234223001142s: None
[2025-07-04 19:13:06,115: INFO/ForkPoolWorker-2] Fetching unsplash images to process
[2025-07-04 19:13:06,115: INFO/ForkPoolWorker-2] Starting Unsplash to gcs uploader job at 2025-07-04T19:13:06.115406
[2025-07-04 19:13:06,115: INFO/ForkPoolWorker-2] Using 6 search queries: nature, people, food, travel, architecture, animals
[2025-07-04 19:13:07,017: INFO/MainProcess] Task apps.gallery.tasks.process_audio[577b1c8b-8123-45aa-8c4c-c3bf0e35f420] received
[2025-07-04 19:14:42,213: INFO/ForkPoolWorker-3] Task apps.gallery.tasks.populate_unsplash_images[88c75dbc-c357-48b2-ad32-3b940263499d] succeeded in 123.19969572899936s: None
[2025-07-04 19:14:42,513: INFO/ForkPoolWorker-3] Fetching unsplash images to process
[2025-07-04 19:14:42,513: INFO/ForkPoolWorker-3] Starting Unsplash to gcs uploader job at 2025-07-04T19:14:42.513285
[2025-07-04 19:14:42,513: INFO/ForkPoolWorker-3] Using 6 search queries: nature, people, food, travel, architecture, animals
[2025-07-04 19:14:43,821: INFO/MainProcess] Task apps.gallery.tasks.populate_unsplash_images[9749a9d5-371c-49b2-a23c-08abdc15817d] received
[2025-07-04 19:14:50,727: INFO/MainProcess] missed heartbeat from celery@838e3ebc3f56
[2025-07-04 19:14:50,728: INFO/MainProcess] missed heartbeat from celery@63f692d7cb61
[2025-07-04 19:15:09,511: INFO/ForkPoolWorker-4] Task apps.gallery.tasks.populate_unsplash_images[4f66e375-928c-4fed-835a-8c3702abfa1d] succeeded in 127.20507574399926s: None
[2025-07-04 19:15:09,512: INFO/ForkPoolWorker-4] Fetching unsplash images to process
[2025-07-04 19:15:09,512: INFO/ForkPoolWorker-4] Starting Unsplash to gcs uploader job at 2025-07-04T19:15:09.512352
[2025-07-04 19:15:09,512: INFO/ForkPoolWorker-4] Using 6 search queries: nature, people, food, travel, architecture, animals
[2025-07-04 19:15:09,715: INFO/ForkPoolWorker-2] Task apps.gallery.tasks.populate_unsplash_images[97dea123-bf3f-4ba0-a042-e4542107e226] succeeded in 123.60552130599899s: None
[2025-07-04 19:15:11,315: INFO/MainProcess] Task apps.gallery.tasks.populate_unsplash_images[5a48041e-5c58-4cb7-90b2-6218c8fd8567] received
[2025-07-04 19:15:11,315: INFO/ForkPoolWorker-2] Fetching unsplash images to process
[2025-07-04 19:15:11,315: INFO/ForkPoolWorker-2] Starting Unsplash to gcs uploader job at 2025-07-04T19:15:11.315891
[2025-07-04 19:15:11,315: INFO/ForkPoolWorker-2] Using 6 search queries: nature, people, food, travel, architecture, animals
[2025-07-04 19:15:12,318: ERROR/MainProcess] Received unregistered task of type 'apps.gallery.tasks.generate_metadata'.
The message has been ignored and discarded.

Did you remember to import the module containing this task?
Or maybe you're using relative imports?

Please see
https://docs.celeryq.dev/en/latest/internals/protocol.html
for more information.

The full contents of the message body was:
b'[[], {}, {"callbacks": null, "errbacks": null, "chain": null, "chord": null}]' (77b)

The full contents of the message headers:
{'lang': 'py', 'task': 'apps.gallery.tasks.generate_metadata', 'id': '65be190a-30df-4f10-a94d-760da0dfbdfc', 'shadow': None, 'eta': None, 'expires': None, 'group': None, 'group_index': None, 'retries': 0, 'timelimit': [None, None], 'root_id': '65be190a-30df-4f10-a94d-760da0dfbdfc', 'parent_id': None, 'argsrepr': '()', 'kwargsrepr': '{}', 'origin': 'gen7@63f692d7cb61', 'ignore_result': False, 'stamped_headers': None, 'stamps': {}}

The delivery info for this task is:
{'exchange': '', 'routing_key': 'celery'}
Traceback (most recent call last):
  File "/usr/local/lib/python3.12/site-packages/celery/worker/consumer/consumer.py", line 642, in on_task_received
    strategy = strategies[type_]
               ~~~~~~~~~~^^^^^^^
KeyError: 'apps.gallery.tasks.generate_metadata'
[2025-07-04 19:15:13,990: INFO/MainProcess] Task apps.gallery.tasks.process_audio[e0271088-c329-43c6-99cc-8e7e813a9416] received
[2025-07-04 19:16:52,955: INFO/ForkPoolWorker-3] Task apps.gallery.tasks.populate_unsplash_images[4a6e9edd-fe44-4350-bb8b-b9ca450bc13c] succeeded in 130.4486478050003s: None
[2025-07-04 19:16:53,564: INFO/ForkPoolWorker-3] Fetching audios to process
[2025-07-04 19:16:55,894: INFO/MainProcess] Task apps.gallery.tasks.populate_unsplash_images[771a5b08-f0b9-4051-8f5b-290886d0d764] received
[2025-07-04 19:16:55,995: INFO/ForkPoolWorker-3] No audio files to process
[2025-07-04 19:16:56,591: INFO/ForkPoolWorker-3] Task apps.gallery.tasks.process_audio[0a03334f-41a1-4686-95b1-cc6c6da2f6f5] succeeded in 3.027188430998649s: None
[2025-07-04 19:16:57,195: INFO/ForkPoolWorker-3] Fetching unsplash images to process
[2025-07-04 19:16:57,196: INFO/ForkPoolWorker-3] Starting Unsplash to gcs uploader job at 2025-07-04T19:16:57.196033
[2025-07-04 19:16:57,196: INFO/ForkPoolWorker-3] Using 6 search queries: nature, people, food, travel, architecture, animals
[2025-07-04 19:16:58,405: INFO/MainProcess] Task apps.gallery.tasks.process_audio[58cfd681-9bc1-4e0c-9a3b-785db13a008e] received
[2025-07-04 19:17:24,813: INFO/ForkPoolWorker-2] Task apps.gallery.tasks.populate_unsplash_images[91917b66-0c1a-4c44-9768-a50cf3511f94] succeeded in 133.50409842099907s: None
[2025-07-04 19:17:25,010: INFO/ForkPoolWorker-2] Fetching audios to process
[2025-07-04 19:17:26,311: INFO/MainProcess] Task apps.gallery.tasks.populate_unsplash_images[458a479e-dd91-4db5-9039-43af01dea592] received
[2025-07-04 19:17:26,814: INFO/ForkPoolWorker-2] No audio files to process
[2025-07-04 19:17:27,212: INFO/ForkPoolWorker-2] Task apps.gallery.tasks.process_audio[f56013bb-7e42-4b77-aa6b-bdf9e9fbeba6] succeeded in 2.201534428000741s: None
[2025-07-04 19:17:27,411: INFO/ForkPoolWorker-2] Fetching unsplash images to process
[2025-07-04 19:17:27,411: INFO/ForkPoolWorker-2] Starting Unsplash to gcs uploader job at 2025-07-04T19:17:27.411250
[2025-07-04 19:17:27,411: INFO/ForkPoolWorker-2] Using 6 search queries: nature, people, food, travel, architecture, animals
[2025-07-04 19:17:28,412: INFO/MainProcess] Task apps.gallery.tasks.populate_unsplash_images[ce5cb54a-0c44-44a8-8c34-531d0bbbf70a] received
[2025-07-04 19:17:35,204: INFO/ForkPoolWorker-4] Task apps.gallery.tasks.populate_unsplash_images[84e82ff8-7294-43a7-abe8-8865791d6e65] succeeded in 145.6992149050002s: None
[2025-07-04 19:17:35,206: INFO/ForkPoolWorker-4] Fetching audios to process
[2025-07-04 19:17:36,412: ERROR/MainProcess] Received unregistered task of type 'apps.gallery.tasks.generate_metadata'.
The message has been ignored and discarded.

Did you remember to import the module containing this task?
Or maybe you're using relative imports?

Please see
https://docs.celeryq.dev/en/latest/internals/protocol.html
for more information.

The full contents of the message body was:
b'[[], {}, {"callbacks": null, "errbacks": null, "chain": null, "chord": null}]' (77b)

The full contents of the message headers:
{'lang': 'py', 'task': 'apps.gallery.tasks.generate_metadata', 'id': '51b07f60-0ac0-4672-8ff7-2bd256618bc6', 'shadow': None, 'eta': None, 'expires': None, 'group': None, 'group_index': None, 'retries': 0, 'timelimit': [None, None], 'root_id': '51b07f60-0ac0-4672-8ff7-2bd256618bc6', 'parent_id': None, 'argsrepr': '()', 'kwargsrepr': '{}', 'origin': 'gen7@63f692d7cb61', 'ignore_result': False, 'stamped_headers': None, 'stamps': {}}

The delivery info for this task is:
{'exchange': '', 'routing_key': 'celery'}
Traceback (most recent call last):
  File "/usr/local/lib/python3.12/site-packages/celery/worker/consumer/consumer.py", line 642, in on_task_received
    strategy = strategies[type_]
               ~~~~~~~~~~^^^^^^^
KeyError: 'apps.gallery.tasks.generate_metadata'
[2025-07-04 19:17:36,904: INFO/ForkPoolWorker-4] No audio files to process
[2025-07-04 19:17:37,306: INFO/ForkPoolWorker-4] Task apps.gallery.tasks.process_audio[9b746a6d-b925-45eb-8ffb-3624d9dbbb7f] succeeded in 2.1001758459988196s: None
[2025-07-04 19:17:37,307: INFO/ForkPoolWorker-4] Fetching audios to process
[2025-07-04 19:17:38,011: INFO/MainProcess] Task apps.gallery.tasks.process_audio[46636574-aa84-4244-9baf-5575ddd4b853] received
[2025-07-04 19:17:38,910: INFO/MainProcess] Task apps.gallery.tasks.populate_unsplash_images[d8ef9d98-9c1e-4b51-91fc-7e76ad38d2d1] received
[2025-07-04 19:17:39,109: INFO/ForkPoolWorker-4] No audio files to process
[2025-07-04 19:17:39,507: INFO/ForkPoolWorker-4] Task apps.gallery.tasks.process_audio[2f189355-1e25-4eba-a650-a454f20ed2fe] succeeded in 2.2007471050001186s: None
[2025-07-04 19:17:39,508: INFO/ForkPoolWorker-4] Fetching audios to process
[2025-07-04 19:17:40,813: INFO/MainProcess] Task apps.gallery.tasks.process_audio[91adfd09-ebf4-4c1a-b289-04ac96389c16] received
[2025-07-04 19:17:41,215: INFO/ForkPoolWorker-4] No audio files to process
[2025-07-04 19:17:42,405: INFO/ForkPoolWorker-4] Task apps.gallery.tasks.process_audio[b8f87cdf-5082-4f0b-ad4a-d365ea6ad765] succeeded in 2.89661934400101s: None
[2025-07-04 19:17:42,406: INFO/ForkPoolWorker-4] Fetching unsplash images to process
[2025-07-04 19:17:42,406: INFO/ForkPoolWorker-4] Starting Unsplash to gcs uploader job at 2025-07-04T19:17:42.406280
[2025-07-04 19:17:42,406: INFO/ForkPoolWorker-4] Using 6 search queries: nature, people, food, travel, architecture, animals
[2025-07-04 19:17:43,511: INFO/MainProcess] Task apps.gallery.tasks.populate_unsplash_images[7153da2d-cbb3-4fd7-86da-39f2e601ce6f] received
[2025-07-04 19:19:06,508: INFO/ForkPoolWorker-3] Task apps.gallery.tasks.populate_unsplash_images[b79dab9d-b4c9-4c60-a8f0-4063799e6966] succeeded in 129.31776964600067s: None
[2025-07-04 19:19:06,783: INFO/ForkPoolWorker-3] Fetching unsplash images to process
[2025-07-04 19:19:06,783: INFO/ForkPoolWorker-3] Starting Unsplash to gcs uploader job at 2025-07-04T19:19:06.783501
[2025-07-04 19:19:06,783: INFO/ForkPoolWorker-3] Using 6 search queries: nature, people, food, travel, architecture, animals
[2025-07-04 19:19:08,609: INFO/MainProcess] Task apps.gallery.tasks.process_audio[d69cc6c0-4f9a-4f83-9cb2-bf02e03c3e9d] received
[2025-07-04 19:19:32,809: INFO/ForkPoolWorker-2] Task apps.gallery.tasks.populate_unsplash_images[de84fd54-f590-46b0-b147-faedbf085b4c] succeeded in 125.40343367999958s: None
[2025-07-04 19:19:33,009: INFO/ForkPoolWorker-2] Fetching audios to process
[2025-07-04 19:19:33,809: INFO/MainProcess] Task apps.gallery.tasks.populate_unsplash_images[40d4ec41-8e4f-4147-9b75-172cf3962480] received
[2025-07-04 19:19:35,306: INFO/ForkPoolWorker-2] No audio files to process
[2025-07-04 19:19:35,710: INFO/ForkPoolWorker-2] Task apps.gallery.tasks.process_audio[9b370c40-f4cb-4b71-8d03-c6771d0c7bdc] succeeded in 2.7006510689989227s: None
[2025-07-04 19:19:35,907: INFO/ForkPoolWorker-2] Fetching unsplash images to process
[2025-07-04 19:19:35,907: INFO/ForkPoolWorker-2] Starting Unsplash to gcs uploader job at 2025-07-04T19:19:35.907884
[2025-07-04 19:19:35,908: INFO/ForkPoolWorker-2] Using 6 search queries: nature, people, food, travel, architecture, animals
[2025-07-04 19:19:36,710: INFO/MainProcess] Task apps.gallery.tasks.process_audio[d808b06c-f58a-46d4-88d7-f05f3db005b6] received
[2025-07-04 19:19:40,502: INFO/ForkPoolWorker-4] Task apps.gallery.tasks.populate_unsplash_images[ea7137b1-72ac-4ad1-b397-18c458fae6a2] succeeded in 118.10194174299977s: None
[2025-07-04 19:19:40,503: INFO/ForkPoolWorker-4] Fetching audios to process
[2025-07-04 19:19:41,908: INFO/MainProcess] Task apps.gallery.tasks.populate_unsplash_images[31f360a1-1df9-4cff-b4b9-c9e0818cdab2] received
[2025-07-04 19:19:42,711: INFO/ForkPoolWorker-4] No audio files to process
[2025-07-04 19:19:43,109: INFO/ForkPoolWorker-4] Task apps.gallery.tasks.process_audio[fb5fb83f-fd53-4ba3-915b-e68b6bcace1a] succeeded in 2.605643732998942s: None
[2025-07-04 19:19:43,110: INFO/ForkPoolWorker-4] Fetching audios to process
[2025-07-04 19:19:44,313: INFO/MainProcess] Task apps.gallery.tasks.process_audio[4cdd1b52-c2ff-4c28-8ffc-7e2332b5ecfa] received
[2025-07-04 19:19:45,012: INFO/ForkPoolWorker-4] No audio files to process
[2025-07-04 19:19:45,504: INFO/ForkPoolWorker-4] Task apps.gallery.tasks.process_audio[577b1c8b-8123-45aa-8c4c-c3bf0e35f420] succeeded in 2.3957370139996783s: None
[2025-07-04 19:19:45,505: INFO/ForkPoolWorker-4] Fetching unsplash images to process
[2025-07-04 19:19:45,505: INFO/ForkPoolWorker-4] Starting Unsplash to gcs uploader job at 2025-07-04T19:19:45.505933
[2025-07-04 19:19:45,506: INFO/ForkPoolWorker-4] Using 6 search queries: nature, people, food, travel, architecture, animals
[2025-07-04 19:19:46,810: INFO/MainProcess] Task apps.gallery.tasks.populate_unsplash_images[8bf335e8-5454-4739-9dee-b867d1969be0] received
[2025-07-04 19:21:09,009: INFO/ForkPoolWorker-3] Task apps.gallery.tasks.populate_unsplash_images[85d3a714-bb38-4cda-88b1-072a498349a1] succeeded in 122.23121756599903s: None
[2025-07-04 19:21:09,304: INFO/ForkPoolWorker-3] Fetching audios to process
[2025-07-04 19:21:10,711: INFO/ForkPoolWorker-3] No audio files to process
[2025-07-04 19:21:11,107: INFO/MainProcess] Task apps.gallery.tasks.process_audio[aefc151f-ca4b-4646-8e3a-6bb05764c8aa] received
[2025-07-04 19:21:11,108: INFO/ForkPoolWorker-3] Task apps.gallery.tasks.process_audio[e0271088-c329-43c6-99cc-8e7e813a9416] succeeded in 1.8038911809999263s: None
[2025-07-04 19:21:11,907: INFO/ForkPoolWorker-3] Fetching unsplash images to process
[2025-07-04 19:21:11,907: INFO/ForkPoolWorker-3] Starting Unsplash to gcs uploader job at 2025-07-04T19:21:11.907209
[2025-07-04 19:21:11,907: INFO/ForkPoolWorker-3] Using 6 search queries: nature, people, food, travel, architecture, animals
[2025-07-04 19:21:12,706: INFO/MainProcess] Task apps.gallery.tasks.process_audio[ad7e1910-95c7-4d82-a394-cbe293a05d1f] received
[2025-07-04 19:21:36,004: INFO/ForkPoolWorker-2] Task apps.gallery.tasks.populate_unsplash_images[578dc7ba-de13-412f-acec-b8a6e11eac94] succeeded in 120.10351373999947s: None
[2025-07-04 19:21:36,204: INFO/ForkPoolWorker-2] Fetching audios to process
[2025-07-04 19:21:37,315: INFO/MainProcess] Task apps.gallery.tasks.process_audio[90d1ef63-27e8-45d4-9974-9bfa5efdfdf7] received
[2025-07-04 19:21:38,399: INFO/ForkPoolWorker-2] No audio files to process
[2025-07-04 19:21:38,805: INFO/ForkPoolWorker-2] Task apps.gallery.tasks.process_audio[58cfd681-9bc1-4e0c-9a3b-785db13a008e] succeeded in 2.6016385450002417s: None
[2025-07-04 19:21:39,205: INFO/ForkPoolWorker-2] Fetching unsplash images to process
[2025-07-04 19:21:39,206: INFO/ForkPoolWorker-2] Starting Unsplash to gcs uploader job at 2025-07-04T19:21:39.206024
[2025-07-04 19:21:39,206: INFO/ForkPoolWorker-2] Using 6 search queries: nature, people, food, travel, architecture, animals
[2025-07-04 19:21:40,005: INFO/MainProcess] Task apps.gallery.tasks.populate_unsplash_images[f7947f7e-00ea-4141-83d1-754015050ac4] received
[2025-07-04 19:21:45,400: INFO/ForkPoolWorker-4] Task apps.gallery.tasks.populate_unsplash_images[9749a9d5-371c-49b2-a23c-08abdc15817d] succeeded in 119.90073483699962s: None
[2025-07-04 19:21:45,401: INFO/ForkPoolWorker-4] Fetching unsplash images to process
[2025-07-04 19:21:45,402: INFO/ForkPoolWorker-4] Starting Unsplash to gcs uploader job at 2025-07-04T19:21:45.401997
[2025-07-04 19:21:45,402: INFO/ForkPoolWorker-4] Using 6 search queries: nature, people, food, travel, architecture, animals
[2025-07-04 19:21:46,905: INFO/MainProcess] Task apps.gallery.tasks.process_audio[5d9b8475-7684-46d9-a83e-74eeac28e903] received
[2025-07-04 19:23:08,603: INFO/ForkPoolWorker-3] Task apps.gallery.tasks.populate_unsplash_images[771a5b08-f0b9-4051-8f5b-290886d0d764] succeeded in 116.70136569399983s: None
[2025-07-04 19:23:08,803: INFO/ForkPoolWorker-3] Fetching audios to process
[2025-07-04 19:23:10,004: INFO/MainProcess] Task apps.gallery.tasks.process_audio[5908215d-b751-4db1-906e-4a015110876a] received
[2025-07-04 19:23:10,698: INFO/ForkPoolWorker-3] No audio files to process
[2025-07-04 19:23:11,103: INFO/ForkPoolWorker-3] Task apps.gallery.tasks.process_audio[46636574-aa84-4244-9baf-5575ddd4b853] succeeded in 2.300939146000019s: None
[2025-07-04 19:23:11,302: INFO/ForkPoolWorker-3] Fetching unsplash images to process
[2025-07-04 19:23:11,302: INFO/ForkPoolWorker-3] Starting Unsplash to gcs uploader job at 2025-07-04T19:23:11.302346
[2025-07-04 19:23:11,302: INFO/ForkPoolWorker-3] Using 6 search queries: nature, people, food, travel, architecture, animals
[2025-07-04 19:23:12,105: INFO/MainProcess] Task apps.gallery.tasks.populate_unsplash_images[3429bde0-81c2-4a13-87e6-2ae15daa867d] received
[2025-07-04 19:23:36,504: INFO/ForkPoolWorker-2] Task apps.gallery.tasks.populate_unsplash_images[458a479e-dd91-4db5-9039-43af01dea592] succeeded in 117.30230424300134s: None
[2025-07-04 19:23:36,703: INFO/ForkPoolWorker-2] Fetching audios to process
[2025-07-04 19:23:38,403: INFO/MainProcess] Task apps.gallery.tasks.populate_unsplash_images[aa7fba73-1fda-4c4a-9e3a-e26e77baaec8] received
[2025-07-04 19:23:38,606: INFO/ForkPoolWorker-2] No audio files to process
[2025-07-04 19:23:39,004: INFO/ForkPoolWorker-2] Task apps.gallery.tasks.process_audio[91adfd09-ebf4-4c1a-b289-04ac96389c16] succeeded in 2.301645761001055s: None
[2025-07-04 19:23:39,403: INFO/ForkPoolWorker-2] Fetching unsplash images to process
[2025-07-04 19:23:39,403: INFO/ForkPoolWorker-2] Starting Unsplash to gcs uploader job at 2025-07-04T19:23:39.403129
[2025-07-04 19:23:39,403: INFO/ForkPoolWorker-2] Using 6 search queries: nature, people, food, travel, architecture, animals
[2025-07-04 19:23:40,603: INFO/MainProcess] Task apps.gallery.tasks.process_audio[5fec4803-a72b-4ed7-b050-2cfe9f5ecc77] received
[2025-07-04 19:23:45,097: INFO/ForkPoolWorker-4] Task apps.gallery.tasks.populate_unsplash_images[5a48041e-5c58-4cb7-90b2-6218c8fd8567] succeeded in 119.70081419899907s: None
[2025-07-04 19:23:45,098: INFO/ForkPoolWorker-4] Fetching unsplash images to process
[2025-07-04 19:23:45,098: INFO/ForkPoolWorker-4] Starting Unsplash to gcs uploader job at 2025-07-04T19:23:45.098655
[2025-07-04 19:23:45,098: INFO/ForkPoolWorker-4] Using 6 search queries: nature, people, food, travel, architecture, animals
[2025-07-04 19:23:46,102: INFO/MainProcess] Task apps.gallery.tasks.populate_unsplash_images[6b5067f3-3d94-484d-88bd-88b1dcacb443] received
[2025-07-04 19:25:10,322: INFO/ForkPoolWorker-3] Task apps.gallery.tasks.populate_unsplash_images[d8ef9d98-9c1e-4b51-91fc-7e76ad38d2d1] succeeded in 119.02534017499966s: None
[2025-07-04 19:25:10,521: INFO/ForkPoolWorker-3] Fetching unsplash images to process
[2025-07-04 19:25:10,521: INFO/ForkPoolWorker-3] Starting Unsplash to gcs uploader job at 2025-07-04T19:25:10.521244
[2025-07-04 19:25:10,521: INFO/ForkPoolWorker-3] Using 6 search queries: nature, people, food, travel, architecture, animals
[2025-07-04 19:25:12,309: INFO/MainProcess] Task apps.gallery.tasks.process_audio[a50248d9-da17-4a03-ad24-46238374735c] received
[2025-07-04 19:25:39,502: INFO/ForkPoolWorker-2] Task apps.gallery.tasks.populate_unsplash_images[7153da2d-cbb3-4fd7-86da-39f2e601ce6f] succeeded in 120.10410013299952s: None
[2025-07-04 19:25:39,899: INFO/ForkPoolWorker-2] Fetching audios to process
[2025-07-04 19:25:41,202: INFO/MainProcess] Task apps.gallery.tasks.process_audio[b0819483-2929-4620-9468-095025c81b65] received
[2025-07-04 19:25:41,505: INFO/ForkPoolWorker-2] No audio files to process
[2025-07-04 19:25:41,901: INFO/ForkPoolWorker-2] Task apps.gallery.tasks.process_audio[d808b06c-f58a-46d4-88d7-f05f3db005b6] succeeded in 2.00218873599988s: None
[2025-07-04 19:25:42,099: INFO/ForkPoolWorker-2] Fetching unsplash images to process
[2025-07-04 19:25:42,100: INFO/ForkPoolWorker-2] Starting Unsplash to gcs uploader job at 2025-07-04T19:25:42.100050
[2025-07-04 19:25:42,100: INFO/ForkPoolWorker-2] Using 6 search queries: nature, people, food, travel, architecture, animals
[2025-07-04 19:25:43,103: INFO/MainProcess] Task apps.gallery.tasks.populate_unsplash_images[bd454860-cd13-4700-8385-ea8e411178c9] received
[2025-07-04 19:25:45,094: INFO/ForkPoolWorker-4] Task apps.gallery.tasks.populate_unsplash_images[ce5cb54a-0c44-44a8-8c34-531d0bbbf70a] succeeded in 120.00142349999987s: None
[2025-07-04 19:25:45,096: INFO/ForkPoolWorker-4] Fetching audios to process
[2025-07-04 19:25:46,600: INFO/MainProcess] Task apps.gallery.tasks.process_audio[fae7887f-b3ac-4f90-b9e3-cfda79cbf569] received
[2025-07-04 19:25:46,902: INFO/ForkPoolWorker-4] No audio files to process
[2025-07-04 19:25:47,304: INFO/ForkPoolWorker-4] Task apps.gallery.tasks.process_audio[d69cc6c0-4f9a-4f83-9cb2-bf02e03c3e9d] succeeded in 2.2084707170015463s: None
[2025-07-04 19:25:47,305: INFO/ForkPoolWorker-4] Fetching audios to process
[2025-07-04 19:25:48,301: INFO/MainProcess] Task apps.gallery.tasks.populate_unsplash_images[1a3839d9-55fb-498f-946c-4e2daa4bcad8] received
[2025-07-04 19:25:48,794: INFO/ForkPoolWorker-4] No audio files to process
[2025-07-04 19:25:49,198: INFO/ForkPoolWorker-4] Task apps.gallery.tasks.process_audio[4cdd1b52-c2ff-4c28-8ffc-7e2332b5ecfa] succeeded in 1.893012421000094s: None
[2025-07-04 19:25:49,199: INFO/ForkPoolWorker-4] Fetching unsplash images to process
[2025-07-04 19:25:49,199: INFO/ForkPoolWorker-4] Starting Unsplash to gcs uploader job at 2025-07-04T19:25:49.199223
[2025-07-04 19:25:49,199: INFO/ForkPoolWorker-4] Using 6 search queries: nature, people, food, travel, architecture, animals
[2025-07-04 19:25:50,299: INFO/MainProcess] Task apps.gallery.tasks.process_audio[cd696516-209c-4050-ad70-b4868f54cb45] received
[2025-07-04 19:27:08,498: INFO/ForkPoolWorker-3] Task apps.gallery.tasks.populate_unsplash_images[40d4ec41-8e4f-4147-9b75-172cf3962480] succeeded in 117.98277655400125s: None
[2025-07-04 19:27:08,798: INFO/ForkPoolWorker-3] Fetching audios to process
[2025-07-04 19:27:10,508: ERROR/MainProcess] Received unregistered task of type 'apps.gallery.tasks.generate_metadata'.
The message has been ignored and discarded.

Did you remember to import the module containing this task?
Or maybe you're using relative imports?

Please see
https://docs.celeryq.dev/en/latest/internals/protocol.html
for more information.

The full contents of the message body was:
b'[[], {}, {"callbacks": null, "errbacks": null, "chain": null, "chord": null}]' (77b)

The full contents of the message headers:
{'lang': 'py', 'task': 'apps.gallery.tasks.generate_metadata', 'id': '48a02f3c-03bd-4b9f-b5e4-56640fcd2052', 'shadow': None, 'eta': None, 'expires': None, 'group': None, 'group_index': None, 'retries': 0, 'timelimit': [None, None], 'root_id': '48a02f3c-03bd-4b9f-b5e4-56640fcd2052', 'parent_id': None, 'argsrepr': '()', 'kwargsrepr': '{}', 'origin': 'gen7@63f692d7cb61', 'ignore_result': False, 'stamped_headers': None, 'stamps': {}}

The delivery info for this task is:
{'exchange': '', 'routing_key': 'celery'}
Traceback (most recent call last):
  File "/usr/local/lib/python3.12/site-packages/celery/worker/consumer/consumer.py", line 642, in on_task_received
    strategy = strategies[type_]
               ~~~~~~~~~~^^^^^^^
KeyError: 'apps.gallery.tasks.generate_metadata'
[2025-07-04 19:27:10,698: INFO/ForkPoolWorker-3] No audio files to process
[2025-07-04 19:27:11,198: INFO/ForkPoolWorker-3] Task apps.gallery.tasks.process_audio[ad7e1910-95c7-4d82-a394-cbe293a05d1f] succeeded in 2.4007279879988346s: None
[2025-07-04 19:27:11,998: INFO/MainProcess] Task apps.gallery.tasks.process_audio[5079bc91-6173-4f6c-a424-9d151ee99d59] received
[2025-07-04 19:27:11,999: INFO/ForkPoolWorker-3] Fetching audios to process
[2025-07-04 19:27:13,300: INFO/MainProcess] Task apps.gallery.tasks.populate_unsplash_images[31249917-958c-4077-9e5c-36531dcf31dc] received
[2025-07-04 19:27:13,703: INFO/ForkPoolWorker-3] No audio files to process
[2025-07-04 19:27:14,103: INFO/ForkPoolWorker-3] Task apps.gallery.tasks.process_audio[90d1ef63-27e8-45d4-9974-9bfa5efdfdf7] succeeded in 2.103800835999209s: None
[2025-07-04 19:27:14,298: INFO/ForkPoolWorker-3] Fetching unsplash images to process
[2025-07-04 19:27:14,298: INFO/ForkPoolWorker-3] Starting Unsplash to gcs uploader job at 2025-07-04T19:27:14.298615
[2025-07-04 19:27:14,298: INFO/ForkPoolWorker-3] Using 6 search queries: nature, people, food, travel, architecture, animals
[2025-07-04 19:27:15,297: INFO/MainProcess] Task apps.gallery.tasks.process_audio[e88ef124-d78f-4a7d-b9eb-0ba14b64e6d4] received
[2025-07-04 19:27:41,698: INFO/ForkPoolWorker-2] Task apps.gallery.tasks.populate_unsplash_images[31f360a1-1df9-4cff-b4b9-c9e0818cdab2] succeeded in 119.6040881889985s: None
[2025-07-04 19:27:42,000: INFO/ForkPoolWorker-2] Fetching audios to process
[2025-07-04 19:27:43,498: INFO/MainProcess] Task apps.gallery.tasks.process_audio[686fcc70-9312-45dc-865f-b87a33c4d776] received
[2025-07-04 19:27:44,291: INFO/ForkPoolWorker-2] No audio files to process
[2025-07-04 19:27:44,700: INFO/ForkPoolWorker-2] Task apps.gallery.tasks.process_audio[5d9b8475-7684-46d9-a83e-74eeac28e903] succeeded in 2.701946463999775s: None
[2025-07-04 19:27:44,900: INFO/ForkPoolWorker-2] Fetching audios to process
[2025-07-04 19:27:45,698: INFO/MainProcess] Task apps.gallery.tasks.populate_unsplash_images[2ce17176-13bb-4836-b363-c5ae3fcbfa99] received
[2025-07-04 19:27:46,992: INFO/ForkPoolWorker-2] No audio files to process
[2025-07-04 19:27:47,399: INFO/ForkPoolWorker-2] Task apps.gallery.tasks.process_audio[5908215d-b751-4db1-906e-4a015110876a] succeeded in 2.4997543179997592s: None
[2025-07-04 19:27:47,597: INFO/ForkPoolWorker-2] Fetching unsplash images to process
[2025-07-04 19:27:47,597: INFO/ForkPoolWorker-2] Starting Unsplash to gcs uploader job at 2025-07-04T19:27:47.597928
[2025-07-04 19:27:47,597: INFO/ForkPoolWorker-2] Using 6 search queries: nature, people, food, travel, architecture, animals
[2025-07-04 19:27:48,599: INFO/MainProcess] Task apps.gallery.tasks.process_audio[f47946b1-6904-40c0-808a-fda7fb757834] received
[2025-07-04 19:27:49,392: INFO/ForkPoolWorker-4] Task apps.gallery.tasks.populate_unsplash_images[8bf335e8-5454-4739-9dee-b867d1969be0] succeeded in 120.19884392499989s: None
[2025-07-04 19:27:49,393: INFO/ForkPoolWorker-4] Fetching audios to process
[2025-07-04 19:27:50,898: INFO/MainProcess] Task apps.gallery.tasks.populate_unsplash_images[97b86ad6-266f-49f8-b8c1-83fac14a9a28] received
[2025-07-04 19:27:51,100: INFO/ForkPoolWorker-4] No audio files to process
[2025-07-04 19:27:51,499: INFO/ForkPoolWorker-4] Task apps.gallery.tasks.process_audio[aefc151f-ca4b-4646-8e3a-6bb05764c8aa] succeeded in 2.1063701690000016s: None
[2025-07-04 19:27:51,500: INFO/ForkPoolWorker-4] Fetching unsplash images to process
[2025-07-04 19:27:51,501: INFO/ForkPoolWorker-4] Starting Unsplash to gcs uploader job at 2025-07-04T19:27:51.501088
[2025-07-04 19:27:51,501: INFO/ForkPoolWorker-4] Using 6 search queries: nature, people, food, travel, architecture, animals
[2025-07-04 19:27:52,598: INFO/MainProcess] Task apps.gallery.tasks.process_audio[ec2d2bce-724c-40b7-9a8d-651b609a4bd9] received
[2025-07-04 19:29:13,797: INFO/ForkPoolWorker-3] Task apps.gallery.tasks.populate_unsplash_images[f7947f7e-00ea-4141-83d1-754015050ac4] succeeded in 119.50416665800003s: None
[2025-07-04 19:29:13,996: INFO/ForkPoolWorker-3] Fetching unsplash images to process
[2025-07-04 19:29:13,996: INFO/ForkPoolWorker-3] Starting Unsplash to gcs uploader job at 2025-07-04T19:29:13.996441
[2025-07-04 19:29:13,996: INFO/ForkPoolWorker-3] Using 6 search queries: nature, people, food, travel, architecture, animals
[2025-07-04 19:29:15,296: INFO/MainProcess] Task apps.gallery.tasks.process_audio[eade19d6-a3aa-4f49-8781-d960594a526c] received
[2025-07-04 19:29:46,396: INFO/ForkPoolWorker-2] Task apps.gallery.tasks.populate_unsplash_images[3429bde0-81c2-4a13-87e6-2ae15daa867d] succeeded in 118.80328345999988s: None
[2025-07-04 19:29:46,595: INFO/ForkPoolWorker-2] Fetching audios to process
[2025-07-04 19:29:47,897: INFO/MainProcess] Task apps.gallery.tasks.process_audio[1705d2d5-9c13-47a5-b0d1-ab766d17fd7b] received
[2025-07-04 19:29:48,090: INFO/ForkPoolWorker-4] Task apps.gallery.tasks.populate_unsplash_images[aa7fba73-1fda-4c4a-9e3a-e26e77baaec8] succeeded in 116.59431492600015s: None
[2025-07-04 19:29:48,091: INFO/ForkPoolWorker-4] Fetching audios to process
[2025-07-04 19:29:48,590: INFO/ForkPoolWorker-2] No audio files to process
[2025-07-04 19:29:48,995: INFO/ForkPoolWorker-2] Task apps.gallery.tasks.process_audio[a50248d9-da17-4a03-ad24-46238374735c] succeeded in 2.4005546450007387s: None
[2025-07-04 19:29:49,096: INFO/MainProcess] Task apps.gallery.tasks.populate_unsplash_images[711514c7-c730-4e1e-a17a-8fbdecefbe39] received
[2025-07-04 19:29:49,698: INFO/ForkPoolWorker-2] Fetching unsplash images to process
[2025-07-04 19:29:49,698: INFO/ForkPoolWorker-2] Starting Unsplash to gcs uploader job at 2025-07-04T19:29:49.698716
[2025-07-04 19:29:49,698: INFO/ForkPoolWorker-2] Using 6 search queries: nature, people, food, travel, architecture, animals
[2025-07-04 19:29:50,097: INFO/ForkPoolWorker-4] No audio files to process
[2025-07-04 19:29:50,490: INFO/ForkPoolWorker-4] Task apps.gallery.tasks.process_audio[5fec4803-a72b-4ed7-b050-2cfe9f5ecc77] succeeded in 2.3993865369993728s: None
[2025-07-04 19:29:50,491: INFO/ForkPoolWorker-4] Fetching audios to process
[2025-07-04 19:29:50,495: INFO/MainProcess] Task apps.gallery.tasks.process_audio[cabc9932-e1f8-4188-9cc2-1624976ff7da] received
[2025-07-04 19:29:51,796: INFO/MainProcess] Task apps.gallery.tasks.populate_unsplash_images[8c620c26-6163-43d3-a1a6-9547c4239f7e] received
[2025-07-04 19:29:52,195: INFO/ForkPoolWorker-4] No audio files to process
[2025-07-04 19:29:52,590: INFO/ForkPoolWorker-4] Task apps.gallery.tasks.process_audio[b0819483-2929-4620-9468-095025c81b65] succeeded in 2.099618611999176s: None
[2025-07-04 19:29:52,591: INFO/ForkPoolWorker-4] Fetching audios to process
[2025-07-04 19:29:53,795: INFO/MainProcess] Task apps.gallery.tasks.process_audio[85510c0c-5a17-412d-a047-8dc56f49d703] received
[2025-07-04 19:29:54,890: INFO/ForkPoolWorker-4] No audio files to process
[2025-07-04 19:29:55,290: INFO/ForkPoolWorker-4] Task apps.gallery.tasks.process_audio[fae7887f-b3ac-4f90-b9e3-cfda79cbf569] succeeded in 2.6987224490003427s: None
[2025-07-04 19:29:55,291: INFO/ForkPoolWorker-4] Fetching unsplash images to process
[2025-07-04 19:29:55,291: INFO/ForkPoolWorker-4] Starting Unsplash to gcs uploader job at 2025-07-04T19:29:55.291703
[2025-07-04 19:29:55,291: INFO/ForkPoolWorker-4] Using 6 search queries: nature, people, food, travel, architecture, animals
[2025-07-04 19:29:56,395: INFO/MainProcess] Task apps.gallery.tasks.populate_unsplash_images[c84e1433-dbdd-4d9c-a801-af49448fecdd] received
[2025-07-04 19:31:13,396: INFO/ForkPoolWorker-3] Task apps.gallery.tasks.populate_unsplash_images[6b5067f3-3d94-484d-88bd-88b1dcacb443] succeeded in 119.40481849000025s: None
[2025-07-04 19:31:13,594: INFO/ForkPoolWorker-3] Fetching audios to process
[2025-07-04 19:31:14,795: INFO/MainProcess] Task apps.gallery.tasks.populate_unsplash_images[a2815e8c-fea9-4ce2-a524-6bc38a46ab5a] received
[2025-07-04 19:31:15,496: INFO/ForkPoolWorker-3] No audio files to process
[2025-07-04 19:31:15,893: INFO/ForkPoolWorker-3] Task apps.gallery.tasks.process_audio[5079bc91-6173-4f6c-a424-9d151ee99d59] succeeded in 2.3005162839999684s: None
[2025-07-04 19:31:16,093: INFO/ForkPoolWorker-3] Fetching unsplash images to process
[2025-07-04 19:31:16,094: INFO/ForkPoolWorker-3] Starting Unsplash to gcs uploader job at 2025-07-04T19:31:16.094125
[2025-07-04 19:31:16,094: INFO/ForkPoolWorker-3] Using 6 search queries: nature, people, food, travel, architecture, animals
[2025-07-04 19:31:17,193: INFO/MainProcess] Task apps.gallery.tasks.process_audio[f168c5e4-8f0f-4980-9979-e5fa8fe0a249] received
[2025-07-04 19:31:32,997: INFO/MainProcess] missed heartbeat from celery@838e3ebc3f56
[2025-07-04 19:31:45,592: INFO/ForkPoolWorker-2] Task apps.gallery.tasks.populate_unsplash_images[bd454860-cd13-4700-8385-ea8e411178c9] succeeded in 115.90004980999947s: None
[2025-07-04 19:31:45,993: INFO/ForkPoolWorker-2] Fetching audios to process
[2025-07-04 19:31:47,192: ERROR/MainProcess] Received unregistered task of type 'apps.gallery.tasks.generate_metadata'.
The message has been ignored and discarded.

Did you remember to import the module containing this task?
Or maybe you're using relative imports?

Please see
https://docs.celeryq.dev/en/latest/internals/protocol.html
for more information.

The full contents of the message body was:
b'[[], {}, {"callbacks": null, "errbacks": null, "chain": null, "chord": null}]' (77b)

The full contents of the message headers:
{'lang': 'py', 'task': 'apps.gallery.tasks.generate_metadata', 'id': '1a3b46fc-cc40-42dc-bde0-8fca5a86c78c', 'shadow': None, 'eta': None, 'expires': None, 'group': None, 'group_index': None, 'retries': 0, 'timelimit': [None, None], 'root_id': '1a3b46fc-cc40-42dc-bde0-8fca5a86c78c', 'parent_id': None, 'argsrepr': '()', 'kwargsrepr': '{}', 'origin': 'gen7@63f692d7cb61', 'ignore_result': False, 'stamped_headers': None, 'stamps': {}}

The delivery info for this task is:
{'exchange': '', 'routing_key': 'celery'}
Traceback (most recent call last):
  File "/usr/local/lib/python3.12/site-packages/celery/worker/consumer/consumer.py", line 642, in on_task_received
    strategy = strategies[type_]
               ~~~~~~~~~~^^^^^^^
KeyError: 'apps.gallery.tasks.generate_metadata'
[2025-07-04 19:31:47,885: INFO/ForkPoolWorker-2] No audio files to process
[2025-07-04 19:31:48,395: INFO/ForkPoolWorker-2] Task apps.gallery.tasks.process_audio[e88ef124-d78f-4a7d-b9eb-0ba14b64e6d4] succeeded in 2.4024382710013015s: None
[2025-07-04 19:31:48,793: INFO/MainProcess] Task apps.gallery.tasks.process_audio[8f9dbf28-d616-40d4-b394-508b50d837e8] received
[2025-07-04 19:31:48,793: INFO/ForkPoolWorker-2] Fetching audios to process
[2025-07-04 19:31:49,993: INFO/MainProcess] Task apps.gallery.tasks.populate_unsplash_images[4d01d62d-de3a-4e30-bd50-9c6930aea9ff] received
[2025-07-04 19:31:50,292: INFO/ForkPoolWorker-2] No audio files to process
[2025-07-04 19:31:50,792: INFO/ForkPoolWorker-2] Task apps.gallery.tasks.process_audio[686fcc70-9312-45dc-865f-b87a33c4d776] succeeded in 1.9989903799996682s: None
[2025-07-04 19:31:50,993: INFO/ForkPoolWorker-2] Fetching unsplash images to process
[2025-07-04 19:31:50,993: INFO/ForkPoolWorker-2] Starting Unsplash to gcs uploader job at 2025-07-04T19:31:50.993945
[2025-07-04 19:31:50,994: INFO/ForkPoolWorker-2] Using 6 search queries: nature, people, food, travel, architecture, animals
[2025-07-04 19:31:51,895: INFO/MainProcess] Task apps.gallery.tasks.process_audio[60fde36f-559f-4921-8be7-94bdd99b3635] received
[2025-07-04 19:31:53,791: INFO/ForkPoolWorker-4] Task apps.gallery.tasks.populate_unsplash_images[1a3839d9-55fb-498f-946c-4e2daa4bcad8] succeeded in 118.50536585100053s: None
[2025-07-04 19:31:53,792: INFO/ForkPoolWorker-4] Fetching audios to process
[2025-07-04 19:31:55,099: INFO/MainProcess] Task apps.gallery.tasks.populate_unsplash_images[11d61da2-4fde-4e23-9f6d-dbc4c04df0e4] received
[2025-07-04 19:31:55,696: INFO/ForkPoolWorker-4] No audio files to process
[2025-07-04 19:31:56,087: INFO/ForkPoolWorker-4] Task apps.gallery.tasks.process_audio[cd696516-209c-4050-ad70-b4868f54cb45] succeeded in 2.2955213820005156s: None
[2025-07-04 19:31:56,088: INFO/ForkPoolWorker-4] Fetching audios to process
[2025-07-04 19:31:57,193: INFO/MainProcess] Task apps.gallery.tasks.process_audio[578d6f57-4f57-4fec-b5b0-31df567ea3c0] received
[2025-07-04 19:31:58,086: INFO/ForkPoolWorker-4] No audio files to process
[2025-07-04 19:31:58,691: INFO/ForkPoolWorker-4] Task apps.gallery.tasks.process_audio[f47946b1-6904-40c0-808a-fda7fb757834] succeeded in 2.6036788929995964s: None
[2025-07-04 19:31:58,692: INFO/ForkPoolWorker-4] Fetching unsplash images to process
[2025-07-04 19:31:58,693: INFO/ForkPoolWorker-4] Starting Unsplash to gcs uploader job at 2025-07-04T19:31:58.693023
[2025-07-04 19:31:58,693: INFO/ForkPoolWorker-4] Using 6 search queries: nature, people, food, travel, architecture, animals
[2025-07-04 19:31:59,994: INFO/MainProcess] Task apps.gallery.tasks.populate_unsplash_images[9fd602fd-e18f-45b5-a2eb-db79ccd07a13] received
[2025-07-04 19:33:16,691: INFO/ForkPoolWorker-3] Task apps.gallery.tasks.populate_unsplash_images[31249917-958c-4077-9e5c-36531dcf31dc] succeeded in 120.60304322900083s: None
[2025-07-04 19:33:16,891: INFO/ForkPoolWorker-3] Fetching audios to process
[2025-07-04 19:33:17,891: INFO/MainProcess] Task apps.gallery.tasks.process_audio[e94e45eb-aae9-46e8-97a6-111d11d3df23] received
[2025-07-04 19:33:18,784: INFO/ForkPoolWorker-3] No audio files to process
[2025-07-04 19:33:19,190: INFO/ForkPoolWorker-3] Task apps.gallery.tasks.process_audio[eade19d6-a3aa-4f49-8781-d960594a526c] succeeded in 2.2987432639984036s: None
[2025-07-04 19:33:19,393: INFO/ForkPoolWorker-3] Fetching audios to process
[2025-07-04 19:33:20,192: INFO/MainProcess] Task apps.gallery.tasks.populate_unsplash_images[a4e05809-f2e3-4f38-b8ce-3ccc0c21f36b] received
[2025-07-04 19:33:21,587: INFO/ForkPoolWorker-3] No audio files to process
[2025-07-04 19:33:21,992: INFO/ForkPoolWorker-3] Task apps.gallery.tasks.process_audio[1705d2d5-9c13-47a5-b0d1-ab766d17fd7b] succeeded in 2.598517112999616s: None
[2025-07-04 19:33:22,190: INFO/ForkPoolWorker-3] Fetching unsplash images to process
[2025-07-04 19:33:22,190: INFO/ForkPoolWorker-3] Starting Unsplash to gcs uploader job at 2025-07-04T19:33:22.190823
[2025-07-04 19:33:22,190: INFO/ForkPoolWorker-3] Using 6 search queries: nature, people, food, travel, architecture, animals
[2025-07-04 19:33:23,691: INFO/MainProcess] Task apps.gallery.tasks.process_audio[6eda641b-321c-46af-b3ca-f7ee3fd1acd4] received
[2025-07-04 19:33:53,493: INFO/ForkPoolWorker-2] Task apps.gallery.tasks.populate_unsplash_images[2ce17176-13bb-4836-b363-c5ae3fcbfa99] succeeded in 122.50439204299983s: None
[2025-07-04 19:33:53,889: INFO/ForkPoolWorker-2] Fetching audios to process
[2025-07-04 19:33:55,591: INFO/MainProcess] Task apps.gallery.tasks.populate_unsplash_images[ce18bd92-6ec1-4b30-9b82-b92b6a42398e] received
[2025-07-04 19:33:55,785: INFO/ForkPoolWorker-2] No audio files to process
[2025-07-04 19:33:56,191: INFO/ForkPoolWorker-2] Task apps.gallery.tasks.process_audio[cabc9932-e1f8-4188-9cc2-1624976ff7da] succeeded in 2.3024825069987855s: None
[2025-07-04 19:33:56,390: INFO/ForkPoolWorker-2] Fetching unsplash images to process
[2025-07-04 19:33:56,390: INFO/ForkPoolWorker-2] Starting Unsplash to gcs uploader job at 2025-07-04T19:33:56.390738
[2025-07-04 19:33:56,390: INFO/ForkPoolWorker-2] Using 6 search queries: nature, people, food, travel, architecture, animals
[2025-07-04 19:33:57,384: INFO/ForkPoolWorker-4] Task apps.gallery.tasks.populate_unsplash_images[97b86ad6-266f-49f8-b8c1-83fac14a9a28] succeeded in 118.69662756900107s: None
[2025-07-04 19:33:57,385: INFO/ForkPoolWorker-4] Fetching audios to process
[2025-07-04 19:33:57,890: INFO/MainProcess] Task apps.gallery.tasks.process_audio[ad4c1202-b71d-416a-a873-a2f21d326c5d] received
[2025-07-04 19:33:58,691: INFO/MainProcess] Task apps.gallery.tasks.populate_unsplash_images[b190a4b9-c2dd-4a7d-879b-3283aa1b86d9] received
[2025-07-04 19:33:58,887: INFO/ForkPoolWorker-4] No audio files to process
[2025-07-04 19:33:59,285: INFO/ForkPoolWorker-4] Task apps.gallery.tasks.process_audio[ec2d2bce-724c-40b7-9a8d-651b609a4bd9] succeeded in 1.8997908320015995s: None
[2025-07-04 19:33:59,286: INFO/ForkPoolWorker-4] Fetching audios to process
[2025-07-04 19:34:00,598: INFO/MainProcess] Task apps.gallery.tasks.populate_unsplash_images[e07e5a98-9718-4c69-9502-dcf590a27155] received
[2025-07-04 19:34:01,186: INFO/ForkPoolWorker-4] No audio files to process
[2025-07-04 19:34:01,585: INFO/ForkPoolWorker-4] Task apps.gallery.tasks.process_audio[85510c0c-5a17-412d-a047-8dc56f49d703] succeeded in 2.2994246639991616s: None
[2025-07-04 19:34:01,586: INFO/ForkPoolWorker-4] Fetching unsplash images to process
[2025-07-04 19:34:01,586: INFO/ForkPoolWorker-4] Starting Unsplash to gcs uploader job at 2025-07-04T19:34:01.586411
[2025-07-04 19:34:01,586: INFO/ForkPoolWorker-4] Using 6 search queries: nature, people, food, travel, architecture, animals
[2025-07-04 19:34:02,893: INFO/MainProcess] Task apps.gallery.tasks.process_audio[f5747cae-69be-413b-99f1-16beb0cddf4e] received
[2025-07-04 19:35:20,288: INFO/ForkPoolWorker-3] Task apps.gallery.tasks.populate_unsplash_images[711514c7-c730-4e1e-a17a-8fbdecefbe39] succeeded in 118.10268676600026s: None
[2025-07-04 19:35:20,488: INFO/ForkPoolWorker-3] Fetching audios to process
[2025-07-04 19:35:21,995: INFO/MainProcess] Task apps.gallery.tasks.process_audio[ead81b93-a805-4610-9954-d7e5252f6568] received
[2025-07-04 19:35:22,089: INFO/ForkPoolWorker-3] No audio files to process
[2025-07-04 19:35:22,587: INFO/ForkPoolWorker-3] Task apps.gallery.tasks.process_audio[f168c5e4-8f0f-4980-9979-e5fa8fe0a249] succeeded in 2.0991717249999056s: None
[2025-07-04 19:35:22,791: INFO/ForkPoolWorker-3] Fetching audios to process
[2025-07-04 19:35:23,791: INFO/MainProcess] Task apps.gallery.tasks.populate_unsplash_images[517e8f94-57ba-4038-bfeb-4ba6502d0005] received
[2025-07-04 19:35:24,490: INFO/ForkPoolWorker-3] No audio files to process
[2025-07-04 19:35:24,990: INFO/ForkPoolWorker-3] Task apps.gallery.tasks.process_audio[8f9dbf28-d616-40d4-b394-508b50d837e8] succeeded in 2.198831298001096s: None
[2025-07-04 19:35:25,189: INFO/ForkPoolWorker-3] Fetching unsplash images to process
[2025-07-04 19:35:25,189: INFO/ForkPoolWorker-3] Starting Unsplash to gcs uploader job at 2025-07-04T19:35:25.189705
[2025-07-04 19:35:25,189: INFO/ForkPoolWorker-3] Using 6 search queries: nature, people, food, travel, architecture, animals
[2025-07-04 19:35:26,289: INFO/MainProcess] Task apps.gallery.tasks.process_audio[b8e82e9f-1409-4351-adc0-7c156e15d7c2] received
[2025-07-04 19:35:51,796: INFO/ForkPoolWorker-2] Task apps.gallery.tasks.populate_unsplash_images[8c620c26-6163-43d3-a1a6-9547c4239f7e] succeeded in 115.41067124099936s: None
[2025-07-04 19:35:51,987: INFO/ForkPoolWorker-2] Fetching audios to process
[2025-07-04 19:35:53,491: INFO/MainProcess] Task apps.gallery.tasks.process_audio[75fcde53-cf1d-4a5d-8412-b56ed8391800] received
[2025-07-04 19:35:53,983: INFO/ForkPoolWorker-2] No audio files to process
[2025-07-04 19:35:54,388: INFO/ForkPoolWorker-2] Task apps.gallery.tasks.process_audio[60fde36f-559f-4921-8be7-94bdd99b3635] succeeded in 2.400766423999812s: None
[2025-07-04 19:35:54,591: INFO/ForkPoolWorker-2] Fetching unsplash images to process
[2025-07-04 19:35:54,592: INFO/ForkPoolWorker-2] Starting Unsplash to gcs uploader job at 2025-07-04T19:35:54.592027
[2025-07-04 19:35:54,592: INFO/ForkPoolWorker-2] Using 6 search queries: nature, people, food, travel, architecture, animals
[2025-07-04 19:35:55,588: INFO/MainProcess] Task apps.gallery.tasks.populate_unsplash_images[95c7b2e7-9e91-4e97-9dc3-ad32ec4f51e8] received
[2025-07-04 19:35:56,483: INFO/ForkPoolWorker-4] Task apps.gallery.tasks.populate_unsplash_images[c84e1433-dbdd-4d9c-a801-af49448fecdd] succeeded in 114.90224301499984s: None
[2025-07-04 19:35:56,484: INFO/ForkPoolWorker-4] Fetching unsplash images to process
[2025-07-04 19:35:56,484: INFO/ForkPoolWorker-4] Starting Unsplash to gcs uploader job at 2025-07-04T19:35:56.484729
[2025-07-04 19:35:56,484: INFO/ForkPoolWorker-4] Using 6 search queries: nature, people, food, travel, architecture, animals
[2025-07-04 19:35:57,989: INFO/MainProcess] Task apps.gallery.tasks.populate_unsplash_images[b91a3b1f-711a-4b12-91c0-b088aa8a8d84] received
[2025-07-04 19:37:23,985: INFO/ForkPoolWorker-3] Task apps.gallery.tasks.populate_unsplash_images[4d01d62d-de3a-4e30-bd50-9c6930aea9ff] succeeded in 118.80135356100072s: None
[2025-07-04 19:37:24,186: INFO/ForkPoolWorker-3] Fetching unsplash images to process
[2025-07-04 19:37:24,186: INFO/ForkPoolWorker-3] Starting Unsplash to gcs uploader job at 2025-07-04T19:37:24.186387
[2025-07-04 19:37:24,186: INFO/ForkPoolWorker-3] Using 6 search queries: nature, people, food, travel, architecture, animals
[2025-07-04 19:37:25,686: INFO/MainProcess] Task apps.gallery.tasks.process_audio[3fdfd197-816f-449b-911d-892f5d98497a] received
[2025-07-04 19:37:54,087: INFO/ForkPoolWorker-2] Task apps.gallery.tasks.populate_unsplash_images[11d61da2-4fde-4e23-9f6d-dbc4c04df0e4] succeeded in 119.50087028499911s: None
[2025-07-04 19:37:54,385: INFO/ForkPoolWorker-2] Fetching audios to process
[2025-07-04 19:37:55,687: INFO/MainProcess] Task apps.gallery.tasks.populate_unsplash_images[1a50c053-02cb-4e5d-a080-1124d9de9b13] received
[2025-07-04 19:37:56,478: INFO/ForkPoolWorker-2] No audio files to process
[2025-07-04 19:37:56,480: INFO/ForkPoolWorker-4] Task apps.gallery.tasks.populate_unsplash_images[a2815e8c-fea9-4ce2-a524-6bc38a46ab5a] succeeded in 120.00110242600022s: None
[2025-07-04 19:37:56,481: INFO/ForkPoolWorker-4] Fetching audios to process
[2025-07-04 19:37:56,886: INFO/ForkPoolWorker-2] Task apps.gallery.tasks.process_audio[e94e45eb-aae9-46e8-97a6-111d11d3df23] succeeded in 2.501298808998399s: None
[2025-07-04 19:37:57,487: INFO/MainProcess] Task apps.gallery.tasks.populate_unsplash_images[b91cfe16-0c96-4a98-a485-1b6e287f63db] received
[2025-07-04 19:37:57,487: INFO/ForkPoolWorker-2] Fetching audios to process
[2025-07-04 19:37:58,985: INFO/ForkPoolWorker-4] No audio files to process
[2025-07-04 19:37:59,380: INFO/ForkPoolWorker-2] No audio files to process
[2025-07-04 19:37:59,481: INFO/ForkPoolWorker-4] Task apps.gallery.tasks.process_audio[578d6f57-4f57-4fec-b5b0-31df567ea3c0] succeeded in 3.0008455280003545s: None
[2025-07-04 19:37:59,482: INFO/ForkPoolWorker-4] Fetching unsplash images to process
[2025-07-04 19:37:59,482: INFO/ForkPoolWorker-4] Starting Unsplash to gcs uploader job at 2025-07-04T19:37:59.482828
[2025-07-04 19:37:59,482: INFO/ForkPoolWorker-4] Using 6 search queries: nature, people, food, travel, architecture, animals
[2025-07-04 19:37:59,586: INFO/MainProcess] Task apps.gallery.tasks.process_audio[49e1472f-a55e-4697-aca4-82125dc143f2] received
[2025-07-04 19:37:59,787: INFO/ForkPoolWorker-2] Task apps.gallery.tasks.process_audio[6eda641b-321c-46af-b3ca-f7ee3fd1acd4] succeeded in 2.2998132859993348s: None
[2025-07-04 19:38:00,187: INFO/ForkPoolWorker-2] Fetching audios to process
[2025-07-04 19:38:01,190: INFO/MainProcess] Task apps.gallery.tasks.populate_unsplash_images[800473d0-2470-4526-8cac-c8832d7aa2a6] received
[2025-07-04 19:38:01,879: INFO/ForkPoolWorker-2] No audio files to process
[2025-07-04 19:38:01,993: INFO/MainProcess] Task apps.gallery.tasks.process_audio[c90243b7-56c6-4318-92e4-483accaa5ae9] received
[2025-07-04 19:38:02,287: INFO/ForkPoolWorker-2] Task apps.gallery.tasks.process_audio[ad4c1202-b71d-416a-a873-a2f21d326c5d] succeeded in 2.0993544180000754s: None
[2025-07-04 19:38:02,685: INFO/ForkPoolWorker-2] Fetching unsplash images to process
[2025-07-04 19:38:02,685: INFO/ForkPoolWorker-2] Starting Unsplash to gcs uploader job at 2025-07-04T19:38:02.685149
[2025-07-04 19:38:02,685: INFO/ForkPoolWorker-2] Using 6 search queries: nature, people, food, travel, architecture, animals
[2025-07-04 19:38:04,289: INFO/MainProcess] Task apps.gallery.tasks.populate_unsplash_images[10128ebc-5358-4c5a-b930-e81b20a37acc] received
[2025-07-04 19:39:23,286: INFO/ForkPoolWorker-3] Task apps.gallery.tasks.populate_unsplash_images[9fd602fd-e18f-45b5-a2eb-db79ccd07a13] succeeded in 119.1046145520013s: None
[2025-07-04 19:39:23,483: INFO/ForkPoolWorker-3] Fetching unsplash images to process
[2025-07-04 19:39:23,484: INFO/ForkPoolWorker-3] Starting Unsplash to gcs uploader job at 2025-07-04T19:39:23.484055
[2025-07-04 19:39:23,484: INFO/ForkPoolWorker-3] Using 6 search queries: nature, people, food, travel, architecture, animals
[2025-07-04 19:39:25,085: INFO/MainProcess] Task apps.gallery.tasks.populate_unsplash_images[359855db-2045-4620-a3e8-11a66e84ba51] received
[2025-07-04 19:40:01,178: INFO/ForkPoolWorker-4] Task apps.gallery.tasks.populate_unsplash_images[a4e05809-f2e3-4f38-b8ce-3ccc0c21f36b] succeeded in 121.70047118300135s: None
[2025-07-04 19:40:01,180: INFO/ForkPoolWorker-4] Fetching unsplash images to process
[2025-07-04 19:40:01,180: INFO/ForkPoolWorker-4] Starting Unsplash to gcs uploader job at 2025-07-04T19:40:01.180589
[2025-07-04 19:40:01,180: INFO/ForkPoolWorker-4] Using 6 search queries: nature, people, food, travel, architecture, animals
[2025-07-04 19:40:02,385: INFO/ForkPoolWorker-2] Task apps.gallery.tasks.populate_unsplash_images[b190a4b9-c2dd-4a7d-879b-3283aa1b86d9] succeeded in 119.705553546999s: None
[2025-07-04 19:40:02,684: INFO/MainProcess] Task apps.gallery.tasks.populate_unsplash_images[d85f6904-98f5-421a-ac05-a6693d374291] received
[2025-07-04 19:40:03,282: INFO/ForkPoolWorker-2] Fetching audios to process
[2025-07-04 19:40:04,286: INFO/MainProcess] Task apps.gallery.tasks.process_audio[ef3ac293-47fd-4a5a-b356-77d6ca8f854d] received
[2025-07-04 19:40:04,989: INFO/ForkPoolWorker-2] No audio files to process
[2025-07-04 19:40:05,484: INFO/ForkPoolWorker-2] Task apps.gallery.tasks.process_audio[ead81b93-a805-4610-9954-d7e5252f6568] succeeded in 2.2020914139993693s: None
[2025-07-04 19:40:05,886: INFO/ForkPoolWorker-2] Fetching unsplash images to process
[2025-07-04 19:40:05,886: INFO/ForkPoolWorker-2] Starting Unsplash to gcs uploader job at 2025-07-04T19:40:05.886820
[2025-07-04 19:40:05,886: INFO/ForkPoolWorker-2] Using 6 search queries: nature, people, food, travel, architecture, animals
[2025-07-04 19:40:06,784: INFO/MainProcess] Task apps.gallery.tasks.populate_unsplash_images[283121b3-6256-47d1-ba0d-43b412be5a03] received
[2025-07-04 19:41:22,381: INFO/ForkPoolWorker-3] Task apps.gallery.tasks.populate_unsplash_images[e07e5a98-9718-4c69-9502-dcf590a27155] succeeded in 118.90303112899892s: None
[2025-07-04 19:41:22,582: INFO/ForkPoolWorker-3] Fetching audios to process
[2025-07-04 19:41:24,385: INFO/ForkPoolWorker-3] No audio files to process
[2025-07-04 19:41:24,385: INFO/MainProcess] Task apps.gallery.tasks.process_audio[e5c21732-7e5c-4baf-b3a9-79106d794754] received
[2025-07-04 19:41:24,781: INFO/ForkPoolWorker-3] Task apps.gallery.tasks.process_audio[b8e82e9f-1409-4351-adc0-7c156e15d7c2] succeeded in 2.199295088999861s: None
[2025-07-04 19:41:25,881: INFO/ForkPoolWorker-3] Fetching audios to process
[2025-07-04 19:41:26,691: INFO/MainProcess] Task apps.gallery.tasks.populate_unsplash_images[60b3464a-d2bc-48e6-a305-36625700b42f] received
[2025-07-04 19:41:27,576: INFO/ForkPoolWorker-3] No audio files to process
[2025-07-04 19:41:27,982: INFO/ForkPoolWorker-3] Task apps.gallery.tasks.process_audio[75fcde53-cf1d-4a5d-8412-b56ed8391800] succeeded in 2.100994985001307s: None
[2025-07-04 19:41:28,380: INFO/ForkPoolWorker-3] Fetching unsplash images to process
[2025-07-04 19:41:28,381: INFO/ForkPoolWorker-3] Starting Unsplash to gcs uploader job at 2025-07-04T19:41:28.381095
[2025-07-04 19:41:28,381: INFO/ForkPoolWorker-3] Using 6 search queries: nature, people, food, travel, architecture, animals
[2025-07-04 19:41:29,181: INFO/MainProcess] Task apps.gallery.tasks.process_audio[bd2b38db-7daf-4fca-8fe7-9f7ff1efe70c] received
[2025-07-04 19:42:00,981: INFO/ForkPoolWorker-4] Task apps.gallery.tasks.populate_unsplash_images[ce18bd92-6ec1-4b30-9b82-b92b6a42398e] succeeded in 119.80567913800041s: None
[2025-07-04 19:42:00,981: INFO/ForkPoolWorker-4] Fetching audios to process
[2025-07-04 19:42:02,382: INFO/ForkPoolWorker-4] No audio files to process
[2025-07-04 19:42:02,582: INFO/MainProcess] Task apps.gallery.tasks.populate_unsplash_images[c9b19401-5855-44ff-931b-a4edc3e2f39c] received
[2025-07-04 19:42:02,776: INFO/ForkPoolWorker-4] Task apps.gallery.tasks.process_audio[f5747cae-69be-413b-99f1-16beb0cddf4e] succeeded in 1.794787022001401s: None
[2025-07-04 19:42:02,777: INFO/ForkPoolWorker-4] Fetching unsplash images to process
[2025-07-04 19:42:02,777: INFO/ForkPoolWorker-4] Starting Unsplash to gcs uploader job at 2025-07-04T19:42:02.777665
[2025-07-04 19:42:02,777: INFO/ForkPoolWorker-4] Using 6 search queries: nature, people, food, travel, architecture, animals
[2025-07-04 19:42:03,984: INFO/MainProcess] Task apps.gallery.tasks.process_audio[86e1d492-e503-49dc-8d46-5a29d7895a44] received
[2025-07-04 19:42:06,282: INFO/ForkPoolWorker-2] Task apps.gallery.tasks.populate_unsplash_images[517e8f94-57ba-4038-bfeb-4ba6502d0005] succeeded in 120.4012703440003s: None
[2025-07-04 19:42:06,687: INFO/ForkPoolWorker-2] Fetching unsplash images to process
[2025-07-04 19:42:06,687: INFO/ForkPoolWorker-2] Starting Unsplash to gcs uploader job at 2025-07-04T19:42:06.687271
[2025-07-04 19:42:06,687: INFO/ForkPoolWorker-2] Using 6 search queries: nature, people, food, travel, architecture, animals
[2025-07-04 19:42:07,684: INFO/MainProcess] Task apps.gallery.tasks.process_audio[96fc58c1-f1cd-4f32-9aac-8a8712208f6a] received
[2025-07-04 19:43:26,680: INFO/ForkPoolWorker-3] Task apps.gallery.tasks.populate_unsplash_images[95c7b2e7-9e91-4e97-9dc3-ad32ec4f51e8] succeeded in 118.30407780300084s: None
[2025-07-04 19:43:27,080: INFO/ForkPoolWorker-3] Fetching unsplash images to process
[2025-07-04 19:43:27,081: INFO/ForkPoolWorker-3] Starting Unsplash to gcs uploader job at 2025-07-04T19:43:27.081099
[2025-07-04 19:43:27,081: INFO/ForkPoolWorker-3] Using 6 search queries: nature, people, food, travel, architecture, animals
[2025-07-04 19:43:28,183: INFO/MainProcess] Task apps.gallery.tasks.populate_unsplash_images[05e09046-c9a1-4f1b-a1d4-1c5253a73819] received
[2025-07-04 19:44:00,772: INFO/ForkPoolWorker-4] Task apps.gallery.tasks.populate_unsplash_images[b91a3b1f-711a-4b12-91c0-b088aa8a8d84] succeeded in 118.00070823899841s: None
[2025-07-04 19:44:00,773: INFO/ForkPoolWorker-4] Fetching audios to process
[2025-07-04 19:44:02,180: INFO/MainProcess] Task apps.gallery.tasks.process_audio[9e1441ba-4935-4845-aa8f-4c82cddb68a4] received
[2025-07-04 19:44:02,381: INFO/ForkPoolWorker-4] No audio files to process
[2025-07-04 19:44:02,773: INFO/ForkPoolWorker-4] Task apps.gallery.tasks.process_audio[3fdfd197-816f-449b-911d-892f5d98497a] succeeded in 2.0004365030017652s: None
[2025-07-04 19:44:02,774: INFO/ForkPoolWorker-4] Fetching audios to process
[2025-07-04 19:44:03,979: INFO/MainProcess] Task apps.gallery.tasks.populate_unsplash_images[dacadd1a-4ee2-4a8a-b6d5-0b582d31a8e3] received
[2025-07-04 19:44:04,773: INFO/ForkPoolWorker-4] No audio files to process
[2025-07-04 19:44:05,172: INFO/ForkPoolWorker-4] Task apps.gallery.tasks.process_audio[49e1472f-a55e-4697-aca4-82125dc143f2] succeeded in 2.398152456000389s: None
[2025-07-04 19:44:05,173: INFO/ForkPoolWorker-4] Fetching unsplash images to process
[2025-07-04 19:44:05,173: INFO/ForkPoolWorker-4] Starting Unsplash to gcs uploader job at 2025-07-04T19:44:05.173936
[2025-07-04 19:44:05,174: INFO/ForkPoolWorker-4] Using 6 search queries: nature, people, food, travel, architecture, animals
[2025-07-04 19:44:05,680: INFO/ForkPoolWorker-2] Task apps.gallery.tasks.populate_unsplash_images[1a50c053-02cb-4e5d-a080-1124d9de9b13] succeeded in 118.99841178099996s: None
[2025-07-04 19:44:06,583: INFO/MainProcess] Task apps.gallery.tasks.process_audio[fb2d3a27-996d-412e-891a-cb251a79ac04] received
[2025-07-04 19:44:06,584: INFO/ForkPoolWorker-2] Fetching unsplash images to process
[2025-07-04 19:44:06,584: INFO/ForkPoolWorker-2] Starting Unsplash to gcs uploader job at 2025-07-04T19:44:06.584729
[2025-07-04 19:44:06,584: INFO/ForkPoolWorker-2] Using 6 search queries: nature, people, food, travel, architecture, animals
[2025-07-04 19:44:07,779: INFO/MainProcess] Task apps.gallery.tasks.populate_unsplash_images[c6623909-22c2-4fcd-9ff1-0eba1f9ca2f9] received
[2025-07-04 19:45:26,876: INFO/ForkPoolWorker-3] Task apps.gallery.tasks.populate_unsplash_images[b91cfe16-0c96-4a98-a485-1b6e287f63db] succeeded in 119.80147414599924s: None
[2025-07-04 19:45:27,076: INFO/ForkPoolWorker-3] Fetching unsplash images to process
[2025-07-04 19:45:27,076: INFO/ForkPoolWorker-3] Starting Unsplash to gcs uploader job at 2025-07-04T19:45:27.076216
[2025-07-04 19:45:27,076: INFO/ForkPoolWorker-3] Using 6 search queries: nature, people, food, travel, architecture, animals
[2025-07-04 19:45:28,581: INFO/MainProcess] Task apps.gallery.tasks.populate_unsplash_images[7d691722-7e0f-4361-98fc-18026d41a1ed] received
[2025-07-04 19:46:06,272: INFO/ForkPoolWorker-4] Task apps.gallery.tasks.populate_unsplash_images[800473d0-2470-4526-8cac-c8832d7aa2a6] succeeded in 121.1036300650012s: None
[2025-07-04 19:46:06,273: INFO/ForkPoolWorker-4] Fetching audios to process
[2025-07-04 19:46:06,678: INFO/ForkPoolWorker-2] Task apps.gallery.tasks.populate_unsplash_images[10128ebc-5358-4c5a-b930-e81b20a37acc] succeeded in 120.09870296500048s: None
[2025-07-04 19:46:07,677: INFO/MainProcess] Task apps.gallery.tasks.populate_unsplash_images[a4a37b4c-293f-471a-9bf7-3ba31fb109d8] received
[2025-07-04 19:46:07,678: INFO/ForkPoolWorker-2] Fetching audios to process
[2025-07-04 19:46:07,982: INFO/ForkPoolWorker-4] No audio files to process
[2025-07-04 19:46:08,376: INFO/ForkPoolWorker-4] Task apps.gallery.tasks.process_audio[c90243b7-56c6-4318-92e4-483accaa5ae9] succeeded in 2.1028010939990054s: None
[2025-07-04 19:46:08,377: INFO/ForkPoolWorker-4] Fetching unsplash images to process
[2025-07-04 19:46:08,377: INFO/ForkPoolWorker-4] Starting Unsplash to gcs uploader job at 2025-07-04T19:46:08.377491
[2025-07-04 19:46:08,377: INFO/ForkPoolWorker-4] Using 6 search queries: nature, people, food, travel, architecture, animals
[2025-07-04 19:46:08,977: INFO/MainProcess] Task apps.gallery.tasks.process_audio[ae727492-8abf-438b-bb95-33458d53b631] received
[2025-07-04 19:46:09,581: INFO/ForkPoolWorker-2] No audio files to process
[2025-07-04 19:46:09,878: INFO/MainProcess] Task apps.gallery.tasks.populate_unsplash_images[0e7ffc75-3be3-492c-9eac-481c44a8416a] received
[2025-07-04 19:46:10,079: INFO/ForkPoolWorker-2] Task apps.gallery.tasks.process_audio[ef3ac293-47fd-4a5a-b356-77d6ca8f854d] succeeded in 2.4010969520004437s: None
[2025-07-04 19:46:10,283: INFO/ForkPoolWorker-2] Fetching audios to process
[2025-07-04 19:46:11,277: INFO/MainProcess] Task apps.gallery.tasks.process_audio[b50fefa4-7e9a-4a3a-a080-e02a5d89b23c] received
[2025-07-04 19:46:12,374: INFO/ForkPoolWorker-2] No audio files to process
[2025-07-04 19:46:12,777: INFO/ForkPoolWorker-2] Task apps.gallery.tasks.process_audio[e5c21732-7e5c-4baf-b3a9-79106d794754] succeeded in 2.494635049999488s: None
[2025-07-04 19:46:13,178: INFO/ForkPoolWorker-2] Fetching unsplash images to process
[2025-07-04 19:46:13,178: INFO/ForkPoolWorker-2] Starting Unsplash to gcs uploader job at 2025-07-04T19:46:13.178474
[2025-07-04 19:46:13,178: INFO/ForkPoolWorker-2] Using 6 search queries: nature, people, food, travel, architecture, animals
[2025-07-04 19:46:13,977: INFO/MainProcess] Task apps.gallery.tasks.populate_unsplash_images[86490269-c5b0-4cae-9912-8ac92b45f246] received
[2025-07-04 19:47:26,875: INFO/ForkPoolWorker-3] Task apps.gallery.tasks.populate_unsplash_images[359855db-2045-4620-a3e8-11a66e84ba51] succeeded in 119.80432697699871s: None
[2025-07-04 19:47:27,076: INFO/ForkPoolWorker-3] Fetching audios to process
[2025-07-04 19:47:28,468: INFO/ForkPoolWorker-3] No audio files to process
[2025-07-04 19:47:28,476: INFO/MainProcess] Task apps.gallery.tasks.populate_unsplash_images[f133039a-5d04-4e12-b10b-b93ddf2105f0] received
[2025-07-04 19:47:28,875: INFO/ForkPoolWorker-3] Task apps.gallery.tasks.process_audio[bd2b38db-7daf-4fca-8fe7-9f7ff1efe70c] succeeded in 1.7993349690004834s: None
[2025-07-04 19:47:29,275: INFO/ForkPoolWorker-3] Fetching unsplash images to process
[2025-07-04 19:47:29,275: INFO/ForkPoolWorker-3] Starting Unsplash to gcs uploader job at 2025-07-04T19:47:29.275902
[2025-07-04 19:47:29,276: INFO/ForkPoolWorker-3] Using 6 search queries: nature, people, food, travel, architecture, animals
[2025-07-04 19:47:30,173: INFO/MainProcess] Task apps.gallery.tasks.process_audio[0d031941-50dc-4245-94f9-c7cb64362b9f] received
[2025-07-04 19:48:06,868: INFO/ForkPoolWorker-4] Task apps.gallery.tasks.populate_unsplash_images[d85f6904-98f5-421a-ac05-a6693d374291] succeeded in 118.4970892830006s: None
[2025-07-04 19:48:06,869: INFO/ForkPoolWorker-4] Fetching unsplash images to process
[2025-07-04 19:48:06,870: INFO/ForkPoolWorker-4] Starting Unsplash to gcs uploader job at 2025-07-04T19:48:06.870064
[2025-07-04 19:48:06,870: INFO/ForkPoolWorker-4] Using 6 search queries: nature, people, food, travel, architecture, animals
[2025-07-04 19:48:08,674: INFO/MainProcess] Task apps.gallery.tasks.populate_unsplash_images[9ab80162-db10-4ab9-a189-87745a41a4e1] received
[2025-07-04 19:48:09,975: INFO/ForkPoolWorker-2] Task apps.gallery.tasks.populate_unsplash_images[60b3464a-d2bc-48e6-a305-36625700b42f] succeeded in 116.80242870099937s: None
[2025-07-04 19:48:10,273: INFO/ForkPoolWorker-2] Fetching audios to process
[2025-07-04 19:48:11,768: INFO/ForkPoolWorker-2] No audio files to process
[2025-07-04 19:48:11,875: INFO/MainProcess] Task apps.gallery.tasks.process_audio[79bccbb7-44f2-406a-9082-5b749d93a175] received
[2025-07-04 19:48:12,276: INFO/ForkPoolWorker-2] Task apps.gallery.tasks.process_audio[96fc58c1-f1cd-4f32-9aac-8a8712208f6a] succeeded in 2.0034398790012347s: None
[2025-07-04 19:48:12,475: INFO/ForkPoolWorker-2] Fetching unsplash images to process
[2025-07-04 19:48:12,475: INFO/ForkPoolWorker-2] Starting Unsplash to gcs uploader job at 2025-07-04T19:48:12.475539
[2025-07-04 19:48:12,475: INFO/ForkPoolWorker-2] Using 6 search queries: nature, people, food, travel, architecture, animals
[2025-07-04 19:48:13,474: INFO/MainProcess] Task apps.gallery.tasks.populate_unsplash_images[ece572b7-bd03-49da-8891-8080fa2bc89b] received
[2025-07-04 19:49:29,472: INFO/ForkPoolWorker-3] Task apps.gallery.tasks.populate_unsplash_images[c9b19401-5855-44ff-931b-a4edc3e2f39c] succeeded in 120.20146233199921s: None
[2025-07-04 19:49:29,671: INFO/ForkPoolWorker-3] Fetching audios to process
[2025-07-04 19:49:31,372: INFO/MainProcess] Task apps.gallery.tasks.process_audio[4d4b471f-ebeb-4671-bba2-787f45a3ec0d] received
[2025-07-04 19:49:31,579: INFO/ForkPoolWorker-3] No audio files to process
[2025-07-04 19:49:31,971: INFO/ForkPoolWorker-3] Task apps.gallery.tasks.process_audio[9e1441ba-4935-4845-aa8f-4c82cddb68a4] succeeded in 2.300073266000254s: None
[2025-07-04 19:49:32,172: INFO/ForkPoolWorker-3] Fetching unsplash images to process
[2025-07-04 19:49:32,172: INFO/ForkPoolWorker-3] Starting Unsplash to gcs uploader job at 2025-07-04T19:49:32.172826
[2025-07-04 19:49:32,172: INFO/ForkPoolWorker-3] Using 6 search queries: nature, people, food, travel, architecture, animals
[2025-07-04 19:49:32,974: ERROR/MainProcess] Received unregistered task of type 'apps.gallery.tasks.generate_metadata'.
The message has been ignored and discarded.

Did you remember to import the module containing this task?
Or maybe you're using relative imports?

Please see
https://docs.celeryq.dev/en/latest/internals/protocol.html
for more information.

The full contents of the message body was:
b'[[], {}, {"callbacks": null, "errbacks": null, "chain": null, "chord": null}]' (77b)

The full contents of the message headers:
{'lang': 'py', 'task': 'apps.gallery.tasks.generate_metadata', 'id': '8c3905fd-148c-4e26-a955-b5c21cc6e337', 'shadow': None, 'eta': None, 'expires': None, 'group': None, 'group_index': None, 'retries': 0, 'timelimit': [None, None], 'root_id': '8c3905fd-148c-4e26-a955-b5c21cc6e337', 'parent_id': None, 'argsrepr': '()', 'kwargsrepr': '{}', 'origin': 'gen7@63f692d7cb61', 'ignore_result': False, 'stamped_headers': None, 'stamps': {}}

The delivery info for this task is:
{'exchange': '', 'routing_key': 'celery'}
Traceback (most recent call last):
  File "/usr/local/lib/python3.12/site-packages/celery/worker/consumer/consumer.py", line 642, in on_task_received
    strategy = strategies[type_]
               ~~~~~~~~~~^^^^^^^
KeyError: 'apps.gallery.tasks.generate_metadata'
[2025-07-04 19:49:34,374: INFO/MainProcess] Task apps.gallery.tasks.process_audio[2a293f8b-7f9f-4e95-b6b0-122dfa497f2f] received
[2025-07-04 19:50:06,567: INFO/ForkPoolWorker-4] Task apps.gallery.tasks.populate_unsplash_images[283121b3-6256-47d1-ba0d-43b412be5a03] succeeded in 119.70229938899865s: None
[2025-07-04 19:50:06,568: INFO/ForkPoolWorker-4] Fetching audios to process
[2025-07-04 19:50:07,873: INFO/MainProcess] Task apps.gallery.tasks.process_audio[1aeee695-f580-436d-8c70-24f4b5f2b0d1] received
[2025-07-04 19:50:08,576: INFO/ForkPoolWorker-4] No audio files to process
[2025-07-04 19:50:09,070: INFO/ForkPoolWorker-4] Task apps.gallery.tasks.process_audio[86e1d492-e503-49dc-8d46-5a29d7895a44] succeeded in 2.5016395229995396s: None
[2025-07-04 19:50:09,070: INFO/ForkPoolWorker-4] Fetching audios to process
[2025-07-04 19:50:10,172: INFO/MainProcess] Task apps.gallery.tasks.populate_unsplash_images[e03f543e-39c0-4389-ac56-bf8c2c50776a] received
[2025-07-04 19:50:10,873: INFO/ForkPoolWorker-4] No audio files to process
[2025-07-04 19:50:11,268: INFO/ForkPoolWorker-4] Task apps.gallery.tasks.process_audio[fb2d3a27-996d-412e-891a-cb251a79ac04] succeeded in 2.1975422899995465s: None
[2025-07-04 19:50:11,269: INFO/ForkPoolWorker-4] Fetching unsplash images to process
[2025-07-04 19:50:11,269: INFO/ForkPoolWorker-4] Starting Unsplash to gcs uploader job at 2025-07-04T19:50:11.269350
[2025-07-04 19:50:11,269: INFO/ForkPoolWorker-4] Using 6 search queries: nature, people, food, travel, architecture, animals
[2025-07-04 19:50:12,273: INFO/ForkPoolWorker-2] Task apps.gallery.tasks.populate_unsplash_images[05e09046-c9a1-4f1b-a1d4-1c5253a73819] succeeded in 119.8025386119989s: None
[2025-07-04 19:50:12,474: INFO/MainProcess] Task apps.gallery.tasks.process_audio[c9b97c51-9f67-4b02-bc57-aabafdb32e5d] received
[2025-07-04 19:50:13,072: INFO/ForkPoolWorker-2] Fetching unsplash images to process
[2025-07-04 19:50:13,072: INFO/ForkPoolWorker-2] Starting Unsplash to gcs uploader job at 2025-07-04T19:50:13.072291
[2025-07-04 19:50:13,072: INFO/ForkPoolWorker-2] Using 6 search queries: nature, people, food, travel, architecture, animals
[2025-07-04 19:50:13,872: INFO/MainProcess] Task apps.gallery.tasks.populate_unsplash_images[ff88bb8e-e89b-49ef-9dbc-26b97c1c37b1] received
[2025-07-04 19:51:29,570: INFO/ForkPoolWorker-3] Task apps.gallery.tasks.populate_unsplash_images[dacadd1a-4ee2-4a8a-b6d5-0b582d31a8e3] succeeded in 117.40341287199954s: None
[2025-07-04 19:51:29,769: INFO/ForkPoolWorker-3] Fetching audios to process
[2025-07-04 19:51:31,071: INFO/MainProcess] Task apps.gallery.tasks.process_audio[7665ed3d-33e0-419a-9049-89b60d206cfd] received
[2025-07-04 19:51:31,464: INFO/ForkPoolWorker-3] No audio files to process
[2025-07-04 19:51:31,870: INFO/ForkPoolWorker-3] Task apps.gallery.tasks.process_audio[ae727492-8abf-438b-bb95-33458d53b631] succeeded in 2.1013966709997476s: None
[2025-07-04 19:51:32,070: INFO/ForkPoolWorker-3] Fetching unsplash images to process
[2025-07-04 19:51:32,070: INFO/ForkPoolWorker-3] Starting Unsplash to gcs uploader job at 2025-07-04T19:51:32.070321
[2025-07-04 19:51:32,070: INFO/ForkPoolWorker-3] Using 6 search queries: nature, people, food, travel, architecture, animals
[2025-07-04 19:51:32,971: INFO/MainProcess] Task apps.gallery.tasks.populate_unsplash_images[64c02c1c-04ba-4588-9f0c-481e40fa8e1f] received
[2025-07-04 19:52:13,165: INFO/ForkPoolWorker-4] Task apps.gallery.tasks.populate_unsplash_images[c6623909-22c2-4fcd-9ff1-0eba1f9ca2f9] succeeded in 121.90159174699875s: None
[2025-07-04 19:52:13,166: INFO/ForkPoolWorker-4] Fetching unsplash images to process
[2025-07-04 19:52:13,166: INFO/ForkPoolWorker-4] Starting Unsplash to gcs uploader job at 2025-07-04T19:52:13.166335
[2025-07-04 19:52:13,166: INFO/ForkPoolWorker-4] Using 6 search queries: nature, people, food, travel, architecture, animals
[2025-07-04 19:52:13,871: INFO/ForkPoolWorker-2] Task apps.gallery.tasks.populate_unsplash_images[a4a37b4c-293f-471a-9bf7-3ba31fb109d8] succeeded in 120.80473658400115s: None
[2025-07-04 19:52:15,172: INFO/MainProcess] Task apps.gallery.tasks.populate_unsplash_images[e120051f-334f-4672-b949-56fb157f72b8] received
[2025-07-04 19:52:15,173: INFO/ForkPoolWorker-2] Fetching unsplash images to process
[2025-07-04 19:52:15,173: INFO/ForkPoolWorker-2] Starting Unsplash to gcs uploader job at 2025-07-04T19:52:15.173345
[2025-07-04 19:52:15,173: INFO/ForkPoolWorker-2] Using 6 search queries: nature, people, food, travel, architecture, animals
[2025-07-04 19:52:16,269: INFO/MainProcess] Task apps.gallery.tasks.populate_unsplash_images[b34dd607-74d2-400f-914a-1a334bb87138] received
[2025-07-04 19:53:31,478: INFO/ForkPoolWorker-3] Task apps.gallery.tasks.populate_unsplash_images[0e7ffc75-3be3-492c-9eac-481c44a8416a] succeeded in 119.4130372870004s: None
[2025-07-04 19:53:31,668: INFO/ForkPoolWorker-3] Fetching unsplash images to process
[2025-07-04 19:53:31,668: INFO/ForkPoolWorker-3] Starting Unsplash to gcs uploader job at 2025-07-04T19:53:31.668575
[2025-07-04 19:53:31,668: INFO/ForkPoolWorker-3] Using 6 search queries: nature, people, food, travel, architecture, animals
[2025-07-04 19:53:32,770: INFO/MainProcess] Task apps.gallery.tasks.process_audio[7b9e4a01-a72a-476c-a64d-e42e0b21f086] received
[2025-07-04 19:54:16,072: INFO/ForkPoolWorker-2] Task apps.gallery.tasks.populate_unsplash_images[86490269-c5b0-4cae-9912-8ac92b45f246] succeeded in 120.90437611699963s: None
[2025-07-04 19:54:16,281: INFO/ForkPoolWorker-2] Fetching audios to process
[2025-07-04 19:54:16,677: INFO/ForkPoolWorker-4] Task apps.gallery.tasks.populate_unsplash_images[7d691722-7e0f-4361-98fc-18026d41a1ed] succeeded in 123.51693213999897s: None
[2025-07-04 19:54:16,678: INFO/ForkPoolWorker-4] Fetching audios to process
[2025-07-04 19:54:17,567: INFO/MainProcess] Task apps.gallery.tasks.populate_unsplash_images[2096cf9e-3e69-426b-abde-74e7d94c7848] received
[2025-07-04 19:54:17,866: INFO/ForkPoolWorker-2] No audio files to process
[2025-07-04 19:54:18,069: INFO/ForkPoolWorker-4] No audio files to process
[2025-07-04 19:54:18,369: INFO/ForkPoolWorker-2] Task apps.gallery.tasks.process_audio[0d031941-50dc-4245-94f9-c7cb64362b9f] succeeded in 2.0873750480004674s: None
[2025-07-04 19:54:18,369: INFO/MainProcess] Task apps.gallery.tasks.process_audio[a014db13-58e4-4727-bee2-eed1f4934f8e] received
[2025-07-04 19:54:18,561: INFO/ForkPoolWorker-4] Task apps.gallery.tasks.process_audio[b50fefa4-7e9a-4a3a-a080-e02a5d89b23c] succeeded in 1.883539163000023s: None
[2025-07-04 19:54:18,562: INFO/ForkPoolWorker-4] Fetching unsplash images to process
[2025-07-04 19:54:18,562: INFO/ForkPoolWorker-4] Starting Unsplash to gcs uploader job at 2025-07-04T19:54:18.562960
[2025-07-04 19:54:18,563: INFO/ForkPoolWorker-4] Using 6 search queries: nature, people, food, travel, architecture, animals
[2025-07-04 19:54:18,867: INFO/ForkPoolWorker-2] Fetching unsplash images to process
[2025-07-04 19:54:18,867: INFO/ForkPoolWorker-2] Starting Unsplash to gcs uploader job at 2025-07-04T19:54:18.867507
[2025-07-04 19:54:18,867: INFO/ForkPoolWorker-2] Using 6 search queries: nature, people, food, travel, architecture, animals
[2025-07-04 19:54:19,871: INFO/MainProcess] Task apps.gallery.tasks.populate_unsplash_images[f8c38ac3-4e35-47eb-b474-c3747a4988bb] received
[2025-07-04 19:54:20,967: INFO/MainProcess] Task apps.gallery.tasks.populate_unsplash_images[f4b9dd92-6515-48a5-9728-27be64b3f47d] received
[2025-07-04 19:54:41,169: INFO/MainProcess] missed heartbeat from celery@838e3ebc3f56
[2025-07-04 19:55:33,165: INFO/ForkPoolWorker-3] Task apps.gallery.tasks.populate_unsplash_images[f133039a-5d04-4e12-b10b-b93ddf2105f0] succeeded in 121.50303644199994s: None
[2025-07-04 19:55:33,369: INFO/ForkPoolWorker-3] Fetching audios to process
[2025-07-04 19:55:34,667: INFO/MainProcess] Task apps.gallery.tasks.process_audio[7e20c32b-b425-40ea-b2e5-fc18bcebc1fd] received
[2025-07-04 19:55:35,074: INFO/ForkPoolWorker-3] No audio files to process
[2025-07-04 19:55:35,466: INFO/ForkPoolWorker-3] Task apps.gallery.tasks.process_audio[4d4b471f-ebeb-4671-bba2-787f45a3ec0d] succeeded in 2.0978865590004716s: None
[2025-07-04 19:55:35,866: INFO/ForkPoolWorker-3] Fetching audios to process
[2025-07-04 19:55:36,766: INFO/MainProcess] Task apps.gallery.tasks.populate_unsplash_images[e40cb35c-de82-4bb5-b71d-8d7f1d606440] received
[2025-07-04 19:55:38,059: INFO/ForkPoolWorker-3] No audio files to process
[2025-07-04 19:55:38,565: INFO/ForkPoolWorker-3] Task apps.gallery.tasks.process_audio[2a293f8b-7f9f-4e95-b6b0-122dfa497f2f] succeeded in 2.6987947249999706s: None
[2025-07-04 19:55:38,866: INFO/ForkPoolWorker-3] Fetching audios to process
[2025-07-04 19:55:39,868: INFO/MainProcess] Task apps.gallery.tasks.process_audio[b82ab2ce-1a44-4634-b974-3e7e1a63a52c] received
[2025-07-04 19:55:40,760: INFO/ForkPoolWorker-3] No audio files to process
[2025-07-04 19:55:41,168: INFO/ForkPoolWorker-3] Task apps.gallery.tasks.process_audio[1aeee695-f580-436d-8c70-24f4b5f2b0d1] succeeded in 2.302114922000328s: None
[2025-07-04 19:55:41,365: INFO/ForkPoolWorker-3] Fetching unsplash images to process
[2025-07-04 19:55:41,365: INFO/ForkPoolWorker-3] Starting Unsplash to gcs uploader job at 2025-07-04T19:55:41.365682
[2025-07-04 19:55:41,365: INFO/ForkPoolWorker-3] Using 6 search queries: nature, people, food, travel, architecture, animals
[2025-07-04 19:55:42,566: INFO/MainProcess] Task apps.gallery.tasks.process_audio[f654d23e-c4df-4cca-bc24-b758666ad992] received
[2025-07-04 19:56:15,465: INFO/ForkPoolWorker-2] Task apps.gallery.tasks.populate_unsplash_images[ece572b7-bd03-49da-8891-8080fa2bc89b] succeeded in 116.60359447099836s: None
[2025-07-04 19:56:15,664: INFO/ForkPoolWorker-2] Fetching audios to process
[2025-07-04 19:56:16,262: INFO/ForkPoolWorker-4] Task apps.gallery.tasks.populate_unsplash_images[9ab80162-db10-4ab9-a189-87745a41a4e1] succeeded in 117.70489021100002s: None
[2025-07-04 19:56:16,263: INFO/ForkPoolWorker-4] Fetching audios to process
[2025-07-04 19:56:17,265: INFO/MainProcess] Task apps.gallery.tasks.populate_unsplash_images[b734b100-64db-424f-aa74-53488d90101d] received
[2025-07-04 19:56:17,662: INFO/ForkPoolWorker-2] No audio files to process
[2025-07-04 19:56:17,861: INFO/ForkPoolWorker-4] No audio files to process
[2025-07-04 19:56:18,164: INFO/ForkPoolWorker-2] Task apps.gallery.tasks.process_audio[c9b97c51-9f67-4b02-bc57-aabafdb32e5d] succeeded in 2.4997203490001993s: None
[2025-07-04 19:56:18,259: INFO/ForkPoolWorker-4] Task apps.gallery.tasks.process_audio[79bccbb7-44f2-406a-9082-5b749d93a175] succeeded in 1.9960354079994431s: None
[2025-07-04 19:56:18,260: INFO/ForkPoolWorker-4] Fetching unsplash images to process
[2025-07-04 19:56:18,261: INFO/ForkPoolWorker-4] Starting Unsplash to gcs uploader job at 2025-07-04T19:56:18.261003
[2025-07-04 19:56:18,261: INFO/ForkPoolWorker-4] Using 6 search queries: nature, people, food, travel, architecture, animals
[2025-07-04 19:56:18,365: INFO/MainProcess] Task apps.gallery.tasks.populate_unsplash_images[00591f8d-3d9d-4278-b1b0-0687c90a25e9] received
[2025-07-04 19:56:18,867: INFO/ForkPoolWorker-2] Fetching unsplash images to process
[2025-07-04 19:56:18,868: INFO/ForkPoolWorker-2] Starting Unsplash to gcs uploader job at 2025-07-04T19:56:18.868005
[2025-07-04 19:56:18,868: INFO/ForkPoolWorker-2] Using 6 search queries: nature, people, food, travel, architecture, animals
[2025-07-04 19:56:19,864: ERROR/MainProcess] Received unregistered task of type 'apps.gallery.tasks.generate_metadata'.
The message has been ignored and discarded.

Did you remember to import the module containing this task?
Or maybe you're using relative imports?

Please see
https://docs.celeryq.dev/en/latest/internals/protocol.html
for more information.

The full contents of the message body was:
b'[[], {}, {"callbacks": null, "errbacks": null, "chain": null, "chord": null}]' (77b)

The full contents of the message headers:
{'lang': 'py', 'task': 'apps.gallery.tasks.generate_metadata', 'id': 'c0c70fac-8b87-493b-816d-e0393ac41543', 'shadow': None, 'eta': None, 'expires': None, 'group': None, 'group_index': None, 'retries': 0, 'timelimit': [None, None], 'root_id': 'c0c70fac-8b87-493b-816d-e0393ac41543', 'parent_id': None, 'argsrepr': '()', 'kwargsrepr': '{}', 'origin': 'gen7@63f692d7cb61', 'ignore_result': False, 'stamped_headers': None, 'stamps': {}}

The delivery info for this task is:
{'exchange': '', 'routing_key': 'celery'}
Traceback (most recent call last):
  File "/usr/local/lib/python3.12/site-packages/celery/worker/consumer/consumer.py", line 642, in on_task_received
    strategy = strategies[type_]
               ~~~~~~~~~~^^^^^^^
KeyError: 'apps.gallery.tasks.generate_metadata'
[2025-07-04 19:56:21,964: INFO/MainProcess] Task apps.gallery.tasks.process_audio[c4793572-5e11-47ae-b59a-ffff93da4ba8] received
[2025-07-04 19:56:22,564: INFO/MainProcess] Task apps.gallery.tasks.populate_unsplash_images[c2937ec4-1543-4ac3-b26f-fd00a2d6a112] received
[2025-07-04 19:57:39,468: INFO/ForkPoolWorker-3] Task apps.gallery.tasks.populate_unsplash_images[e03f543e-39c0-4389-ac56-bf8c2c50776a] succeeded in 118.1083184399995s: None
[2025-07-04 19:57:39,864: INFO/ForkPoolWorker-3] Fetching unsplash images to process
[2025-07-04 19:57:39,864: INFO/ForkPoolWorker-3] Starting Unsplash to gcs uploader job at 2025-07-04T19:57:39.864239
[2025-07-04 19:57:39,864: INFO/ForkPoolWorker-3] Using 6 search queries: nature, people, food, travel, architecture, animals
[2025-07-04 19:57:41,164: INFO/MainProcess] Task apps.gallery.tasks.process_audio[2cedf92e-5eeb-4613-991e-7daf19bb32a9] received
[2025-07-04 19:58:15,363: INFO/ForkPoolWorker-2] Task apps.gallery.tasks.populate_unsplash_images[64c02c1c-04ba-4588-9f0c-481e40fa8e1f] succeeded in 116.5008496419996s: None
[2025-07-04 19:58:15,663: INFO/ForkPoolWorker-2] Fetching unsplash images to process
[2025-07-04 19:58:15,663: INFO/ForkPoolWorker-2] Starting Unsplash to gcs uploader job at 2025-07-04T19:58:15.663425
[2025-07-04 19:58:15,663: INFO/ForkPoolWorker-2] Using 6 search queries: nature, people, food, travel, architecture, animals
[2025-07-04 19:58:16,866: INFO/MainProcess] Task apps.gallery.tasks.populate_unsplash_images[a0a3238b-760a-4df7-9ec6-7a8d4f74f307] received
[2025-07-04 19:58:17,256: INFO/ForkPoolWorker-4] Task apps.gallery.tasks.populate_unsplash_images[ff88bb8e-e89b-49ef-9dbc-26b97c1c37b1] succeeded in 119.00132510200092s: None
[2025-07-04 19:58:17,258: INFO/ForkPoolWorker-4] Fetching audios to process
[2025-07-04 19:58:18,561: INFO/MainProcess] Task apps.gallery.tasks.process_audio[350911f6-062e-4d63-820b-e32565b9498a] received
[2025-07-04 19:58:19,159: INFO/ForkPoolWorker-4] No audio files to process
[2025-07-04 19:58:19,556: INFO/ForkPoolWorker-4] Task apps.gallery.tasks.process_audio[7665ed3d-33e0-419a-9049-89b60d206cfd] succeeded in 2.29766117500003s: None
[2025-07-04 19:58:19,557: INFO/ForkPoolWorker-4] Fetching audios to process
[2025-07-04 19:58:20,762: INFO/MainProcess] Task apps.gallery.tasks.populate_unsplash_images[fdbf80a0-ca07-4010-965f-ef9622a2213b] received
[2025-07-04 19:58:21,279: INFO/ForkPoolWorker-4] No audio files to process
[2025-07-04 19:58:21,658: INFO/ForkPoolWorker-4] Task apps.gallery.tasks.process_audio[7b9e4a01-a72a-476c-a64d-e42e0b21f086] succeeded in 2.101148773999739s: None
[2025-07-04 19:58:21,659: INFO/ForkPoolWorker-4] Fetching unsplash images to process
[2025-07-04 19:58:21,659: INFO/ForkPoolWorker-4] Starting Unsplash to gcs uploader job at 2025-07-04T19:58:21.659237
[2025-07-04 19:58:21,659: INFO/ForkPoolWorker-4] Using 6 search queries: nature, people, food, travel, architecture, animals
[2025-07-04 19:58:22,762: INFO/MainProcess] Task apps.gallery.tasks.process_audio[6001dd93-2413-4c63-bb6c-61c458a1e7e9] received
[2025-07-04 19:59:36,660: INFO/ForkPoolWorker-3] Task apps.gallery.tasks.populate_unsplash_images[e120051f-334f-4672-b949-56fb157f72b8] succeeded in 116.80146402399987s: None
[2025-07-04 19:59:36,861: INFO/ForkPoolWorker-3] Fetching unsplash images to process
[2025-07-04 19:59:36,862: INFO/ForkPoolWorker-3] Starting Unsplash to gcs uploader job at 2025-07-04T19:59:36.861977
[2025-07-04 19:59:36,862: INFO/ForkPoolWorker-3] Using 6 search queries: nature, people, food, travel, architecture, animals
[2025-07-04 19:59:38,561: INFO/MainProcess] Task apps.gallery.tasks.populate_unsplash_images[0f88a13c-b5ab-4f04-98e0-bbbb28a6100c] received
[2025-07-04 20:00:13,460: INFO/ForkPoolWorker-2] Task apps.gallery.tasks.populate_unsplash_images[b34dd607-74d2-400f-914a-1a334bb87138] succeeded in 117.80164152799989s: None
[2025-07-04 20:00:13,661: INFO/ForkPoolWorker-2] Fetching unsplash images to process
[2025-07-04 20:00:13,661: INFO/ForkPoolWorker-2] Starting Unsplash to gcs uploader job at 2025-07-04T20:00:13.661517
[2025-07-04 20:00:13,661: INFO/ForkPoolWorker-2] Using 6 search queries: nature, people, food, travel, architecture, animals
[2025-07-04 20:00:14,660: INFO/MainProcess] Task apps.gallery.tasks.populate_unsplash_images[175affe9-e8d5-44c8-a3b7-e9a41a4aacd4] received
[2025-07-04 20:00:20,356: INFO/ForkPoolWorker-4] Task apps.gallery.tasks.populate_unsplash_images[2096cf9e-3e69-426b-abde-74e7d94c7848] succeeded in 118.70218048300012s: None
[2025-07-04 20:00:20,357: INFO/ForkPoolWorker-4] Fetching audios to process
[2025-07-04 20:00:21,362: INFO/MainProcess] Task apps.gallery.tasks.process_audio[57f31df1-cd89-413e-84b5-243d29e0d055] received
[2025-07-04 20:00:22,159: INFO/ForkPoolWorker-4] No audio files to process
[2025-07-04 20:00:22,655: INFO/ForkPoolWorker-4] Task apps.gallery.tasks.process_audio[a014db13-58e4-4727-bee2-eed1f4934f8e] succeeded in 2.2983991890014295s: None
[2025-07-04 20:00:22,656: INFO/ForkPoolWorker-4] Fetching audios to process
[2025-07-04 20:00:23,762: INFO/MainProcess] Task apps.gallery.tasks.populate_unsplash_images[cba2c2b9-10bb-4576-a9fa-cdc9c0bef6e9] received
[2025-07-04 20:00:24,264: INFO/ForkPoolWorker-4] No audio files to process
[2025-07-04 20:00:24,761: INFO/ForkPoolWorker-4] Task apps.gallery.tasks.process_audio[7e20c32b-b425-40ea-b2e5-fc18bcebc1fd] succeeded in 2.1051924920011515s: None
[2025-07-04 20:00:24,762: INFO/ForkPoolWorker-4] Fetching unsplash images to process
[2025-07-04 20:00:24,762: INFO/ForkPoolWorker-4] Starting Unsplash to gcs uploader job at 2025-07-04T20:00:24.762501
[2025-07-04 20:00:24,762: INFO/ForkPoolWorker-4] Using 6 search queries: nature, people, food, travel, architecture, animals
[2025-07-04 20:00:25,961: INFO/MainProcess] Task apps.gallery.tasks.process_audio[ea9d1af8-a2a2-44ec-a951-5ddfcad7ddcc] received
[2025-07-04 20:01:37,760: INFO/ForkPoolWorker-3] Task apps.gallery.tasks.populate_unsplash_images[f8c38ac3-4e35-47eb-b474-c3747a4988bb] succeeded in 120.90386608399967s: None
[2025-07-04 20:01:37,958: INFO/ForkPoolWorker-3] Fetching audios to process
[2025-07-04 20:01:39,355: INFO/ForkPoolWorker-3] No audio files to process
[2025-07-04 20:01:39,360: INFO/MainProcess] Task apps.gallery.tasks.process_audio[db672472-7dd1-4215-a94f-23a84f7f3cae] received
[2025-07-04 20:01:39,958: INFO/ForkPoolWorker-3] Task apps.gallery.tasks.process_audio[f654d23e-c4df-4cca-bc24-b758666ad992] succeeded in 2.0003122220005025s: None
[2025-07-04 20:01:40,159: INFO/ForkPoolWorker-3] Fetching unsplash images to process
[2025-07-04 20:01:40,159: INFO/ForkPoolWorker-3] Starting Unsplash to gcs uploader job at 2025-07-04T20:01:40.159504
[2025-07-04 20:01:40,159: INFO/ForkPoolWorker-3] Using 6 search queries: nature, people, food, travel, architecture, animals
[2025-07-04 20:01:41,961: INFO/MainProcess] Task apps.gallery.tasks.process_audio[15b8257a-964a-40e9-bef1-4980271afe37] received
[2025-07-04 20:02:15,358: INFO/ForkPoolWorker-2] Task apps.gallery.tasks.populate_unsplash_images[f4b9dd92-6515-48a5-9728-27be64b3f47d] succeeded in 121.70293162099915s: None
[2025-07-04 20:02:15,557: INFO/ForkPoolWorker-2] Fetching unsplash images to process
[2025-07-04 20:02:15,557: INFO/ForkPoolWorker-2] Starting Unsplash to gcs uploader job at 2025-07-04T20:02:15.557491
[2025-07-04 20:02:15,557: INFO/ForkPoolWorker-2] Using 6 search queries: nature, people, food, travel, architecture, animals
[2025-07-04 20:02:17,057: INFO/MainProcess] Task apps.gallery.tasks.populate_unsplash_images[f17aff20-4996-452d-afa7-3ae6b6c4bb7c] received
[2025-07-04 20:02:25,152: INFO/ForkPoolWorker-4] Task apps.gallery.tasks.populate_unsplash_images[e40cb35c-de82-4bb5-b71d-8d7f1d606440] succeeded in 120.39509083699886s: None
[2025-07-04 20:02:25,153: INFO/ForkPoolWorker-4] Fetching audios to process
[2025-07-04 20:02:26,358: INFO/MainProcess] Task apps.gallery.tasks.populate_unsplash_images[79378c61-2e4e-4f11-8c28-d989fe6229e2] received
[2025-07-04 20:02:26,760: INFO/ForkPoolWorker-4] No audio files to process
[2025-07-04 20:02:27,152: INFO/ForkPoolWorker-4] Task apps.gallery.tasks.process_audio[b82ab2ce-1a44-4634-b974-3e7e1a63a52c] succeeded in 1.9990434379997168s: None
[2025-07-04 20:02:27,153: INFO/ForkPoolWorker-4] Fetching audios to process
[2025-07-04 20:02:28,158: INFO/MainProcess] Task apps.gallery.tasks.process_audio[ed54aa27-6c61-48dd-8a7c-416e36c6172f] received
[2025-07-04 20:02:29,051: INFO/ForkPoolWorker-4] No audio files to process
[2025-07-04 20:02:29,451: INFO/ForkPoolWorker-4] Task apps.gallery.tasks.process_audio[c4793572-5e11-47ae-b59a-ffff93da4ba8] succeeded in 2.298607038999762s: None
[2025-07-04 20:02:29,452: INFO/ForkPoolWorker-4] Fetching unsplash images to process
[2025-07-04 20:02:29,452: INFO/ForkPoolWorker-4] Starting Unsplash to gcs uploader job at 2025-07-04T20:02:29.452762
[2025-07-04 20:02:29,452: INFO/ForkPoolWorker-4] Using 6 search queries: nature, people, food, travel, architecture, animals
[2025-07-04 20:02:30,459: INFO/MainProcess] Task apps.gallery.tasks.populate_unsplash_images[65efa731-225d-4fd6-b935-931f72866090] received
[2025-07-04 20:03:38,856: INFO/ForkPoolWorker-3] Task apps.gallery.tasks.populate_unsplash_images[b734b100-64db-424f-aa74-53488d90101d] succeeded in 118.70216283900118s: None
[2025-07-04 20:03:39,056: INFO/ForkPoolWorker-3] Fetching unsplash images to process
[2025-07-04 20:03:39,056: INFO/ForkPoolWorker-3] Starting Unsplash to gcs uploader job at 2025-07-04T20:03:39.056306
[2025-07-04 20:03:39,056: INFO/ForkPoolWorker-3] Using 6 search queries: nature, people, food, travel, architecture, animals
[2025-07-04 20:03:40,256: INFO/MainProcess] Task apps.gallery.tasks.process_audio[0d74868e-6baf-4be3-a721-9fb3e8ec258c] received
[2025-07-04 20:04:12,057: INFO/ForkPoolWorker-2] Task apps.gallery.tasks.populate_unsplash_images[00591f8d-3d9d-4278-b1b0-0687c90a25e9] succeeded in 116.5034531550009s: None
[2025-07-04 20:04:12,256: INFO/ForkPoolWorker-2] Fetching audios to process
[2025-07-04 20:04:13,750: INFO/ForkPoolWorker-2] No audio files to process
[2025-07-04 20:04:13,855: INFO/MainProcess] Task apps.gallery.tasks.populate_unsplash_images[94b326dd-42e5-4e1f-8b45-509c9b92b083] received
[2025-07-04 20:04:14,157: INFO/ForkPoolWorker-2] Task apps.gallery.tasks.process_audio[350911f6-062e-4d63-820b-e32565b9498a] succeeded in 1.901429220000864s: None
[2025-07-04 20:04:14,355: INFO/ForkPoolWorker-2] Fetching unsplash images to process
[2025-07-04 20:04:14,355: INFO/ForkPoolWorker-2] Starting Unsplash to gcs uploader job at 2025-07-04T20:04:14.355926
[2025-07-04 20:04:14,355: INFO/ForkPoolWorker-2] Using 6 search queries: nature, people, food, travel, architecture, animals
[2025-07-04 20:04:15,156: INFO/MainProcess] Task apps.gallery.tasks.process_audio[51e4150b-e99f-41d4-a388-dff3341002ea] received
[2025-07-04 20:04:27,149: INFO/ForkPoolWorker-4] Task apps.gallery.tasks.populate_unsplash_images[c2937ec4-1543-4ac3-b26f-fd00a2d6a112] succeeded in 117.70181819200116s: None
[2025-07-04 20:04:27,150: INFO/ForkPoolWorker-4] Fetching audios to process
[2025-07-04 20:04:28,355: INFO/MainProcess] Task apps.gallery.tasks.populate_unsplash_images[2fce1f17-bfa9-43c9-b672-018a11918c77] received
[2025-07-04 20:04:28,952: INFO/ForkPoolWorker-4] No audio files to process
[2025-07-04 20:04:29,450: INFO/ForkPoolWorker-4] Task apps.gallery.tasks.process_audio[2cedf92e-5eeb-4613-991e-7daf19bb32a9] succeeded in 2.2992457350010227s: None
[2025-07-04 20:04:29,450: INFO/ForkPoolWorker-4] Fetching audios to process
[2025-07-04 20:04:30,555: INFO/MainProcess] Task apps.gallery.tasks.process_audio[0db0b379-84b1-49b6-8a64-4b01c17cbb78] received
[2025-07-04 20:04:31,555: INFO/ForkPoolWorker-4] No audio files to process
[2025-07-04 20:04:32,150: INFO/ForkPoolWorker-4] Task apps.gallery.tasks.process_audio[6001dd93-2413-4c63-bb6c-61c458a1e7e9] succeeded in 2.6996821239990823s: None
[2025-07-04 20:04:32,151: INFO/ForkPoolWorker-4] Fetching unsplash images to process
[2025-07-04 20:04:32,151: INFO/ForkPoolWorker-4] Starting Unsplash to gcs uploader job at 2025-07-04T20:04:32.151612
[2025-07-04 20:04:32,151: INFO/ForkPoolWorker-4] Using 6 search queries: nature, people, food, travel, architecture, animals
[2025-07-04 20:04:33,155: INFO/MainProcess] Task apps.gallery.tasks.populate_unsplash_images[0523ee24-db0b-47f3-8767-3e3b91ae5278] received
[2025-07-04 20:05:38,754: INFO/ForkPoolWorker-3] Task apps.gallery.tasks.populate_unsplash_images[a0a3238b-760a-4df7-9ec6-7a8d4f74f307] succeeded in 119.70338533100039s: None
[2025-07-04 20:05:39,054: INFO/ForkPoolWorker-3] Fetching audios to process
[2025-07-04 20:05:40,253: INFO/MainProcess] Task apps.gallery.tasks.populate_unsplash_images[82e5b045-f5cc-4fdd-b117-316c8d188810] received
[2025-07-04 20:05:40,855: INFO/ForkPoolWorker-3] No audio files to process
[2025-07-04 20:05:41,253: INFO/ForkPoolWorker-3] Task apps.gallery.tasks.process_audio[57f31df1-cd89-413e-84b5-243d29e0d055] succeeded in 2.199099360999753s: None
[2025-07-04 20:05:41,554: INFO/ForkPoolWorker-3] Fetching unsplash images to process
[2025-07-04 20:05:41,554: INFO/ForkPoolWorker-3] Starting Unsplash to gcs uploader job at 2025-07-04T20:05:41.554508
[2025-07-04 20:05:41,554: INFO/ForkPoolWorker-3] Using 6 search queries: nature, people, food, travel, architecture, animals
[2025-07-04 20:05:42,354: INFO/MainProcess] Task apps.gallery.tasks.populate_unsplash_images[d3f6bac4-8c92-4581-8ff1-4c7d33f1b989] received
[2025-07-04 20:06:12,453: INFO/ForkPoolWorker-2] Task apps.gallery.tasks.populate_unsplash_images[fdbf80a0-ca07-4010-965f-ef9622a2213b] succeeded in 118.10305519299982s: None
[2025-07-04 20:06:12,652: INFO/ForkPoolWorker-2] Fetching audios to process
[2025-07-04 20:06:13,954: INFO/MainProcess] Task apps.gallery.tasks.populate_unsplash_images[97ea007e-aa16-4d41-b852-81e42ef6eb70] received
[2025-07-04 20:06:14,754: INFO/ForkPoolWorker-2] No audio files to process
[2025-07-04 20:06:15,152: INFO/ForkPoolWorker-2] Task apps.gallery.tasks.process_audio[ea9d1af8-a2a2-44ec-a951-5ddfcad7ddcc] succeeded in 2.5015969770010997s: None
[2025-07-04 20:06:15,350: INFO/ForkPoolWorker-2] Fetching audios to process
[2025-07-04 20:06:16,553: INFO/MainProcess] Task apps.gallery.tasks.process_audio[dc4c0b33-17d9-4407-b991-78254ef5c6f1] received
[2025-07-04 20:06:16,945: INFO/ForkPoolWorker-2] No audio files to process
[2025-07-04 20:06:17,453: INFO/ForkPoolWorker-2] Task apps.gallery.tasks.process_audio[db672472-7dd1-4215-a94f-23a84f7f3cae] succeeded in 2.102981774s: None
[2025-07-04 20:06:17,653: INFO/ForkPoolWorker-2] Fetching audios to process
[2025-07-04 20:06:18,652: INFO/MainProcess] Task apps.gallery.tasks.populate_unsplash_images[6ee8a165-ff0b-473b-a238-f024c590281e] received
[2025-07-04 20:06:19,658: INFO/ForkPoolWorker-2] No audio files to process
[2025-07-04 20:06:20,053: INFO/ForkPoolWorker-2] Task apps.gallery.tasks.process_audio[15b8257a-964a-40e9-bef1-4980271afe37] succeeded in 2.3994941799992375s: None
[2025-07-04 20:06:20,454: INFO/ForkPoolWorker-2] Fetching unsplash images to process
[2025-07-04 20:06:20,454: INFO/ForkPoolWorker-2] Starting Unsplash to gcs uploader job at 2025-07-04T20:06:20.454348
[2025-07-04 20:06:20,454: INFO/ForkPoolWorker-2] Using 6 search queries: nature, people, food, travel, architecture, animals
[2025-07-04 20:06:21,452: INFO/MainProcess] Task apps.gallery.tasks.process_audio[d36379c9-31d3-4b10-8161-e57871590635] received
[2025-07-04 20:06:30,650: INFO/ForkPoolWorker-4] Task apps.gallery.tasks.populate_unsplash_images[0f88a13c-b5ab-4f04-98e0-bbbb28a6100c] succeeded in 118.5043932289991s: None
[2025-07-04 20:06:30,651: INFO/ForkPoolWorker-4] Fetching unsplash images to process
[2025-07-04 20:06:30,651: INFO/ForkPoolWorker-4] Starting Unsplash to gcs uploader job at 2025-07-04T20:06:30.651548
[2025-07-04 20:06:30,651: INFO/ForkPoolWorker-4] Using 6 search queries: nature, people, food, travel, architecture, animals
[2025-07-04 20:06:32,154: INFO/MainProcess] Task apps.gallery.tasks.process_audio[3d3363d2-330c-410b-89dd-504fc24eebcc] received
[2025-07-04 20:07:45,050: INFO/ForkPoolWorker-3] Task apps.gallery.tasks.populate_unsplash_images[cba2c2b9-10bb-4576-a9fa-cdc9c0bef6e9] succeeded in 123.50227383600031s: None
[2025-07-04 20:07:45,251: INFO/ForkPoolWorker-3] Fetching audios to process
[2025-07-04 20:07:46,651: INFO/MainProcess] Task apps.gallery.tasks.populate_unsplash_images[cfa7995b-d559-4225-b7ca-f6c2e2fdbb6e] received
[2025-07-04 20:07:47,452: INFO/ForkPoolWorker-3] No audio files to process
[2025-07-04 20:07:47,951: INFO/ForkPoolWorker-3] Task apps.gallery.tasks.process_audio[ed54aa27-6c61-48dd-8a7c-416e36c6172f] succeeded in 2.7000118249998195s: None
[2025-07-04 20:07:48,151: INFO/ForkPoolWorker-3] Fetching unsplash images to process
[2025-07-04 20:07:48,151: INFO/ForkPoolWorker-3] Starting Unsplash to gcs uploader job at 2025-07-04T20:07:48.151300
[2025-07-04 20:07:48,151: INFO/ForkPoolWorker-3] Using 6 search queries: nature, people, food, travel, architecture, animals
[2025-07-04 20:07:49,052: INFO/MainProcess] Task apps.gallery.tasks.populate_unsplash_images[377348a9-c1fc-49a3-b7fc-4b75508c4bde] received
[2025-07-04 20:08:21,950: INFO/ForkPoolWorker-2] Task apps.gallery.tasks.populate_unsplash_images[f17aff20-4996-452d-afa7-3ae6b6c4bb7c] succeeded in 121.50112587199874s: None
[2025-07-04 20:08:22,150: INFO/ForkPoolWorker-2] Fetching audios to process
[2025-07-04 20:08:23,953: INFO/MainProcess] Task apps.gallery.tasks.populate_unsplash_images[fc6ed471-b43f-4511-8749-5f850065a5fb] received
[2025-07-04 20:08:24,351: INFO/ForkPoolWorker-2] No audio files to process
[2025-07-04 20:08:24,851: INFO/ForkPoolWorker-2] Task apps.gallery.tasks.process_audio[0d74868e-6baf-4be3-a721-9fb3e8ec258c] succeeded in 2.7014663999980257s: None
[2025-07-04 20:08:25,249: INFO/ForkPoolWorker-2] Fetching unsplash images to process
[2025-07-04 20:08:25,249: INFO/ForkPoolWorker-2] Starting Unsplash to gcs uploader job at 2025-07-04T20:08:25.249327
[2025-07-04 20:08:25,249: INFO/ForkPoolWorker-2] Using 6 search queries: nature, people, food, travel, architecture, animals
[2025-07-04 20:08:26,753: INFO/MainProcess] Task apps.gallery.tasks.process_audio[6b14e7f6-f255-4c9c-986c-3a8ccbd6d489] received
[2025-07-04 20:08:31,044: INFO/ForkPoolWorker-4] Task apps.gallery.tasks.populate_unsplash_images[175affe9-e8d5-44c8-a3b7-e9a41a4aacd4] succeeded in 120.39853763000247s: None
[2025-07-04 20:08:31,045: INFO/ForkPoolWorker-4] Fetching unsplash images to process
[2025-07-04 20:08:31,045: INFO/ForkPoolWorker-4] Starting Unsplash to gcs uploader job at 2025-07-04T20:08:31.045867
[2025-07-04 20:08:31,045: INFO/ForkPoolWorker-4] Using 6 search queries: nature, people, food, travel, architecture, animals
[2025-07-04 20:08:32,150: INFO/MainProcess] Task apps.gallery.tasks.process_audio[53db6fd0-e968-4207-8c6a-60f543dde6f8] received
[2025-07-04 20:09:46,548: INFO/ForkPoolWorker-3] Task apps.gallery.tasks.populate_unsplash_images[65efa731-225d-4fd6-b935-931f72866090] succeeded in 118.40212913299911s: None
[2025-07-04 20:09:46,948: INFO/ForkPoolWorker-3] Fetching unsplash images to process
[2025-07-04 20:09:46,948: INFO/ForkPoolWorker-3] Starting Unsplash to gcs uploader job at 2025-07-04T20:09:46.948591
[2025-07-04 20:09:46,949: INFO/ForkPoolWorker-3] Using 6 search queries: nature, people, food, travel, architecture, animals
[2025-07-04 20:09:48,149: INFO/MainProcess] Task apps.gallery.tasks.populate_unsplash_images[ba053312-65af-45c7-b097-18aa33b0d342] received
[2025-07-04 20:10:23,450: INFO/ForkPoolWorker-2] Task apps.gallery.tasks.populate_unsplash_images[94b326dd-42e5-4e1f-8b45-509c9b92b083] succeeded in 118.20558622599856s: None
[2025-07-04 20:10:23,647: INFO/ForkPoolWorker-2] Fetching audios to process
[2025-07-04 20:10:24,849: INFO/MainProcess] Task apps.gallery.tasks.process_audio[a3b5a959-aab5-4198-902c-0610457cde63] received
[2025-07-04 20:10:25,352: INFO/ForkPoolWorker-2] No audio files to process
[2025-07-04 20:10:25,749: INFO/ForkPoolWorker-2] Task apps.gallery.tasks.process_audio[0db0b379-84b1-49b6-8a64-4b01c17cbb78] succeeded in 2.1018291630025487s: None
[2025-07-04 20:10:25,949: INFO/ForkPoolWorker-2] Fetching unsplash images to process
[2025-07-04 20:10:25,949: INFO/ForkPoolWorker-2] Starting Unsplash to gcs uploader job at 2025-07-04T20:10:25.949930
[2025-07-04 20:10:25,950: INFO/ForkPoolWorker-2] Using 6 search queries: nature, people, food, travel, architecture, animals
[2025-07-04 20:10:27,049: INFO/MainProcess] Task apps.gallery.tasks.populate_unsplash_images[27e96395-e9c5-4b85-af24-a03461ccba8d] received
[2025-07-04 20:10:29,343: INFO/ForkPoolWorker-4] Task apps.gallery.tasks.populate_unsplash_images[79378c61-2e4e-4f11-8c28-d989fe6229e2] succeeded in 118.30172764700183s: None
[2025-07-04 20:10:29,343: INFO/ForkPoolWorker-4] Fetching audios to process
[2025-07-04 20:10:30,450: INFO/MainProcess] Task apps.gallery.tasks.process_audio[273dcd03-8ff4-4fc9-a95a-d60d2a335965] received
[2025-07-04 20:10:30,949: INFO/ForkPoolWorker-4] No audio files to process
[2025-07-04 20:10:31,342: INFO/ForkPoolWorker-4] Task apps.gallery.tasks.process_audio[51e4150b-e99f-41d4-a388-dff3341002ea] succeeded in 1.9989596009982051s: None
[2025-07-04 20:10:31,343: INFO/ForkPoolWorker-4] Fetching unsplash images to process
[2025-07-04 20:10:31,343: INFO/ForkPoolWorker-4] Starting Unsplash to gcs uploader job at 2025-07-04T20:10:31.343894
[2025-07-04 20:10:31,343: INFO/ForkPoolWorker-4] Using 6 search queries: nature, people, food, travel, architecture, animals
[2025-07-04 20:10:32,348: INFO/MainProcess] Task apps.gallery.tasks.populate_unsplash_images[a395d0e8-28f5-4641-b858-fbeaea2959cd] received
[2025-07-04 20:11:42,246: INFO/ForkPoolWorker-3] Task apps.gallery.tasks.populate_unsplash_images[2fce1f17-bfa9-43c9-b672-018a11918c77] succeeded in 115.30183267100074s: None
[2025-07-04 20:11:42,447: INFO/ForkPoolWorker-3] Fetching unsplash images to process
[2025-07-04 20:11:42,447: INFO/ForkPoolWorker-3] Starting Unsplash to gcs uploader job at 2025-07-04T20:11:42.447232
[2025-07-04 20:11:42,447: INFO/ForkPoolWorker-3] Using 6 search queries: nature, people, food, travel, architecture, animals
[2025-07-04 20:11:43,947: INFO/MainProcess] Task apps.gallery.tasks.process_audio[cf0320cb-f368-4bd0-bb00-80c51a5492b1] received
[2025-07-04 20:12:25,147: INFO/ForkPoolWorker-2] Task apps.gallery.tasks.populate_unsplash_images[0523ee24-db0b-47f3-8767-3e3b91ae5278] succeeded in 119.20325091799896s: None
[2025-07-04 20:12:25,447: INFO/ForkPoolWorker-2] Fetching audios to process
[2025-07-04 20:12:26,647: INFO/MainProcess] Task apps.gallery.tasks.populate_unsplash_images[40d2424d-3630-4ae3-b00f-6f2971a861c3] received
[2025-07-04 20:12:27,141: INFO/ForkPoolWorker-2] No audio files to process
[2025-07-04 20:12:27,545: INFO/ForkPoolWorker-2] Task apps.gallery.tasks.process_audio[dc4c0b33-17d9-4407-b991-78254ef5c6f1] succeeded in 2.0983376940021117s: None
[2025-07-04 20:12:27,746: INFO/ForkPoolWorker-2] Fetching unsplash images to process
[2025-07-04 20:12:27,747: INFO/ForkPoolWorker-2] Starting Unsplash to gcs uploader job at 2025-07-04T20:12:27.746986
[2025-07-04 20:12:27,747: INFO/ForkPoolWorker-2] Using 6 search queries: nature, people, food, travel, architecture, animals
[2025-07-04 20:12:28,546: INFO/MainProcess] Task apps.gallery.tasks.process_audio[3d038062-d973-4ba2-9757-dfd1b98e30f8] received
[2025-07-04 20:12:28,640: INFO/ForkPoolWorker-4] Task apps.gallery.tasks.populate_unsplash_images[82e5b045-f5cc-4fdd-b117-316c8d188810] succeeded in 117.30151296699842s: None
[2025-07-04 20:12:28,641: INFO/ForkPoolWorker-4] Fetching unsplash images to process
[2025-07-04 20:12:28,641: INFO/ForkPoolWorker-4] Starting Unsplash to gcs uploader job at 2025-07-04T20:12:28.641257
[2025-07-04 20:12:28,641: INFO/ForkPoolWorker-4] Using 6 search queries: nature, people, food, travel, architecture, animals
[2025-07-04 20:12:30,445: INFO/MainProcess] Task apps.gallery.tasks.populate_unsplash_images[b7489b55-dcf3-489a-99ef-381aa7cca20a] received
[2025-07-04 20:13:41,047: INFO/ForkPoolWorker-3] Task apps.gallery.tasks.populate_unsplash_images[97ea007e-aa16-4d41-b852-81e42ef6eb70] succeeded in 118.60490675300025s: None
[2025-07-04 20:13:41,444: INFO/ForkPoolWorker-3] Fetching audios to process
[2025-07-04 20:13:42,646: INFO/MainProcess] Task apps.gallery.tasks.populate_unsplash_images[ce6c5ef3-786e-4553-9d09-56097d491b36] received
[2025-07-04 20:13:43,148: INFO/ForkPoolWorker-3] No audio files to process
[2025-07-04 20:13:43,645: INFO/ForkPoolWorker-3] Task apps.gallery.tasks.process_audio[3d3363d2-330c-410b-89dd-504fc24eebcc] succeeded in 2.201246059998084s: None
[2025-07-04 20:13:43,846: INFO/ForkPoolWorker-3] Fetching unsplash images to process
[2025-07-04 20:13:43,846: INFO/ForkPoolWorker-3] Starting Unsplash to gcs uploader job at 2025-07-04T20:13:43.846619
[2025-07-04 20:13:43,846: INFO/ForkPoolWorker-3] Using 6 search queries: nature, people, food, travel, architecture, animals
[2025-07-04 20:13:44,848: INFO/MainProcess] Task apps.gallery.tasks.populate_unsplash_images[5ac49fc6-4e55-407c-a97e-4f37a7a4a39a] received
[2025-07-04 20:14:26,241: INFO/ForkPoolWorker-4] Task apps.gallery.tasks.populate_unsplash_images[d3f6bac4-8c92-4581-8ff1-4c7d33f1b989] succeeded in 117.60484665900003s: None
[2025-07-04 20:14:26,241: INFO/ForkPoolWorker-4] Fetching audios to process
[2025-07-04 20:14:26,344: INFO/ForkPoolWorker-2] Task apps.gallery.tasks.populate_unsplash_images[6ee8a165-ff0b-473b-a238-f024c590281e] succeeded in 118.60253114800071s: None
[2025-07-04 20:14:26,446: INFO/ForkPoolWorker-2] Fetching unsplash images to process
[2025-07-04 20:14:26,446: INFO/ForkPoolWorker-2] Starting Unsplash to gcs uploader job at 2025-07-04T20:14:26.446135
[2025-07-04 20:14:26,446: INFO/ForkPoolWorker-2] Using 6 search queries: nature, people, food, travel, architecture, animals
[2025-07-04 20:14:27,754: INFO/ForkPoolWorker-4] No audio files to process
[2025-07-04 20:14:28,137: INFO/ForkPoolWorker-4] Task apps.gallery.tasks.process_audio[d36379c9-31d3-4b10-8161-e57871590635] succeeded in 1.8959547449994716s: None
[2025-07-04 20:14:28,138: INFO/ForkPoolWorker-4] Fetching unsplash images to process
[2025-07-04 20:14:28,138: INFO/ForkPoolWorker-4] Starting Unsplash to gcs uploader job at 2025-07-04T20:14:28.138746
[2025-07-04 20:14:28,138: INFO/ForkPoolWorker-4] Using 6 search queries: nature, people, food, travel, architecture, animals
[2025-07-04 20:14:28,344: INFO/MainProcess] Task apps.gallery.tasks.populate_unsplash_images[9c785228-51ab-4431-904e-67fe8856d899] received
[2025-07-04 20:14:29,549: INFO/MainProcess] Task apps.gallery.tasks.process_audio[6f12095e-a7ea-41f9-9556-47d7119f2143] received
[2025-07-04 20:14:30,544: INFO/MainProcess] Task apps.gallery.tasks.populate_unsplash_images[9311eb0d-8160-480a-8cc6-2d922b9f4bf1] received
[2025-07-04 20:14:54,241: INFO/MainProcess] missed heartbeat from celery@63f692d7cb61
[2025-07-04 20:14:54,241: INFO/MainProcess] missed heartbeat from celery@838e3ebc3f56
[2025-07-04 20:15:49,042: INFO/ForkPoolWorker-3] Task apps.gallery.tasks.populate_unsplash_images[cfa7995b-d559-4225-b7ca-f6c2e2fdbb6e] succeeded in 125.20154204199935s: None
[2025-07-04 20:15:49,244: INFO/ForkPoolWorker-3] Fetching audios to process
[2025-07-04 20:15:50,742: INFO/MainProcess] Task apps.gallery.tasks.populate_unsplash_images[02e27767-ae56-4772-a4e3-5d004d762107] received
[2025-07-04 20:15:51,053: INFO/ForkPoolWorker-3] No audio files to process
[2025-07-04 20:15:51,443: INFO/ForkPoolWorker-3] Task apps.gallery.tasks.process_audio[53db6fd0-e968-4207-8c6a-60f543dde6f8] succeeded in 2.1994763369984867s: None
[2025-07-04 20:15:51,744: INFO/ForkPoolWorker-3] Fetching unsplash images to process
[2025-07-04 20:15:51,744: INFO/ForkPoolWorker-3] Starting Unsplash to gcs uploader job at 2025-07-04T20:15:51.744171
[2025-07-04 20:15:51,744: INFO/ForkPoolWorker-3] Using 6 search queries: nature, people, food, travel, architecture, animals
[2025-07-04 20:15:52,541: INFO/MainProcess] Task apps.gallery.tasks.process_audio[6b4394f7-bf43-4424-9e38-c51ae0af78f5] received
[2025-07-04 20:16:29,041: INFO/ForkPoolWorker-2] Task apps.gallery.tasks.populate_unsplash_images[fc6ed471-b43f-4511-8749-5f850065a5fb] succeeded in 122.60018100900197s: None
[2025-07-04 20:16:29,240: INFO/ForkPoolWorker-2] Fetching audios to process
[2025-07-04 20:16:30,836: INFO/ForkPoolWorker-4] Task apps.gallery.tasks.populate_unsplash_images[377348a9-c1fc-49a3-b7fc-4b75508c4bde] succeeded in 122.70266100500157s: None
[2025-07-04 20:16:30,837: INFO/ForkPoolWorker-4] Fetching audios to process
[2025-07-04 20:16:31,044: INFO/MainProcess] Task apps.gallery.tasks.process_audio[01e84d68-de89-4cb8-8628-2c09d493b438] received
[2025-07-04 20:16:31,048: INFO/ForkPoolWorker-2] No audio files to process
[2025-07-04 20:16:31,449: INFO/ForkPoolWorker-2] Task apps.gallery.tasks.process_audio[a3b5a959-aab5-4198-902c-0610457cde63] succeeded in 2.2092243959996267s: None
[2025-07-04 20:16:32,334: INFO/ForkPoolWorker-4] No audio files to process
[2025-07-04 20:16:32,343: INFO/MainProcess] Task apps.gallery.tasks.populate_unsplash_images[c7c784cf-aac2-4217-9e69-886b65ec6c45] received
[2025-07-04 20:16:32,344: INFO/ForkPoolWorker-2] Fetching audios to process
[2025-07-04 20:16:32,737: INFO/ForkPoolWorker-4] Task apps.gallery.tasks.process_audio[6b14e7f6-f255-4c9c-986c-3a8ccbd6d489] succeeded in 1.900038523002877s: None
[2025-07-04 20:16:32,738: INFO/ForkPoolWorker-4] Fetching unsplash images to process
[2025-07-04 20:16:32,738: INFO/ForkPoolWorker-4] Starting Unsplash to gcs uploader job at 2025-07-04T20:16:32.738859
[2025-07-04 20:16:32,738: INFO/ForkPoolWorker-4] Using 6 search queries: nature, people, food, travel, architecture, animals
[2025-07-04 20:16:33,741: INFO/MainProcess] Task apps.gallery.tasks.process_audio[cc131451-8d7f-4b5b-977b-b7731a13400f] received
[2025-07-04 20:16:34,344: INFO/MainProcess] Task apps.gallery.tasks.populate_unsplash_images[28a745ad-bb3d-4e56-b7f3-e747a4a6a0a7] received
[2025-07-04 20:16:34,446: INFO/ForkPoolWorker-2] No audio files to process
[2025-07-04 20:16:34,842: INFO/ForkPoolWorker-2] Task apps.gallery.tasks.process_audio[273dcd03-8ff4-4fc9-a95a-d60d2a335965] succeeded in 2.4982435870006157s: None
[2025-07-04 20:16:35,341: INFO/ForkPoolWorker-2] Fetching audios to process
[2025-07-04 20:16:36,242: ERROR/MainProcess] Received unregistered task of type 'apps.gallery.tasks.generate_metadata'.
The message has been ignored and discarded.

Did you remember to import the module containing this task?
Or maybe you're using relative imports?

Please see
https://docs.celeryq.dev/en/latest/internals/protocol.html
for more information.

The full contents of the message body was:
b'[[], {}, {"callbacks": null, "errbacks": null, "chain": null, "chord": null}]' (77b)

The full contents of the message headers:
{'lang': 'py', 'task': 'apps.gallery.tasks.generate_metadata', 'id': 'fd12c8ac-8d28-47e4-9696-65de5b983989', 'shadow': None, 'eta': None, 'expires': None, 'group': None, 'group_index': None, 'retries': 0, 'timelimit': [None, None], 'root_id': 'fd12c8ac-8d28-47e4-9696-65de5b983989', 'parent_id': None, 'argsrepr': '()', 'kwargsrepr': '{}', 'origin': 'gen7@63f692d7cb61', 'ignore_result': False, 'stamped_headers': None, 'stamps': {}}

The delivery info for this task is:
{'exchange': '', 'routing_key': 'celery'}
Traceback (most recent call last):
  File "/usr/local/lib/python3.12/site-packages/celery/worker/consumer/consumer.py", line 642, in on_task_received
    strategy = strategies[type_]
               ~~~~~~~~~~^^^^^^^
KeyError: 'apps.gallery.tasks.generate_metadata'
[2025-07-04 20:16:37,737: INFO/ForkPoolWorker-2] No audio files to process
[2025-07-04 20:16:38,045: INFO/MainProcess] Task apps.gallery.tasks.populate_unsplash_images[f14d8ff1-1587-4421-ba27-0aa29f691ce3] received
[2025-07-04 20:16:38,143: INFO/ForkPoolWorker-2] Task apps.gallery.tasks.process_audio[cf0320cb-f368-4bd0-bb00-80c51a5492b1] succeeded in 2.8023007290030364s: None
[2025-07-04 20:16:38,440: INFO/ForkPoolWorker-2] Fetching unsplash images to process
[2025-07-04 20:16:38,440: INFO/ForkPoolWorker-2] Starting Unsplash to gcs uploader job at 2025-07-04T20:16:38.440541
[2025-07-04 20:16:38,440: INFO/ForkPoolWorker-2] Using 6 search queries: nature, people, food, travel, architecture, animals
[2025-07-04 20:16:39,244: INFO/MainProcess] Task apps.gallery.tasks.populate_unsplash_images[9f6764dd-54de-4ad9-b1f9-2250b6d4edb6] received
[2025-07-04 20:17:52,039: INFO/ForkPoolWorker-3] Task apps.gallery.tasks.populate_unsplash_images[ba053312-65af-45c7-b097-18aa33b0d342] succeeded in 120.30005307399915s: None
[2025-07-04 20:17:52,242: INFO/ForkPoolWorker-3] Fetching audios to process
[2025-07-04 20:17:53,439: INFO/MainProcess] Task apps.gallery.tasks.process_audio[73c55b3c-ab75-4a15-bccb-01686755458a] received
[2025-07-04 20:17:54,132: INFO/ForkPoolWorker-3] No audio files to process
[2025-07-04 20:17:54,539: INFO/ForkPoolWorker-3] Task apps.gallery.tasks.process_audio[3d038062-d973-4ba2-9757-dfd1b98e30f8] succeeded in 2.297068328000023s: None
[2025-07-04 20:17:54,839: INFO/ForkPoolWorker-3] Fetching unsplash images to process
[2025-07-04 20:17:54,839: INFO/ForkPoolWorker-3] Starting Unsplash to gcs uploader job at 2025-07-04T20:17:54.839566
[2025-07-04 20:17:54,839: INFO/ForkPoolWorker-3] Using 6 search queries: nature, people, food, travel, architecture, animals
[2025-07-04 20:17:55,639: INFO/MainProcess] Task apps.gallery.tasks.populate_unsplash_images[f0b3265e-183c-474f-90dc-bd0c99d9ec5e] received
[2025-07-04 20:18:34,333: INFO/ForkPoolWorker-4] Task apps.gallery.tasks.populate_unsplash_images[27e96395-e9c5-4b85-af24-a03461ccba8d] succeeded in 121.59956290099944s: None
[2025-07-04 20:18:34,334: INFO/ForkPoolWorker-4] Fetching unsplash images to process
[2025-07-04 20:18:34,334: INFO/ForkPoolWorker-4] Starting Unsplash to gcs uploader job at 2025-07-04T20:18:34.334214
[2025-07-04 20:18:34,334: INFO/ForkPoolWorker-4] Using 6 search queries: nature, people, food, travel, architecture, animals
[2025-07-04 20:18:35,940: INFO/MainProcess] Task apps.gallery.tasks.process_audio[9e89ca56-f9bb-4200-94c4-591f4460ce00] received
[2025-07-04 20:18:42,942: INFO/ForkPoolWorker-2] Task apps.gallery.tasks.populate_unsplash_images[40d2424d-3630-4ae3-b00f-6f2971a861c3] succeeded in 124.50693594600307s: None
[2025-07-04 20:18:43,139: INFO/ForkPoolWorker-2] Fetching unsplash images to process
[2025-07-04 20:18:43,139: INFO/ForkPoolWorker-2] Starting Unsplash to gcs uploader job at 2025-07-04T20:18:43.139679
[2025-07-04 20:18:43,139: INFO/ForkPoolWorker-2] Using 6 search queries: nature, people, food, travel, architecture, animals
[2025-07-04 20:18:44,040: INFO/MainProcess] Task apps.gallery.tasks.populate_unsplash_images[ffd9184a-0e8f-499a-9987-787c970fe1f9] received
[2025-07-04 20:19:54,636: INFO/ForkPoolWorker-3] Task apps.gallery.tasks.populate_unsplash_images[b7489b55-dcf3-489a-99ef-381aa7cca20a] succeeded in 119.80227677999937s: None
[2025-07-04 20:19:54,836: INFO/ForkPoolWorker-3] Fetching unsplash images to process
[2025-07-04 20:19:54,836: INFO/ForkPoolWorker-3] Starting Unsplash to gcs uploader job at 2025-07-04T20:19:54.836875
[2025-07-04 20:19:54,836: INFO/ForkPoolWorker-3] Using 6 search queries: nature, people, food, travel, architecture, animals
[2025-07-04 20:19:56,042: INFO/MainProcess] Task apps.gallery.tasks.process_audio[2eb64c7c-b2ea-4c2d-ab64-a99e37c40c6b] received
[2025-07-04 20:20:33,334: INFO/ForkPoolWorker-4] Task apps.gallery.tasks.populate_unsplash_images[a395d0e8-28f5-4641-b858-fbeaea2959cd] succeeded in 119.00487807399986s: None
[2025-07-04 20:20:33,335: INFO/ForkPoolWorker-4] Fetching unsplash images to process
[2025-07-04 20:20:33,335: INFO/ForkPoolWorker-4] Starting Unsplash to gcs uploader job at 2025-07-04T20:20:33.335287
[2025-07-04 20:20:33,335: INFO/ForkPoolWorker-4] Using 6 search queries: nature, people, food, travel, architecture, animals
[2025-07-04 20:20:34,638: INFO/MainProcess] Task apps.gallery.tasks.populate_unsplash_images[65858fb0-3d32-40ba-8d2d-f1bd5ce70a78] received
[2025-07-04 20:20:41,538: INFO/ForkPoolWorker-2] Task apps.gallery.tasks.populate_unsplash_images[5ac49fc6-4e55-407c-a97e-4f37a7a4a39a] succeeded in 118.40358423100042s: None
[2025-07-04 20:20:41,737: INFO/ForkPoolWorker-2] Fetching unsplash images to process
[2025-07-04 20:20:41,737: INFO/ForkPoolWorker-2] Starting Unsplash to gcs uploader job at 2025-07-04T20:20:41.737198
[2025-07-04 20:20:41,737: INFO/ForkPoolWorker-2] Using 6 search queries: nature, people, food, travel, architecture, animals
[2025-07-04 20:20:42,537: INFO/MainProcess] Task apps.gallery.tasks.process_audio[a00ef971-ccf7-411c-b812-a2587a869a50] received
[2025-07-04 20:21:50,136: INFO/ForkPoolWorker-3] Task apps.gallery.tasks.populate_unsplash_images[9c785228-51ab-4431-904e-67fe8856d899] succeeded in 115.30497223999919s: None
[2025-07-04 20:21:50,334: INFO/ForkPoolWorker-3] Fetching unsplash images to process
[2025-07-04 20:21:50,334: INFO/ForkPoolWorker-3] Starting Unsplash to gcs uploader job at 2025-07-04T20:21:50.334663
[2025-07-04 20:21:50,334: INFO/ForkPoolWorker-3] Using 6 search queries: nature, people, food, travel, architecture, animals
[2025-07-04 20:21:51,736: INFO/MainProcess] Task apps.gallery.tasks.populate_unsplash_images[b3f28e00-bc76-4c0c-be02-8b9c0f9a82fd] received
[2025-07-04 20:22:30,130: INFO/ForkPoolWorker-4] Task apps.gallery.tasks.populate_unsplash_images[ce6c5ef3-786e-4553-9d09-56097d491b36] succeeded in 116.79975870099952s: None
[2025-07-04 20:22:30,131: INFO/ForkPoolWorker-4] Fetching audios to process
[2025-07-04 20:22:31,937: INFO/MainProcess] Task apps.gallery.tasks.populate_unsplash_images[acd51908-c65e-49ec-8942-106176ab8b62] received
[2025-07-04 20:22:32,542: INFO/ForkPoolWorker-4] No audio files to process
[2025-07-04 20:22:33,129: INFO/ForkPoolWorker-4] Task apps.gallery.tasks.process_audio[6f12095e-a7ea-41f9-9556-47d7119f2143] succeeded in 2.998208142002113s: None
[2025-07-04 20:22:33,130: INFO/ForkPoolWorker-4] Fetching audios to process
[2025-07-04 20:22:34,142: INFO/MainProcess] Task apps.gallery.tasks.process_audio[f9354098-394e-47d4-a070-a1b4dee1f246] received
[2025-07-04 20:22:34,935: INFO/ForkPoolWorker-4] No audio files to process
[2025-07-04 20:22:35,535: INFO/ForkPoolWorker-4] Task apps.gallery.tasks.process_audio[6b4394f7-bf43-4424-9e38-c51ae0af78f5] succeeded in 2.4053587059970596s: None
[2025-07-04 20:22:35,536: INFO/ForkPoolWorker-4] Fetching audios to process
[2025-07-04 20:22:36,735: INFO/MainProcess] Task apps.gallery.tasks.process_audio[0593da4b-a442-4164-912d-abc6dc241a2f] received
[2025-07-04 20:22:37,933: INFO/ForkPoolWorker-4] No audio files to process
[2025-07-04 20:22:38,329: INFO/ForkPoolWorker-4] Task apps.gallery.tasks.process_audio[01e84d68-de89-4cb8-8628-2c09d493b438] succeeded in 2.7937367060003453s: None
[2025-07-04 20:22:38,330: INFO/ForkPoolWorker-4] Fetching unsplash images to process
[2025-07-04 20:22:38,330: INFO/ForkPoolWorker-4] Starting Unsplash to gcs uploader job at 2025-07-04T20:22:38.330781
[2025-07-04 20:22:38,330: INFO/ForkPoolWorker-4] Using 6 search queries: nature, people, food, travel, architecture, animals
[2025-07-04 20:22:39,335: INFO/MainProcess] Task apps.gallery.tasks.process_audio[ec905bc9-5ce9-4b1b-978c-805b7f352412] received
[2025-07-04 20:22:39,936: INFO/ForkPoolWorker-2] Task apps.gallery.tasks.populate_unsplash_images[9311eb0d-8160-480a-8cc6-2d922b9f4bf1] succeeded in 118.20425830100066s: None
[2025-07-04 20:22:40,135: INFO/ForkPoolWorker-2] Fetching unsplash images to process
[2025-07-04 20:22:40,135: INFO/ForkPoolWorker-2] Starting Unsplash to gcs uploader job at 2025-07-04T20:22:40.135908
[2025-07-04 20:22:40,135: INFO/ForkPoolWorker-2] Using 6 search queries: nature, people, food, travel, architecture, animals
[2025-07-04 20:22:40,936: INFO/MainProcess] Task apps.gallery.tasks.populate_unsplash_images[b30e443d-7cd5-4bf7-ad5a-bec2fa48c1b7] received
[2025-07-04 20:23:50,332: INFO/ForkPoolWorker-3] Task apps.gallery.tasks.populate_unsplash_images[02e27767-ae56-4772-a4e3-5d004d762107] succeeded in 120.00310697000168s: None
[2025-07-04 20:23:50,538: INFO/ForkPoolWorker-3] Fetching unsplash images to process
[2025-07-04 20:23:50,538: INFO/ForkPoolWorker-3] Starting Unsplash to gcs uploader job at 2025-07-04T20:23:50.538543
[2025-07-04 20:23:50,538: INFO/ForkPoolWorker-3] Using 6 search queries: nature, people, food, travel, architecture, animals
[2025-07-04 20:23:52,133: ERROR/MainProcess] Received unregistered task of type 'apps.gallery.tasks.generate_metadata'.
The message has been ignored and discarded.

Did you remember to import the module containing this task?
Or maybe you're using relative imports?

Please see
https://docs.celeryq.dev/en/latest/internals/protocol.html
for more information.

The full contents of the message body was:
b'[[], {}, {"callbacks": null, "errbacks": null, "chain": null, "chord": null}]' (77b)

The full contents of the message headers:
{'lang': 'py', 'task': 'apps.gallery.tasks.generate_metadata', 'id': '8deb0191-fd31-4f0e-bd04-b02ef897b03a', 'shadow': None, 'eta': None, 'expires': None, 'group': None, 'group_index': None, 'retries': 0, 'timelimit': [None, None], 'root_id': '8deb0191-fd31-4f0e-bd04-b02ef897b03a', 'parent_id': None, 'argsrepr': '()', 'kwargsrepr': '{}', 'origin': 'gen7@63f692d7cb61', 'ignore_result': False, 'stamped_headers': None, 'stamps': {}}

The delivery info for this task is:
{'exchange': '', 'routing_key': 'celery'}
Traceback (most recent call last):
  File "/usr/local/lib/python3.12/site-packages/celery/worker/consumer/consumer.py", line 642, in on_task_received
    strategy = strategies[type_]
               ~~~~~~~~~~^^^^^^^
KeyError: 'apps.gallery.tasks.generate_metadata'
[2025-07-04 20:23:53,433: INFO/MainProcess] Task apps.gallery.tasks.process_audio[f7cebe40-01fb-4be4-9dcd-61d889c56b04] received
[2025-07-04 20:24:37,827: INFO/ForkPoolWorker-4] Task apps.gallery.tasks.populate_unsplash_images[c7c784cf-aac2-4217-9e69-886b65ec6c45] succeeded in 119.50182890500218s: None
[2025-07-04 20:24:37,828: INFO/ForkPoolWorker-4] Fetching audios to process
[2025-07-04 20:24:38,233: INFO/ForkPoolWorker-2] Task apps.gallery.tasks.populate_unsplash_images[28a745ad-bb3d-4e56-b7f3-e747a4a6a0a7] succeeded in 118.10265079400051s: None
[2025-07-04 20:24:39,332: INFO/ForkPoolWorker-4] No audio files to process
[2025-07-04 20:24:39,634: INFO/MainProcess] Task apps.gallery.tasks.process_audio[561fe113-2649-4d6d-8ae6-4a3f3d4aba82] received
[2025-07-04 20:24:39,634: INFO/ForkPoolWorker-2] Fetching audios to process
[2025-07-04 20:24:39,727: INFO/ForkPoolWorker-4] Task apps.gallery.tasks.process_audio[cc131451-8d7f-4b5b-977b-b7731a13400f] succeeded in 1.8986156169994501s: None
[2025-07-04 20:24:39,728: INFO/ForkPoolWorker-4] Fetching unsplash images to process
[2025-07-04 20:24:39,728: INFO/ForkPoolWorker-4] Starting Unsplash to gcs uploader job at 2025-07-04T20:24:39.728200
[2025-07-04 20:24:39,728: INFO/ForkPoolWorker-4] Using 6 search queries: nature, people, food, travel, architecture, animals
[2025-07-04 20:24:40,834: INFO/MainProcess] Task apps.gallery.tasks.populate_unsplash_images[d89afe98-0a49-40c3-8abe-64f873ed41c5] received
[2025-07-04 20:24:41,036: INFO/ForkPoolWorker-2] No audio files to process
[2025-07-04 20:24:41,534: INFO/ForkPoolWorker-2] Task apps.gallery.tasks.process_audio[73c55b3c-ab75-4a15-bccb-01686755458a] succeeded in 1.899801743998978s: None
[2025-07-04 20:24:41,738: INFO/MainProcess] Task apps.gallery.tasks.process_audio[a567fc6b-d945-41f9-b347-82e27c835e48] received
[2025-07-04 20:24:42,133: INFO/ForkPoolWorker-2] Fetching audios to process
[2025-07-04 20:24:43,133: INFO/MainProcess] Task apps.gallery.tasks.populate_unsplash_images[ca7f5dac-e97d-48d9-9a59-51bfa0878564] received
[2025-07-04 20:24:44,227: INFO/ForkPoolWorker-2] No audio files to process
[2025-07-04 20:24:44,633: INFO/ForkPoolWorker-2] Task apps.gallery.tasks.process_audio[9e89ca56-f9bb-4200-94c4-591f4460ce00] succeeded in 2.5000912909999897s: None
[2025-07-04 20:24:44,832: INFO/ForkPoolWorker-2] Fetching unsplash images to process
[2025-07-04 20:24:44,832: INFO/ForkPoolWorker-2] Starting Unsplash to gcs uploader job at 2025-07-04T20:24:44.832125
[2025-07-04 20:24:44,832: INFO/ForkPoolWorker-2] Using 6 search queries: nature, people, food, travel, architecture, animals
[2025-07-04 20:24:45,931: INFO/MainProcess] Task apps.gallery.tasks.populate_unsplash_images[d99f7a71-b2f2-4adf-affa-54a317c01ef6] received
[2025-07-04 20:25:50,231: INFO/ForkPoolWorker-3] Task apps.gallery.tasks.populate_unsplash_images[f14d8ff1-1587-4421-ba27-0aa29f691ce3] succeeded in 119.69809784600147s: None
[2025-07-04 20:25:50,434: INFO/ForkPoolWorker-3] Fetching audios to process
[2025-07-04 20:25:51,730: INFO/MainProcess] Task apps.gallery.tasks.process_audio[81d13293-a98f-4724-971a-43b4308c98cd] received
[2025-07-04 20:25:52,034: INFO/ForkPoolWorker-3] No audio files to process
[2025-07-04 20:25:52,432: INFO/ForkPoolWorker-3] Task apps.gallery.tasks.process_audio[2eb64c7c-b2ea-4c2d-ab64-a99e37c40c6b] succeeded in 1.9980547679988376s: None
[2025-07-04 20:25:52,633: INFO/ForkPoolWorker-3] Fetching unsplash images to process
[2025-07-04 20:25:52,633: INFO/ForkPoolWorker-3] Starting Unsplash to gcs uploader job at 2025-07-04T20:25:52.633357
[2025-07-04 20:25:52,633: INFO/ForkPoolWorker-3] Using 6 search queries: nature, people, food, travel, architecture, animals
[2025-07-04 20:25:53,639: INFO/MainProcess] Task apps.gallery.tasks.populate_unsplash_images[504c063d-424e-4728-a0be-d9e0840f344e] received
[2025-07-04 20:26:38,226: INFO/ForkPoolWorker-4] Task apps.gallery.tasks.populate_unsplash_images[9f6764dd-54de-4ad9-b1f9-2250b6d4edb6] succeeded in 118.5031057749984s: None
[2025-07-04 20:26:38,227: INFO/ForkPoolWorker-4] Fetching unsplash images to process
[2025-07-04 20:26:38,227: INFO/ForkPoolWorker-4] Starting Unsplash to gcs uploader job at 2025-07-04T20:26:38.227168
[2025-07-04 20:26:38,227: INFO/ForkPoolWorker-4] Using 6 search queries: nature, people, food, travel, architecture, animals
[2025-07-04 20:26:39,830: INFO/MainProcess] Task apps.gallery.tasks.populate_unsplash_images[4cbbc922-8921-41ae-9a50-f055dc6db69d] received
[2025-07-04 20:26:42,730: INFO/ForkPoolWorker-2] Task apps.gallery.tasks.populate_unsplash_images[ffd9184a-0e8f-499a-9987-787c970fe1f9] succeeded in 117.90230607699777s: None
[2025-07-04 20:26:43,033: INFO/ForkPoolWorker-2] Fetching unsplash images to process
[2025-07-04 20:26:43,033: INFO/ForkPoolWorker-2] Starting Unsplash to gcs uploader job at 2025-07-04T20:26:43.033845
[2025-07-04 20:26:43,034: INFO/ForkPoolWorker-2] Using 6 search queries: nature, people, food, travel, architecture, animals
[2025-07-04 20:26:44,030: INFO/MainProcess] Task apps.gallery.tasks.process_audio[5436a4de-c886-464f-8265-2c937ab4e418] received
[2025-07-04 20:27:53,027: INFO/ForkPoolWorker-3] Task apps.gallery.tasks.populate_unsplash_images[65858fb0-3d32-40ba-8d2d-f1bd5ce70a78] succeeded in 120.3989717000004s: None
[2025-07-04 20:27:53,227: INFO/ForkPoolWorker-3] Fetching unsplash images to process
[2025-07-04 20:27:53,227: INFO/ForkPoolWorker-3] Starting Unsplash to gcs uploader job at 2025-07-04T20:27:53.227194
[2025-07-04 20:27:53,227: INFO/ForkPoolWorker-3] Using 6 search queries: nature, people, food, travel, architecture, animals
[2025-07-04 20:27:54,628: INFO/MainProcess] Task apps.gallery.tasks.process_audio[7b71af3b-9fa8-4051-a75a-b9aef5f02c1b] received
[2025-07-04 20:28:36,024: INFO/ForkPoolWorker-4] Task apps.gallery.tasks.populate_unsplash_images[f0b3265e-183c-474f-90dc-bd0c99d9ec5e] succeeded in 117.80167987899767s: None
[2025-07-04 20:28:36,025: INFO/ForkPoolWorker-4] Fetching audios to process
[2025-07-04 20:28:38,123: INFO/ForkPoolWorker-4] No audio files to process
[2025-07-04 20:28:38,428: INFO/MainProcess] Task apps.gallery.tasks.populate_unsplash_images[0f4e839c-9631-4cae-9242-897538d22ef7] received
[2025-07-04 20:28:38,524: INFO/ForkPoolWorker-4] Task apps.gallery.tasks.process_audio[a00ef971-ccf7-411c-b812-a2587a869a50] succeeded in 2.4988427220014273s: None
[2025-07-04 20:28:38,525: INFO/ForkPoolWorker-4] Fetching audios to process
[2025-07-04 20:28:39,931: INFO/MainProcess] Task apps.gallery.tasks.process_audio[826dc971-5038-4f66-ae04-d210909bc6b7] received
[2025-07-04 20:28:40,433: INFO/ForkPoolWorker-4] No audio files to process
[2025-07-04 20:28:40,528: INFO/ForkPoolWorker-2] Task apps.gallery.tasks.populate_unsplash_images[b3f28e00-bc76-4c0c-be02-8b9c0f9a82fd] succeeded in 117.49927039899922s: None
[2025-07-04 20:28:40,727: INFO/ForkPoolWorker-2] Fetching audios to process
[2025-07-04 20:28:40,823: INFO/ForkPoolWorker-4] Task apps.gallery.tasks.process_audio[f9354098-394e-47d4-a070-a1b4dee1f246] succeeded in 2.298558950998995s: None
[2025-07-04 20:28:40,824: INFO/ForkPoolWorker-4] Fetching audios to process
[2025-07-04 20:28:41,729: INFO/MainProcess] Task apps.gallery.tasks.populate_unsplash_images[2640db9b-a8d5-4e84-a7cf-d9a2fa817aef] received
[2025-07-04 20:28:42,230: INFO/ForkPoolWorker-2] No audio files to process
[2025-07-04 20:28:42,630: INFO/ForkPoolWorker-2] Task apps.gallery.tasks.process_audio[ec905bc9-5ce9-4b1b-978c-805b7f352412] succeeded in 1.9029868159996113s: None
[2025-07-04 20:28:42,637: INFO/ForkPoolWorker-4] No audio files to process
[2025-07-04 20:28:42,827: INFO/MainProcess] Task apps.gallery.tasks.process_audio[9c90b0f7-3779-45eb-926e-b73a7039e09f] received
[2025-07-04 20:28:43,023: INFO/ForkPoolWorker-4] Task apps.gallery.tasks.process_audio[0593da4b-a442-4164-912d-abc6dc241a2f] succeeded in 2.198561867000535s: None
[2025-07-04 20:28:43,023: INFO/ForkPoolWorker-4] Fetching unsplash images to process
[2025-07-04 20:28:43,023: INFO/ForkPoolWorker-4] Starting Unsplash to gcs uploader job at 2025-07-04T20:28:43.023929
[2025-07-04 20:28:43,024: INFO/ForkPoolWorker-4] Using 6 search queries: nature, people, food, travel, architecture, animals
[2025-07-04 20:28:43,227: INFO/ForkPoolWorker-2] Fetching audios to process
[2025-07-04 20:28:44,428: INFO/MainProcess] Task apps.gallery.tasks.process_audio[b2e00b47-f4ad-4cb2-ba49-3498fdcbb345] received
[2025-07-04 20:28:45,327: INFO/MainProcess] Task apps.gallery.tasks.process_audio[dfd95284-53be-4534-8cb8-976e7d73cec4] received
[2025-07-04 20:28:46,030: INFO/ForkPoolWorker-2] No audio files to process
[2025-07-04 20:28:46,527: INFO/ForkPoolWorker-2] Task apps.gallery.tasks.process_audio[561fe113-2649-4d6d-8ae6-4a3f3d4aba82] succeeded in 3.3023036640006467s: None
[2025-07-04 20:28:46,727: INFO/ForkPoolWorker-2] Fetching unsplash images to process
[2025-07-04 20:28:46,727: INFO/ForkPoolWorker-2] Starting Unsplash to gcs uploader job at 2025-07-04T20:28:46.727140
[2025-07-04 20:28:46,727: INFO/ForkPoolWorker-2] Using 6 search queries: nature, people, food, travel, architecture, animals
[2025-07-04 20:28:48,131: INFO/MainProcess] Task apps.gallery.tasks.populate_unsplash_images[c1781b22-6e6a-40d0-bb23-6df099b126e4] received
[2025-07-04 20:29:52,924: INFO/ForkPoolWorker-3] Task apps.gallery.tasks.populate_unsplash_images[acd51908-c65e-49ec-8942-106176ab8b62] succeeded in 119.70243286200275s: None
[2025-07-04 20:29:53,225: INFO/ForkPoolWorker-3] Fetching audios to process
[2025-07-04 20:29:54,827: INFO/ForkPoolWorker-3] No audio files to process
[2025-07-04 20:29:55,028: INFO/MainProcess] Task apps.gallery.tasks.process_audio[0fbfca5d-0a2c-49c2-94f6-a358ebf49418] received
[2025-07-04 20:29:55,426: INFO/ForkPoolWorker-3] Task apps.gallery.tasks.process_audio[a567fc6b-d945-41f9-b347-82e27c835e48] succeeded in 2.2010764309998194s: None
[2025-07-04 20:29:55,627: INFO/ForkPoolWorker-3] Fetching unsplash images to process
[2025-07-04 20:29:55,627: INFO/ForkPoolWorker-3] Starting Unsplash to gcs uploader job at 2025-07-04T20:29:55.627387
[2025-07-04 20:29:55,627: INFO/ForkPoolWorker-3] Using 6 search queries: nature, people, food, travel, architecture, animals
[2025-07-04 20:29:56,526: INFO/MainProcess] Task apps.gallery.tasks.populate_unsplash_images[f32c58b4-25e8-4776-9832-28f73994336e] received
[2025-07-04 20:30:43,919: INFO/ForkPoolWorker-4] Task apps.gallery.tasks.populate_unsplash_images[b30e443d-7cd5-4bf7-ad5a-bec2fa48c1b7] succeeded in 120.90095451800153s: None
[2025-07-04 20:30:43,920: INFO/ForkPoolWorker-4] Fetching audios to process
[2025-07-04 20:30:45,425: INFO/MainProcess] Task apps.gallery.tasks.populate_unsplash_images[bc3bca50-2bb3-4f19-9386-4931c15cead3] received
[2025-07-04 20:30:45,825: INFO/ForkPoolWorker-4] No audio files to process
[2025-07-04 20:30:46,219: INFO/ForkPoolWorker-4] Task apps.gallery.tasks.process_audio[f7cebe40-01fb-4be4-9dcd-61d889c56b04] succeeded in 2.300105901002098s: None
[2025-07-04 20:30:46,220: INFO/ForkPoolWorker-4] Fetching unsplash images to process
[2025-07-04 20:30:46,220: INFO/ForkPoolWorker-4] Starting Unsplash to gcs uploader job at 2025-07-04T20:30:46.220688
[2025-07-04 20:30:46,220: INFO/ForkPoolWorker-4] Using 6 search queries: nature, people, food, travel, architecture, animals
[2025-07-04 20:30:47,224: INFO/MainProcess] Task apps.gallery.tasks.process_audio[6aec8541-8563-4f1c-8fe4-af5fb6ad8f6b] received
[2025-07-04 20:30:47,624: INFO/ForkPoolWorker-2] Task apps.gallery.tasks.populate_unsplash_images[d89afe98-0a49-40c3-8abe-64f873ed41c5] succeeded in 120.90207456699864s: None
[2025-07-04 20:30:47,823: INFO/ForkPoolWorker-2] Fetching unsplash images to process
[2025-07-04 20:30:47,824: INFO/ForkPoolWorker-2] Starting Unsplash to gcs uploader job at 2025-07-04T20:30:47.824031
[2025-07-04 20:30:47,824: INFO/ForkPoolWorker-2] Using 6 search queries: nature, people, food, travel, architecture, animals
[2025-07-04 20:30:48,826: INFO/MainProcess] Task apps.gallery.tasks.populate_unsplash_images[2fdedc4c-eadb-4bde-a79d-7a20275d5f43] received
[2025-07-04 20:31:52,423: INFO/ForkPoolWorker-3] Task apps.gallery.tasks.populate_unsplash_images[ca7f5dac-e97d-48d9-9a59-51bfa0878564] succeeded in 116.80124526900181s: None
[2025-07-04 20:31:52,626: INFO/ForkPoolWorker-3] Fetching unsplash images to process
[2025-07-04 20:31:52,626: INFO/ForkPoolWorker-3] Starting Unsplash to gcs uploader job at 2025-07-04T20:31:52.626845
[2025-07-04 20:31:52,626: INFO/ForkPoolWorker-3] Using 6 search queries: nature, people, food, travel, architecture, animals
[2025-07-04 20:31:54,524: INFO/MainProcess] Task apps.gallery.tasks.populate_unsplash_images[71f9805a-0af6-4c36-a88e-b7e9d943d61f] received
[2025-07-04 20:32:42,517: INFO/ForkPoolWorker-4] Task apps.gallery.tasks.populate_unsplash_images[d99f7a71-b2f2-4adf-affa-54a317c01ef6] succeeded in 116.30047634199946s: None
[2025-07-04 20:32:42,518: INFO/ForkPoolWorker-4] Fetching audios to process
[2025-07-04 20:32:43,824: INFO/ForkPoolWorker-2] Task apps.gallery.tasks.populate_unsplash_images[504c063d-424e-4728-a0be-d9e0840f344e] succeeded in 116.00466321199929s: None
[2025-07-04 20:32:44,816: INFO/ForkPoolWorker-4] No audio files to process
[2025-07-04 20:32:44,823: INFO/MainProcess] Task apps.gallery.tasks.populate_unsplash_images[4c42fe2a-f1fd-4329-b2f6-20a5ec6303e5] received
[2025-07-04 20:32:44,824: INFO/ForkPoolWorker-2] Fetching audios to process
[2025-07-04 20:32:45,421: INFO/ForkPoolWorker-4] Task apps.gallery.tasks.process_audio[81d13293-a98f-4724-971a-43b4308c98cd] succeeded in 2.9042405990003317s: None
[2025-07-04 20:32:45,422: INFO/ForkPoolWorker-4] Fetching audios to process
[2025-07-04 20:32:46,723: INFO/MainProcess] Task apps.gallery.tasks.populate_unsplash_images[460c6246-f4ae-4c66-b2c1-29f0e69b3fdd] received
[2025-07-04 20:32:46,726: INFO/ForkPoolWorker-2] No audio files to process
[2025-07-04 20:32:47,124: INFO/ForkPoolWorker-4] No audio files to process
[2025-07-04 20:32:47,222: INFO/ForkPoolWorker-2] Task apps.gallery.tasks.process_audio[7b71af3b-9fa8-4051-a75a-b9aef5f02c1b] succeeded in 2.398554128001706s: None
[2025-07-04 20:32:47,423: INFO/MainProcess] Task apps.gallery.tasks.process_audio[6885a173-823a-4508-a1f0-d75e53f33faa] received
[2025-07-04 20:32:47,820: INFO/ForkPoolWorker-4] Task apps.gallery.tasks.process_audio[5436a4de-c886-464f-8265-2c937ab4e418] succeeded in 2.3984418410000217s: None
[2025-07-04 20:32:47,821: INFO/ForkPoolWorker-4] Fetching unsplash images to process
[2025-07-04 20:32:47,821: INFO/ForkPoolWorker-4] Starting Unsplash to gcs uploader job at 2025-07-04T20:32:47.821161
[2025-07-04 20:32:47,821: INFO/ForkPoolWorker-4] Using 6 search queries: nature, people, food, travel, architecture, animals
[2025-07-04 20:32:48,223: INFO/ForkPoolWorker-2] Fetching unsplash images to process
[2025-07-04 20:32:48,223: INFO/ForkPoolWorker-2] Starting Unsplash to gcs uploader job at 2025-07-04T20:32:48.223247
[2025-07-04 20:32:48,223: INFO/ForkPoolWorker-2] Using 6 search queries: nature, people, food, travel, architecture, animals
[2025-07-04 20:32:49,222: ERROR/MainProcess] Received unregistered task of type 'apps.gallery.tasks.generate_metadata'.
The message has been ignored and discarded.

Did you remember to import the module containing this task?
Or maybe you're using relative imports?

Please see
https://docs.celeryq.dev/en/latest/internals/protocol.html
for more information.

The full contents of the message body was:
b'[[], {}, {"callbacks": null, "errbacks": null, "chain": null, "chord": null}]' (77b)

The full contents of the message headers:
{'lang': 'py', 'task': 'apps.gallery.tasks.generate_metadata', 'id': 'ff2f4a8d-e03a-458d-854e-9a83d1b8d87b', 'shadow': None, 'eta': None, 'expires': None, 'group': None, 'group_index': None, 'retries': 0, 'timelimit': [None, None], 'root_id': 'ff2f4a8d-e03a-458d-854e-9a83d1b8d87b', 'parent_id': None, 'argsrepr': '()', 'kwargsrepr': '{}', 'origin': 'gen7@63f692d7cb61', 'ignore_result': False, 'stamped_headers': None, 'stamps': {}}

The delivery info for this task is:
{'exchange': '', 'routing_key': 'celery'}
Traceback (most recent call last):
  File "/usr/local/lib/python3.12/site-packages/celery/worker/consumer/consumer.py", line 642, in on_task_received
    strategy = strategies[type_]
               ~~~~~~~~~~^^^^^^^
KeyError: 'apps.gallery.tasks.generate_metadata'
[2025-07-04 20:32:50,722: INFO/MainProcess] Task apps.gallery.tasks.populate_unsplash_images[61b257d7-5449-4643-8c0e-0aaed414a080] received
[2025-07-04 20:32:51,422: INFO/MainProcess] Task apps.gallery.tasks.process_audio[6c14f0dc-ddce-4220-bf94-c7c8162ac90d] received
[2025-07-04 20:33:53,721: INFO/ForkPoolWorker-3] Task apps.gallery.tasks.populate_unsplash_images[4cbbc922-8921-41ae-9a50-f055dc6db69d] succeeded in 121.10031172099843s: None
[2025-07-04 20:33:53,919: INFO/ForkPoolWorker-3] Fetching audios to process
[2025-07-04 20:33:55,422: INFO/MainProcess] Task apps.gallery.tasks.populate_unsplash_images[4c3e6296-cefc-4362-aa6a-abf4c1b7dd85] received
[2025-07-04 20:33:55,922: INFO/ForkPoolWorker-3] No audio files to process
[2025-07-04 20:33:56,421: INFO/ForkPoolWorker-3] Task apps.gallery.tasks.process_audio[9c90b0f7-3779-45eb-926e-b73a7039e09f] succeeded in 2.5018192930001533s: None
[2025-07-04 20:33:56,620: INFO/ForkPoolWorker-3] Fetching audios to process
[2025-07-04 20:33:57,421: INFO/MainProcess] Task apps.gallery.tasks.populate_unsplash_images[885d079d-0ead-483e-9670-4e5b6ce646dd] received
[2025-07-04 20:33:58,418: INFO/ForkPoolWorker-3] No audio files to process
[2025-07-04 20:33:58,819: INFO/ForkPoolWorker-3] Task apps.gallery.tasks.process_audio[b2e00b47-f4ad-4cb2-ba49-3498fdcbb345] succeeded in 2.1994890370006033s: None
[2025-07-04 20:33:59,019: INFO/ForkPoolWorker-3] Fetching audios to process
[2025-07-04 20:34:00,220: INFO/MainProcess] Task apps.gallery.tasks.populate_unsplash_images[a4815057-3c83-4bf5-adc9-be5c84fff4ba] received
[2025-07-04 20:34:00,517: INFO/ForkPoolWorker-3] No audio files to process
[2025-07-04 20:34:00,920: INFO/ForkPoolWorker-3] Task apps.gallery.tasks.process_audio[dfd95284-53be-4534-8cb8-976e7d73cec4] succeeded in 1.901461418998224s: None
[2025-07-04 20:34:01,120: INFO/ForkPoolWorker-3] Fetching unsplash images to process
[2025-07-04 20:34:01,120: INFO/ForkPoolWorker-3] Starting Unsplash to gcs uploader job at 2025-07-04T20:34:01.120506
[2025-07-04 20:34:01,120: INFO/ForkPoolWorker-3] Using 6 search queries: nature, people, food, travel, architecture, animals
[2025-07-04 20:34:02,520: INFO/MainProcess] Task apps.gallery.tasks.process_audio[5707184b-c128-411d-b846-4ced82bf1365] received
[2025-07-04 20:34:47,514: INFO/ForkPoolWorker-4] Task apps.gallery.tasks.populate_unsplash_images[0f4e839c-9631-4cae-9242-897538d22ef7] succeeded in 119.69849157900171s: None
[2025-07-04 20:34:47,515: INFO/ForkPoolWorker-4] Fetching audios to process
[2025-07-04 20:34:47,519: INFO/ForkPoolWorker-2] Task apps.gallery.tasks.populate_unsplash_images[2640db9b-a8d5-4e84-a7cf-d9a2fa817aef] succeeded in 119.30187148799814s: None
[2025-07-04 20:34:47,920: INFO/ForkPoolWorker-2] Fetching unsplash images to process
[2025-07-04 20:34:47,920: INFO/ForkPoolWorker-2] Starting Unsplash to gcs uploader job at 2025-07-04T20:34:47.920233
[2025-07-04 20:34:47,920: INFO/ForkPoolWorker-2] Using 6 search queries: nature, people, food, travel, architecture, animals
[2025-07-04 20:34:49,113: INFO/ForkPoolWorker-4] No audio files to process
[2025-07-04 20:34:49,814: INFO/ForkPoolWorker-4] Task apps.gallery.tasks.process_audio[826dc971-5038-4f66-ae04-d210909bc6b7] succeeded in 2.29943385200022s: None
[2025-07-04 20:34:49,815: INFO/ForkPoolWorker-4] Fetching audios to process
[2025-07-04 20:34:50,121: INFO/MainProcess] Task apps.gallery.tasks.process_audio[ff140360-15dc-40c1-a47b-9e7b06b24e62] received
[2025-07-04 20:34:50,820: ERROR/MainProcess] Received unregistered task of type 'apps.gallery.tasks.generate_metadata'.
The message has been ignored and discarded.

Did you remember to import the module containing this task?
Or maybe you're using relative imports?

Please see
https://docs.celeryq.dev/en/latest/internals/protocol.html
for more information.

The full contents of the message body was:
b'[[], {}, {"callbacks": null, "errbacks": null, "chain": null, "chord": null}]' (77b)

The full contents of the message headers:
{'lang': 'py', 'task': 'apps.gallery.tasks.generate_metadata', 'id': 'a1484162-7e76-4a23-9559-294bbcd525da', 'shadow': None, 'eta': None, 'expires': None, 'group': None, 'group_index': None, 'retries': 0, 'timelimit': [None, None], 'root_id': 'a1484162-7e76-4a23-9559-294bbcd525da', 'parent_id': None, 'argsrepr': '()', 'kwargsrepr': '{}', 'origin': 'gen7@63f692d7cb61', 'ignore_result': False, 'stamped_headers': None, 'stamps': {}}

The delivery info for this task is:
{'exchange': '', 'routing_key': 'celery'}
Traceback (most recent call last):
  File "/usr/local/lib/python3.12/site-packages/celery/worker/consumer/consumer.py", line 642, in on_task_received
    strategy = strategies[type_]
               ~~~~~~~~~~^^^^^^^
KeyError: 'apps.gallery.tasks.generate_metadata'
[2025-07-04 20:34:51,623: INFO/ForkPoolWorker-4] No audio files to process
[2025-07-04 20:34:52,215: INFO/ForkPoolWorker-4] Task apps.gallery.tasks.process_audio[0fbfca5d-0a2c-49c2-94f6-a358ebf49418] succeeded in 2.4003386959993804s: None
[2025-07-04 20:34:52,216: INFO/ForkPoolWorker-4] Fetching unsplash images to process
[2025-07-04 20:34:52,216: INFO/ForkPoolWorker-4] Starting Unsplash to gcs uploader job at 2025-07-04T20:34:52.216924
[2025-07-04 20:34:52,217: INFO/ForkPoolWorker-4] Using 6 search queries: nature, people, food, travel, architecture, animals
[2025-07-04 20:34:52,919: INFO/MainProcess] Task apps.gallery.tasks.populate_unsplash_images[af2280e0-3aab-4856-b1ed-a6eb1854fca7] received
[2025-07-04 20:34:53,721: INFO/MainProcess] Task apps.gallery.tasks.process_audio[88e195c1-f5c6-4f23-b701-b46b47f70b5b] received
[2025-07-04 20:34:54,622: INFO/MainProcess] Task apps.gallery.tasks.process_audio[83a315d0-dd7d-4ce0-aeb6-5cd39f66ab9c] received
[2025-07-04 20:36:04,820: INFO/ForkPoolWorker-3] Task apps.gallery.tasks.populate_unsplash_images[c1781b22-6e6a-40d0-bb23-6df099b126e4] succeeded in 123.70385946299939s: None
[2025-07-04 20:36:05,018: INFO/ForkPoolWorker-3] Fetching unsplash images to process
[2025-07-04 20:36:05,018: INFO/ForkPoolWorker-3] Starting Unsplash to gcs uploader job at 2025-07-04T20:36:05.018914
[2025-07-04 20:36:05,018: INFO/ForkPoolWorker-3] Using 6 search queries: nature, people, food, travel, architecture, animals
[2025-07-04 20:36:06,721: INFO/MainProcess] Task apps.gallery.tasks.process_audio[7d30f6d7-83ff-4377-be5c-26a7f6f0ce5f] received
[2025-07-04 20:36:48,720: INFO/ForkPoolWorker-2] Task apps.gallery.tasks.populate_unsplash_images[f32c58b4-25e8-4776-9832-28f73994336e] succeeded in 120.80472519699833s: None
[2025-07-04 20:36:49,019: INFO/ForkPoolWorker-2] Fetching unsplash images to process
[2025-07-04 20:36:49,019: INFO/ForkPoolWorker-2] Starting Unsplash to gcs uploader job at 2025-07-04T20:36:49.019405
[2025-07-04 20:36:49,019: INFO/ForkPoolWorker-2] Using 6 search queries: nature, people, food, travel, architecture, animals
[2025-07-04 20:36:50,718: INFO/MainProcess] Task apps.gallery.tasks.populate_unsplash_images[f406a4a3-7dc7-4543-8461-edf47ffb3a95] received
[2025-07-04 20:36:56,413: INFO/ForkPoolWorker-4] Task apps.gallery.tasks.populate_unsplash_images[bc3bca50-2bb3-4f19-9386-4931c15cead3] succeeded in 124.20098362000135s: None
[2025-07-04 20:36:56,414: INFO/ForkPoolWorker-4] Fetching audios to process
[2025-07-04 20:36:57,918: INFO/MainProcess] Task apps.gallery.tasks.populate_unsplash_images[c07f67e0-8f14-426f-b116-d106e87e6570] received
[2025-07-04 20:36:58,411: INFO/ForkPoolWorker-4] No audio files to process
[2025-07-04 20:36:58,812: INFO/ForkPoolWorker-4] Task apps.gallery.tasks.process_audio[6aec8541-8563-4f1c-8fe4-af5fb6ad8f6b] succeeded in 2.398706541000138s: None
[2025-07-04 20:36:58,813: INFO/ForkPoolWorker-4] Fetching unsplash images to process
[2025-07-04 20:36:58,813: INFO/ForkPoolWorker-4] Starting Unsplash to gcs uploader job at 2025-07-04T20:36:58.813678
[2025-07-04 20:36:58,813: INFO/ForkPoolWorker-4] Using 6 search queries: nature, people, food, travel, architecture, animals
[2025-07-04 20:37:00,021: INFO/MainProcess] Task apps.gallery.tasks.process_audio[d3f1b8d6-6fd7-4444-8e82-917dc4e6bf09] received
[2025-07-04 20:37:59,926: INFO/MainProcess] missed heartbeat from celery@838e3ebc3f56
[2025-07-04 20:38:06,218: INFO/ForkPoolWorker-3] Task apps.gallery.tasks.populate_unsplash_images[2fdedc4c-eadb-4bde-a79d-7a20275d5f43] succeeded in 121.20451352099917s: None
[2025-07-04 20:38:06,720: INFO/ForkPoolWorker-3] Fetching audios to process
[2025-07-04 20:38:08,119: INFO/MainProcess] Task apps.gallery.tasks.process_audio[b5a90fee-8efe-43c6-ab17-af183c9b2e34] received
[2025-07-04 20:38:08,917: INFO/ForkPoolWorker-3] No audio files to process
[2025-07-04 20:38:09,316: INFO/ForkPoolWorker-3] Task apps.gallery.tasks.process_audio[6885a173-823a-4508-a1f0-d75e53f33faa] succeeded in 2.5961954220001644s: None
[2025-07-04 20:38:09,518: INFO/ForkPoolWorker-3] Fetching unsplash images to process
[2025-07-04 20:38:09,518: INFO/ForkPoolWorker-3] Starting Unsplash to gcs uploader job at 2025-07-04T20:38:09.518471
[2025-07-04 20:38:09,518: INFO/ForkPoolWorker-3] Using 6 search queries: nature, people, food, travel, architecture, animals
[2025-07-04 20:38:10,619: INFO/MainProcess] Task apps.gallery.tasks.populate_unsplash_images[4202241a-1b5b-45ee-a5e7-72ac0d02bca2] received
[2025-07-04 20:38:49,615: INFO/ForkPoolWorker-2] Task apps.gallery.tasks.populate_unsplash_images[71f9805a-0af6-4c36-a88e-b7e9d943d61f] succeeded in 120.60136987499936s: None
[2025-07-04 20:38:49,816: INFO/ForkPoolWorker-2] Fetching audios to process
[2025-07-04 20:38:51,018: INFO/MainProcess] Task apps.gallery.tasks.populate_unsplash_images[66da6543-61b2-466a-9ca1-aa83285c18ea] received
[2025-07-04 20:38:51,307: INFO/ForkPoolWorker-2] No audio files to process
[2025-07-04 20:38:51,717: INFO/ForkPoolWorker-2] Task apps.gallery.tasks.process_audio[6c14f0dc-ddce-4220-bf94-c7c8162ac90d] succeeded in 1.9014822249991994s: None
[2025-07-04 20:38:52,014: INFO/ForkPoolWorker-2] Fetching unsplash images to process
[2025-07-04 20:38:52,014: INFO/ForkPoolWorker-2] Starting Unsplash to gcs uploader job at 2025-07-04T20:38:52.014812
[2025-07-04 20:38:52,014: INFO/ForkPoolWorker-2] Using 6 search queries: nature, people, food, travel, architecture, animals
[2025-07-04 20:38:52,816: INFO/MainProcess] Task apps.gallery.tasks.process_audio[74b87860-7b25-466a-80d9-59014312c8ae] received
[2025-07-04 20:38:56,110: INFO/ForkPoolWorker-4] Task apps.gallery.tasks.populate_unsplash_images[4c42fe2a-f1fd-4329-b2f6-20a5ec6303e5] succeeded in 117.3013972819972s: None
[2025-07-04 20:38:56,110: INFO/ForkPoolWorker-4] Fetching unsplash images to process
[2025-07-04 20:38:56,111: INFO/ForkPoolWorker-4] Starting Unsplash to gcs uploader job at 2025-07-04T20:38:56.111061
[2025-07-04 20:38:56,111: INFO/ForkPoolWorker-4] Using 6 search queries: nature, people, food, travel, architecture, animals
[2025-07-04 20:38:57,317: INFO/MainProcess] Task apps.gallery.tasks.populate_unsplash_images[a12571ce-451d-4407-8e5b-0aa0e77fb0c0] received
[2025-07-04 20:40:10,814: INFO/ForkPoolWorker-3] Task apps.gallery.tasks.populate_unsplash_images[61b257d7-5449-4643-8c0e-0aaed414a080] succeeded in 121.30143459000101s: None
[2025-07-04 20:40:11,114: INFO/ForkPoolWorker-3] Fetching unsplash images to process
[2025-07-04 20:40:11,114: INFO/ForkPoolWorker-3] Starting Unsplash to gcs uploader job at 2025-07-04T20:40:11.114739
[2025-07-04 20:40:11,114: INFO/ForkPoolWorker-3] Using 6 search queries: nature, people, food, travel, architecture, animals
[2025-07-04 20:40:12,616: ERROR/MainProcess] Received unregistered task of type 'apps.gallery.tasks.generate_metadata'.
The message has been ignored and discarded.

Did you remember to import the module containing this task?
Or maybe you're using relative imports?

Please see
https://docs.celeryq.dev/en/latest/internals/protocol.html
for more information.

The full contents of the message body was:
b'[[], {}, {"callbacks": null, "errbacks": null, "chain": null, "chord": null}]' (77b)

The full contents of the message headers:
{'lang': 'py', 'task': 'apps.gallery.tasks.generate_metadata', 'id': 'dda8ae95-aced-4316-812e-f30f3da5ae44', 'shadow': None, 'eta': None, 'expires': None, 'group': None, 'group_index': None, 'retries': 0, 'timelimit': [None, None], 'root_id': 'dda8ae95-aced-4316-812e-f30f3da5ae44', 'parent_id': None, 'argsrepr': '()', 'kwargsrepr': '{}', 'origin': 'gen7@63f692d7cb61', 'ignore_result': False, 'stamped_headers': None, 'stamps': {}}

The delivery info for this task is:
{'exchange': '', 'routing_key': 'celery'}
Traceback (most recent call last):
  File "/usr/local/lib/python3.12/site-packages/celery/worker/consumer/consumer.py", line 642, in on_task_received
    strategy = strategies[type_]
               ~~~~~~~~~~^^^^^^^
KeyError: 'apps.gallery.tasks.generate_metadata'
[2025-07-04 20:40:14,515: INFO/MainProcess] Task apps.gallery.tasks.populate_unsplash_images[bf2bbf9c-9c59-4a00-bea4-af3a65183340] received
[2025-07-04 20:40:55,514: INFO/ForkPoolWorker-2] Task apps.gallery.tasks.populate_unsplash_images[4c3e6296-cefc-4362-aa6a-abf4c1b7dd85] succeeded in 123.50483751900174s: None
[2025-07-04 20:40:55,712: INFO/ForkPoolWorker-2] Fetching audios to process
[2025-07-04 20:40:57,413: INFO/MainProcess] Task apps.gallery.tasks.process_audio[26f58672-8ef9-4e2f-bb7c-f898fbd8c5f5] received
[2025-07-04 20:40:57,705: INFO/ForkPoolWorker-2] No audio files to process
[2025-07-04 20:40:58,118: INFO/ForkPoolWorker-2] Task apps.gallery.tasks.process_audio[5707184b-c128-411d-b846-4ced82bf1365] succeeded in 2.405272565996711s: None
[2025-07-04 20:40:58,313: INFO/ForkPoolWorker-2] Fetching audios to process
[2025-07-04 20:40:59,314: INFO/MainProcess] Task apps.gallery.tasks.populate_unsplash_images[c5f94983-cfe8-453b-89e7-97e57128ca40] received
[2025-07-04 20:41:00,008: INFO/ForkPoolWorker-4] Task apps.gallery.tasks.populate_unsplash_images[460c6246-f4ae-4c66-b2c1-29f0e69b3fdd] succeeded in 123.90253417400163s: None
[2025-07-04 20:41:00,009: INFO/ForkPoolWorker-4] Fetching unsplash images to process
[2025-07-04 20:41:00,009: INFO/ForkPoolWorker-4] Starting Unsplash to gcs uploader job at 2025-07-04T20:41:00.009576
[2025-07-04 20:41:00,009: INFO/ForkPoolWorker-4] Using 6 search queries: nature, people, food, travel, architecture, animals
[2025-07-04 20:41:00,513: INFO/ForkPoolWorker-2] No audio files to process
[2025-07-04 20:41:00,914: INFO/ForkPoolWorker-2] Task apps.gallery.tasks.process_audio[ff140360-15dc-40c1-a47b-9e7b06b24e62] succeeded in 2.60047750800004s: None
[2025-07-04 20:41:01,214: INFO/MainProcess] Task apps.gallery.tasks.process_audio[b87043ec-31cc-4ad0-b1b2-6b7927ea9a84] received
[2025-07-04 20:41:02,012: INFO/ForkPoolWorker-2] Fetching audios to process
[2025-07-04 20:41:02,817: INFO/MainProcess] Task apps.gallery.tasks.populate_unsplash_images[6ff8439c-63eb-4b26-badb-5aec6494c728] received
[2025-07-04 20:41:04,114: INFO/ForkPoolWorker-2] No audio files to process
[2025-07-04 20:41:04,518: INFO/ForkPoolWorker-2] Task apps.gallery.tasks.process_audio[88e195c1-f5c6-4f23-b701-b46b47f70b5b] succeeded in 2.5057351689974894s: None
[2025-07-04 20:41:04,715: INFO/ForkPoolWorker-2] Fetching audios to process
[2025-07-04 20:41:05,614: INFO/MainProcess] Task apps.gallery.tasks.process_audio[43e0bccb-7082-4efb-8929-dc87aab67f64] received
[2025-07-04 20:41:06,413: INFO/ForkPoolWorker-2] No audio files to process
[2025-07-04 20:41:06,813: INFO/ForkPoolWorker-2] Task apps.gallery.tasks.process_audio[83a315d0-dd7d-4ce0-aeb6-5cd39f66ab9c] succeeded in 2.098839416001283s: None
[2025-07-04 20:41:07,015: INFO/ForkPoolWorker-2] Fetching audios to process
[2025-07-04 20:41:08,117: INFO/MainProcess] Task apps.gallery.tasks.process_audio[5e524001-5bb8-496f-8fa2-4a0b691782c3] received
[2025-07-04 20:41:08,907: INFO/ForkPoolWorker-2] No audio files to process
[2025-07-04 20:41:09,315: INFO/ForkPoolWorker-2] Task apps.gallery.tasks.process_audio[7d30f6d7-83ff-4377-be5c-26a7f6f0ce5f] succeeded in 2.300136575999204s: None
[2025-07-04 20:41:09,512: INFO/ForkPoolWorker-2] Fetching unsplash images to process
[2025-07-04 20:41:09,513: INFO/ForkPoolWorker-2] Starting Unsplash to gcs uploader job at 2025-07-04T20:41:09.513103
[2025-07-04 20:41:09,513: INFO/ForkPoolWorker-2] Using 6 search queries: nature, people, food, travel, architecture, animals
[2025-07-04 20:41:10,316: INFO/MainProcess] Task apps.gallery.tasks.populate_unsplash_images[3204accb-6279-48e5-bfbc-adb3f665e656] received
[2025-07-04 20:42:11,712: INFO/ForkPoolWorker-3] Task apps.gallery.tasks.populate_unsplash_images[a4815057-3c83-4bf5-adc9-be5c84fff4ba] succeeded in 120.60297887500201s: None
[2025-07-04 20:42:11,913: INFO/ForkPoolWorker-3] Fetching unsplash images to process
[2025-07-04 20:42:11,913: INFO/ForkPoolWorker-3] Starting Unsplash to gcs uploader job at 2025-07-04T20:42:11.913495
[2025-07-04 20:42:11,913: INFO/ForkPoolWorker-3] Using 6 search queries: nature, people, food, travel, architecture, animals
[2025-07-04 20:42:13,213: INFO/MainProcess] Task apps.gallery.tasks.process_audio[836adaac-5476-48dc-aaa4-298f941569df] received
[2025-07-04 20:42:43,711: INFO/MainProcess] missed heartbeat from celery@838e3ebc3f56
[2025-07-04 20:43:05,007: INFO/ForkPoolWorker-4] Task apps.gallery.tasks.populate_unsplash_images[885d079d-0ead-483e-9670-4e5b6ce646dd] succeeded in 125.00286616700032s: None
[2025-07-04 20:43:05,008: INFO/ForkPoolWorker-4] Fetching unsplash images to process
[2025-07-04 20:43:05,008: INFO/ForkPoolWorker-4] Starting Unsplash to gcs uploader job at 2025-07-04T20:43:05.008594
[2025-07-04 20:43:05,008: INFO/ForkPoolWorker-4] Using 6 search queries: nature, people, food, travel, architecture, animals
[2025-07-04 20:43:07,011: INFO/MainProcess] Task apps.gallery.tasks.process_audio[b0c88d7c-bd1a-4258-9311-b1d1380f7c1d] received
[2025-07-04 20:43:14,319: INFO/ForkPoolWorker-2] Task apps.gallery.tasks.populate_unsplash_images[f406a4a3-7dc7-4543-8461-edf47ffb3a95] succeeded in 124.81098401200143s: None
[2025-07-04 20:43:14,515: INFO/ForkPoolWorker-2] Fetching audios to process
[2025-07-04 20:43:15,511: INFO/MainProcess] Task apps.gallery.tasks.process_audio[bcc965bf-4c5d-40a5-9378-56eaafdfbc34] received
[2025-07-04 20:43:16,011: INFO/ForkPoolWorker-2] No audio files to process
[2025-07-04 20:43:16,611: INFO/ForkPoolWorker-2] Task apps.gallery.tasks.process_audio[b5a90fee-8efe-43c6-ab17-af183c9b2e34] succeeded in 2.097219675000815s: None
[2025-07-04 20:43:16,811: INFO/ForkPoolWorker-2] Fetching unsplash images to process
[2025-07-04 20:43:16,811: INFO/ForkPoolWorker-2] Starting Unsplash to gcs uploader job at 2025-07-04T20:43:16.811516
[2025-07-04 20:43:16,811: INFO/ForkPoolWorker-2] Using 6 search queries: nature, people, food, travel, architecture, animals
[2025-07-04 20:43:17,918: INFO/MainProcess] Task apps.gallery.tasks.populate_unsplash_images[b5649ef5-f059-4c3e-b571-7d9260011871] received
[2025-07-04 20:43:38,814: INFO/MainProcess] missed heartbeat from celery@838e3ebc3f56
[2025-07-04 20:44:14,109: INFO/ForkPoolWorker-3] Task apps.gallery.tasks.populate_unsplash_images[c07f67e0-8f14-426f-b116-d106e87e6570] succeeded in 122.20129835600164s: None
[2025-07-04 20:44:14,413: INFO/ForkPoolWorker-3] Fetching unsplash images to process
[2025-07-04 20:44:14,413: INFO/ForkPoolWorker-3] Starting Unsplash to gcs uploader job at 2025-07-04T20:44:14.413443
[2025-07-04 20:44:14,413: INFO/ForkPoolWorker-3] Using 6 search queries: nature, people, food, travel, architecture, animals
[2025-07-04 20:44:15,810: INFO/MainProcess] Task apps.gallery.tasks.process_audio[8e4d80d4-2606-4581-b4a2-40d983deb126] received
[2025-07-04 20:45:06,903: INFO/ForkPoolWorker-4] Task apps.gallery.tasks.populate_unsplash_images[af2280e0-3aab-4856-b1ed-a6eb1854fca7] succeeded in 121.89976593199754s: None
[2025-07-04 20:45:06,904: INFO/ForkPoolWorker-4] Fetching audios to process
[2025-07-04 20:45:08,710: INFO/MainProcess] Task apps.gallery.tasks.process_audio[cbbd7238-267a-4c55-8da3-9d0ebe3816d0] received
[2025-07-04 20:45:08,905: INFO/ForkPoolWorker-4] No audio files to process
[2025-07-04 20:45:09,307: INFO/ForkPoolWorker-4] Task apps.gallery.tasks.process_audio[d3f1b8d6-6fd7-4444-8e82-917dc4e6bf09] succeeded in 2.403153231000033s: None
[2025-07-04 20:45:09,308: INFO/ForkPoolWorker-4] Fetching audios to process
[2025-07-04 20:45:10,426: INFO/MainProcess] Task apps.gallery.tasks.populate_unsplash_images[60a8fafa-74a6-4e94-8bd1-354a96ce8916] received
[2025-07-04 20:45:11,102: INFO/ForkPoolWorker-4] No audio files to process
[2025-07-04 20:45:11,504: INFO/ForkPoolWorker-4] Task apps.gallery.tasks.process_audio[74b87860-7b25-466a-80d9-59014312c8ae] succeeded in 2.196408204999898s: None
[2025-07-04 20:45:11,505: INFO/ForkPoolWorker-4] Fetching unsplash images to process
[2025-07-04 20:45:11,505: INFO/ForkPoolWorker-4] Starting Unsplash to gcs uploader job at 2025-07-04T20:45:11.505614
[2025-07-04 20:45:11,505: INFO/ForkPoolWorker-4] Using 6 search queries: nature, people, food, travel, architecture, animals
[2025-07-04 20:45:12,609: INFO/MainProcess] Task apps.gallery.tasks.process_audio[008822bc-38c8-48c2-ae18-91de35d7d46f] received
[2025-07-04 20:45:16,714: INFO/ForkPoolWorker-2] Task apps.gallery.tasks.populate_unsplash_images[4202241a-1b5b-45ee-a5e7-72ac0d02bca2] succeeded in 119.90710909100017s: None
[2025-07-04 20:45:17,311: INFO/ForkPoolWorker-2] Fetching audios to process
[2025-07-04 20:45:18,212: INFO/MainProcess] Task apps.gallery.tasks.populate_unsplash_images[7a3b9c54-0460-47f0-ab7b-cc6b54d5cba6] received
[2025-07-04 20:45:20,412: INFO/ForkPoolWorker-2] No audio files to process
[2025-07-04 20:45:21,109: INFO/ForkPoolWorker-2] Task apps.gallery.tasks.process_audio[26f58672-8ef9-4e2f-bb7c-f898fbd8c5f5] succeeded in 3.7981002170017746s: None
[2025-07-04 20:45:21,609: INFO/ForkPoolWorker-2] Fetching unsplash images to process
[2025-07-04 20:45:21,609: INFO/ForkPoolWorker-2] Starting Unsplash to gcs uploader job at 2025-07-04T20:45:21.609144
[2025-07-04 20:45:21,609: INFO/ForkPoolWorker-2] Using 6 search queries: nature, people, food, travel, architecture, animals
[2025-07-04 20:45:22,709: INFO/MainProcess] Task apps.gallery.tasks.process_audio[bcd5deaa-b0ff-4a85-a0c1-f7c970c538d3] received
[2025-07-04 20:46:14,108: INFO/ForkPoolWorker-3] Task apps.gallery.tasks.populate_unsplash_images[66da6543-61b2-466a-9ca1-aa83285c18ea] succeeded in 119.70013814200138s: None
[2025-07-04 20:46:14,308: INFO/ForkPoolWorker-3] Fetching audios to process
[2025-07-04 20:46:15,610: INFO/MainProcess] Task apps.gallery.tasks.process_audio[e49f3b71-30ca-4b08-bca9-c4506e6b859c] received
[2025-07-04 20:46:15,900: INFO/ForkPoolWorker-3] No audio files to process
[2025-07-04 20:46:16,306: INFO/ForkPoolWorker-3] Task apps.gallery.tasks.process_audio[b87043ec-31cc-4ad0-b1b2-6b7927ea9a84] succeeded in 1.999472726998647s: None
[2025-07-04 20:46:16,507: INFO/ForkPoolWorker-3] Fetching unsplash images to process
[2025-07-04 20:46:16,507: INFO/ForkPoolWorker-3] Starting Unsplash to gcs uploader job at 2025-07-04T20:46:16.507498
[2025-07-04 20:46:16,507: INFO/ForkPoolWorker-3] Using 6 search queries: nature, people, food, travel, architecture, animals
[2025-07-04 20:46:17,407: INFO/MainProcess] Task apps.gallery.tasks.populate_unsplash_images[0bcb6814-4a82-4a59-93c8-150ff3685f51] received
[2025-07-04 20:47:11,301: INFO/ForkPoolWorker-4] Task apps.gallery.tasks.populate_unsplash_images[a12571ce-451d-4407-8e5b-0aa0e77fb0c0] succeeded in 119.80073098300272s: None
[2025-07-04 20:47:11,302: INFO/ForkPoolWorker-4] Fetching unsplash images to process
[2025-07-04 20:47:11,302: INFO/ForkPoolWorker-4] Starting Unsplash to gcs uploader job at 2025-07-04T20:47:11.302500
[2025-07-04 20:47:11,302: INFO/ForkPoolWorker-4] Using 6 search queries: nature, people, food, travel, architecture, animals
[2025-07-04 20:47:12,912: INFO/MainProcess] Task apps.gallery.tasks.populate_unsplash_images[5f75fc93-e116-4879-a06a-74097a9097fc] received
[2025-07-04 20:47:19,307: INFO/ForkPoolWorker-2] Task apps.gallery.tasks.populate_unsplash_images[c5f94983-cfe8-453b-89e7-97e57128ca40] succeeded in 117.70330368799841s: None
[2025-07-04 20:47:19,605: INFO/ForkPoolWorker-2] Fetching audios to process
[2025-07-04 20:47:20,707: INFO/MainProcess] Task apps.gallery.tasks.process_audio[301d2057-75e7-44f0-bf6f-f74c547f008a] received
[2025-07-04 20:47:21,602: INFO/ForkPoolWorker-2] No audio files to process
[2025-07-04 20:47:22,106: INFO/ForkPoolWorker-2] Task apps.gallery.tasks.process_audio[5e524001-5bb8-496f-8fa2-4a0b691782c3] succeeded in 2.50168765700073s: None
[2025-07-04 20:47:22,309: INFO/ForkPoolWorker-2] Fetching unsplash images to process
[2025-07-04 20:47:22,309: INFO/ForkPoolWorker-2] Starting Unsplash to gcs uploader job at 2025-07-04T20:47:22.309649
[2025-07-04 20:47:22,309: INFO/ForkPoolWorker-2] Using 6 search queries: nature, people, food, travel, architecture, animals
[2025-07-04 20:47:23,107: INFO/MainProcess] Task apps.gallery.tasks.populate_unsplash_images[31785595-1997-4cc3-94e6-d4ef8eee6a69] received
[2025-07-04 20:48:15,705: INFO/ForkPoolWorker-3] Task apps.gallery.tasks.populate_unsplash_images[6ff8439c-63eb-4b26-badb-5aec6494c728] succeeded in 119.20318457599933s: None
[2025-07-04 20:48:15,905: INFO/ForkPoolWorker-3] Fetching audios to process
[2025-07-04 20:48:17,105: INFO/MainProcess] Task apps.gallery.tasks.populate_unsplash_images[a8cb1014-1a7b-451b-8320-f2eb79332e8b] received
[2025-07-04 20:48:18,203: INFO/ForkPoolWorker-3] No audio files to process
[2025-07-04 20:48:18,604: INFO/ForkPoolWorker-3] Task apps.gallery.tasks.process_audio[836adaac-5476-48dc-aaa4-298f941569df] succeeded in 2.6988021849974757s: None
[2025-07-04 20:48:18,812: INFO/ForkPoolWorker-3] Fetching audios to process
[2025-07-04 20:48:19,805: INFO/MainProcess] Task apps.gallery.tasks.process_audio[bb21533a-68e2-4197-a4de-2c3525217cd6] received
[2025-07-04 20:48:20,604: INFO/ForkPoolWorker-3] No audio files to process
[2025-07-04 20:48:21,005: INFO/ForkPoolWorker-3] Task apps.gallery.tasks.process_audio[b0c88d7c-bd1a-4258-9311-b1d1380f7c1d] succeeded in 2.1934736809998867s: None
[2025-07-04 20:48:21,305: INFO/ForkPoolWorker-3] Fetching audios to process
[2025-07-04 20:48:22,206: INFO/MainProcess] Task apps.gallery.tasks.populate_unsplash_images[2c7d71b0-12c4-4cc4-b375-fc4e8ad57335] received
[2025-07-04 20:48:23,009: INFO/ForkPoolWorker-3] No audio files to process
[2025-07-04 20:48:23,405: INFO/ForkPoolWorker-3] Task apps.gallery.tasks.process_audio[bcc965bf-4c5d-40a5-9378-56eaafdfbc34] succeeded in 2.10030721899966s: None
[2025-07-04 20:48:23,612: INFO/ForkPoolWorker-3] Fetching unsplash images to process
[2025-07-04 20:48:23,612: INFO/ForkPoolWorker-3] Starting Unsplash to gcs uploader job at 2025-07-04T20:48:23.612820
[2025-07-04 20:48:23,612: INFO/ForkPoolWorker-3] Using 6 search queries: nature, people, food, travel, architecture, animals
[2025-07-04 20:48:24,505: INFO/MainProcess] Task apps.gallery.tasks.process_audio[6fb50487-13d2-4904-9b06-f509414582bc] received
[2025-07-04 20:49:12,200: INFO/ForkPoolWorker-4] Task apps.gallery.tasks.populate_unsplash_images[bf2bbf9c-9c59-4a00-bea4-af3a65183340] succeeded in 120.90316050899855s: None
[2025-07-04 20:49:12,201: INFO/ForkPoolWorker-4] Fetching audios to process
[2025-07-04 20:49:13,605: INFO/MainProcess] Task apps.gallery.tasks.populate_unsplash_images[4d992af1-71a2-4137-bfaa-83f35122965a] received
[2025-07-04 20:49:14,003: INFO/ForkPoolWorker-4] No audio files to process
[2025-07-04 20:49:14,498: INFO/ForkPoolWorker-4] Task apps.gallery.tasks.process_audio[43e0bccb-7082-4efb-8929-dc87aab67f64] succeeded in 2.2969803609994415s: None
[2025-07-04 20:49:14,499: INFO/ForkPoolWorker-4] Fetching audios to process
[2025-07-04 20:49:15,504: INFO/MainProcess] Task apps.gallery.tasks.process_audio[457bb348-da62-43a6-9c1f-9d0f02c0acae] received
[2025-07-04 20:49:16,400: INFO/ForkPoolWorker-4] No audio files to process
[2025-07-04 20:49:16,799: INFO/ForkPoolWorker-4] Task apps.gallery.tasks.process_audio[8e4d80d4-2606-4581-b4a2-40d983deb126] succeeded in 2.300777353997546s: None
[2025-07-04 20:49:16,800: INFO/ForkPoolWorker-4] Fetching audios to process
[2025-07-04 20:49:17,807: INFO/MainProcess] Task apps.gallery.tasks.populate_unsplash_images[c82e7d10-4441-4b44-b354-f0c80a552bf2] received
[2025-07-04 20:49:18,903: INFO/ForkPoolWorker-4] No audio files to process
[2025-07-04 20:49:19,398: INFO/ForkPoolWorker-4] Task apps.gallery.tasks.process_audio[cbbd7238-267a-4c55-8da3-9d0ebe3816d0] succeeded in 2.59875828100121s: None
[2025-07-04 20:49:19,399: INFO/ForkPoolWorker-4] Fetching unsplash images to process
[2025-07-04 20:49:19,399: INFO/ForkPoolWorker-4] Starting Unsplash to gcs uploader job at 2025-07-04T20:49:19.399881
[2025-07-04 20:49:19,399: INFO/ForkPoolWorker-4] Using 6 search queries: nature, people, food, travel, architecture, animals
[2025-07-04 20:49:20,405: INFO/MainProcess] Task apps.gallery.tasks.process_audio[0500f97f-c575-4365-9f2c-fae38b89bb02] received
[2025-07-04 20:49:24,704: INFO/ForkPoolWorker-2] Task apps.gallery.tasks.populate_unsplash_images[3204accb-6279-48e5-bfbc-adb3f665e656] succeeded in 122.3997768199988s: None
[2025-07-04 20:49:24,904: INFO/ForkPoolWorker-2] Fetching unsplash images to process
[2025-07-04 20:49:24,904: INFO/ForkPoolWorker-2] Starting Unsplash to gcs uploader job at 2025-07-04T20:49:24.904183
[2025-07-04 20:49:24,904: INFO/ForkPoolWorker-2] Using 6 search queries: nature, people, food, travel, architecture, animals
[2025-07-04 20:49:25,908: INFO/MainProcess] Task apps.gallery.tasks.populate_unsplash_images[61f27820-6765-4180-bbe2-3dba9c70a61b] received
[2025-07-04 20:50:25,002: INFO/ForkPoolWorker-3] Task apps.gallery.tasks.populate_unsplash_images[b5649ef5-f059-4c3e-b571-7d9260011871] succeeded in 121.39471350399981s: None
[2025-07-04 20:50:25,203: INFO/ForkPoolWorker-3] Fetching audios to process
[2025-07-04 20:50:26,803: INFO/MainProcess] Task apps.gallery.tasks.populate_unsplash_images[df445935-cc8e-4f89-89c3-50c085a4362c] received
[2025-07-04 20:50:27,199: INFO/ForkPoolWorker-3] No audio files to process
[2025-07-04 20:50:27,604: INFO/ForkPoolWorker-3] Task apps.gallery.tasks.process_audio[bcd5deaa-b0ff-4a85-a0c1-f7c970c538d3] succeeded in 2.4014125440007774s: None
[2025-07-04 20:50:28,404: INFO/ForkPoolWorker-3] Fetching audios to process
[2025-07-04 20:50:29,303: INFO/MainProcess] Task apps.gallery.tasks.process_audio[3e0d888f-d288-4631-a355-bef30e977126] received
[2025-07-04 20:50:30,197: INFO/ForkPoolWorker-3] No audio files to process
[2025-07-04 20:50:30,703: INFO/ForkPoolWorker-3] Task apps.gallery.tasks.process_audio[e49f3b71-30ca-4b08-bca9-c4506e6b859c] succeeded in 2.2995977249993302s: None
[2025-07-04 20:50:31,002: INFO/ForkPoolWorker-3] Fetching unsplash images to process
[2025-07-04 20:50:31,003: INFO/ForkPoolWorker-3] Starting Unsplash to gcs uploader job at 2025-07-04T20:50:31.003073
[2025-07-04 20:50:31,003: INFO/ForkPoolWorker-3] Using 6 search queries: nature, people, food, travel, architecture, animals
[2025-07-04 20:50:32,004: INFO/MainProcess] Task apps.gallery.tasks.populate_unsplash_images[df3b5564-2ef8-444d-9aa8-cb2e1fcc3700] received
[2025-07-04 20:51:21,399: INFO/ForkPoolWorker-4] Task apps.gallery.tasks.populate_unsplash_images[60a8fafa-74a6-4e94-8bd1-354a96ce8916] succeeded in 122.00494686299862s: None
[2025-07-04 20:51:21,400: INFO/ForkPoolWorker-4] Fetching audios to process
[2025-07-04 20:51:22,602: INFO/ForkPoolWorker-2] Task apps.gallery.tasks.populate_unsplash_images[7a3b9c54-0460-47f0-ab7b-cc6b54d5cba6] succeeded in 117.70326338800078s: None
[2025-07-04 20:51:23,499: INFO/ForkPoolWorker-4] No audio files to process
[2025-07-04 20:51:23,503: INFO/MainProcess] Task apps.gallery.tasks.process_audio[cf122c3c-cdad-4da9-8271-1d1515008e98] received
[2025-07-04 20:51:23,503: INFO/ForkPoolWorker-2] Fetching audios to process
[2025-07-04 20:51:23,996: INFO/ForkPoolWorker-4] Task apps.gallery.tasks.process_audio[008822bc-38c8-48c2-ae18-91de35d7d46f] succeeded in 2.596101656999963s: None
[2025-07-04 20:51:23,997: INFO/ForkPoolWorker-4] Fetching unsplash images to process
[2025-07-04 20:51:23,997: INFO/ForkPoolWorker-4] Starting Unsplash to gcs uploader job at 2025-07-04T20:51:23.997707
[2025-07-04 20:51:23,997: INFO/ForkPoolWorker-4] Using 6 search queries: nature, people, food, travel, architecture, animals
[2025-07-04 20:51:24,601: INFO/MainProcess] Task apps.gallery.tasks.process_audio[fadd5387-f76f-4cdb-aa13-8c5348925d63] received
[2025-07-04 20:51:25,097: INFO/ForkPoolWorker-2] No audio files to process
[2025-07-04 20:51:25,601: INFO/ForkPoolWorker-2] Task apps.gallery.tasks.process_audio[301d2057-75e7-44f0-bf6f-f74c547f008a] succeeded in 2.0980723969987594s: None
[2025-07-04 20:51:25,801: INFO/MainProcess] Task apps.gallery.tasks.populate_unsplash_images[2a561691-bce8-4205-9ddf-e21968dbeb72] received
[2025-07-04 20:51:26,202: INFO/ForkPoolWorker-2] Fetching unsplash images to process
[2025-07-04 20:51:26,202: INFO/ForkPoolWorker-2] Starting Unsplash to gcs uploader job at 2025-07-04T20:51:26.202152
[2025-07-04 20:51:26,202: INFO/ForkPoolWorker-2] Using 6 search queries: nature, people, food, travel, architecture, animals
[2025-07-04 20:51:27,105: ERROR/MainProcess] Received unregistered task of type 'apps.gallery.tasks.generate_metadata'.
The message has been ignored and discarded.

Did you remember to import the module containing this task?
Or maybe you're using relative imports?

Please see
https://docs.celeryq.dev/en/latest/internals/protocol.html
for more information.

The full contents of the message body was:
b'[[], {}, {"callbacks": null, "errbacks": null, "chain": null, "chord": null}]' (77b)

The full contents of the message headers:
{'lang': 'py', 'task': 'apps.gallery.tasks.generate_metadata', 'id': '4a9742e9-d010-4a5c-8420-e0b27a38eb28', 'shadow': None, 'eta': None, 'expires': None, 'group': None, 'group_index': None, 'retries': 0, 'timelimit': [None, None], 'root_id': '4a9742e9-d010-4a5c-8420-e0b27a38eb28', 'parent_id': None, 'argsrepr': '()', 'kwargsrepr': '{}', 'origin': 'gen7@63f692d7cb61', 'ignore_result': False, 'stamped_headers': None, 'stamps': {}}

The delivery info for this task is:
{'exchange': '', 'routing_key': 'celery'}
Traceback (most recent call last):
  File "/usr/local/lib/python3.12/site-packages/celery/worker/consumer/consumer.py", line 642, in on_task_received
    strategy = strategies[type_]
               ~~~~~~~~~~^^^^^^^
KeyError: 'apps.gallery.tasks.generate_metadata'
[2025-07-04 20:51:28,703: INFO/MainProcess] Task apps.gallery.tasks.process_audio[ee9f4bbc-1ad4-4f1e-9b9c-c919e620055b] received
[2025-07-04 20:52:31,701: INFO/ForkPoolWorker-3] Task apps.gallery.tasks.populate_unsplash_images[0bcb6814-4a82-4a59-93c8-150ff3685f51] succeeded in 120.70387520000077s: None
[2025-07-04 20:52:31,902: INFO/ForkPoolWorker-3] Fetching audios to process
[2025-07-04 20:52:33,101: INFO/MainProcess] Task apps.gallery.tasks.process_audio[f1704f83-7444-46d1-b00f-4bd0827d472f] received
[2025-07-04 20:52:34,003: INFO/ForkPoolWorker-3] No audio files to process
[2025-07-04 20:52:34,400: INFO/ForkPoolWorker-3] Task apps.gallery.tasks.process_audio[bb21533a-68e2-4197-a4de-2c3525217cd6] succeeded in 2.4985738369978208s: None
[2025-07-04 20:52:34,800: INFO/ForkPoolWorker-3] Fetching unsplash images to process
[2025-07-04 20:52:34,801: INFO/ForkPoolWorker-3] Starting Unsplash to gcs uploader job at 2025-07-04T20:52:34.801020
[2025-07-04 20:52:34,801: INFO/ForkPoolWorker-3] Using 6 search queries: nature, people, food, travel, architecture, animals
[2025-07-04 20:52:35,701: INFO/MainProcess] Task apps.gallery.tasks.populate_unsplash_images[cec81602-786a-4407-a7fe-eec2eea868f1] received
[2025-07-04 20:52:49,399: INFO/MainProcess] missed heartbeat from celery@838e3ebc3f56
[2025-07-04 20:53:24,794: INFO/ForkPoolWorker-4] Task apps.gallery.tasks.populate_unsplash_images[5f75fc93-e116-4879-a06a-74097a9097fc] succeeded in 120.80129585800023s: None
[2025-07-04 20:53:24,795: INFO/ForkPoolWorker-4] Fetching unsplash images to process
[2025-07-04 20:53:24,795: INFO/ForkPoolWorker-4] Starting Unsplash to gcs uploader job at 2025-07-04T20:53:24.795371
[2025-07-04 20:53:24,795: INFO/ForkPoolWorker-4] Using 6 search queries: nature, people, food, travel, architecture, animals
[2025-07-04 20:53:27,201: INFO/MainProcess] Task apps.gallery.tasks.populate_unsplash_images[f58a4533-fa09-46ea-b168-0e208d48a5b2] received
[2025-07-04 20:53:29,000: INFO/ForkPoolWorker-2] Task apps.gallery.tasks.populate_unsplash_images[a8cb1014-1a7b-451b-8320-f2eb79332e8b] succeeded in 122.80249656200249s: None
[2025-07-04 20:53:29,198: INFO/ForkPoolWorker-2] Fetching unsplash images to process
[2025-07-04 20:53:29,198: INFO/ForkPoolWorker-2] Starting Unsplash to gcs uploader job at 2025-07-04T20:53:29.198495
[2025-07-04 20:53:29,198: INFO/ForkPoolWorker-2] Using 6 search queries: nature, people, food, travel, architecture, animals
[2025-07-04 20:53:30,401: INFO/MainProcess] Task apps.gallery.tasks.process_audio[e4a9aff3-aec6-4982-a26a-8b6b7598fdf5] received
[2025-07-04 20:54:33,497: INFO/ForkPoolWorker-3] Task apps.gallery.tasks.populate_unsplash_images[2c7d71b0-12c4-4cc4-b375-fc4e8ad57335] succeeded in 118.70131586000207s: None
[2025-07-04 20:54:33,899: INFO/ForkPoolWorker-3] Fetching audios to process
[2025-07-04 20:54:35,104: INFO/MainProcess] Task apps.gallery.tasks.process_audio[cee0010e-50ca-401e-b06b-de3b564063db] received
[2025-07-04 20:54:35,899: INFO/ForkPoolWorker-3] No audio files to process
[2025-07-04 20:54:36,299: INFO/ForkPoolWorker-3] Task apps.gallery.tasks.process_audio[457bb348-da62-43a6-9c1f-9d0f02c0acae] succeeded in 2.400308849999419s: None
[2025-07-04 20:54:36,499: INFO/ForkPoolWorker-3] Fetching unsplash images to process
[2025-07-04 20:54:36,499: INFO/ForkPoolWorker-3] Starting Unsplash to gcs uploader job at 2025-07-04T20:54:36.499664
[2025-07-04 20:54:36,499: INFO/ForkPoolWorker-3] Using 6 search queries: nature, people, food, travel, architecture, animals
[2025-07-04 20:54:37,301: INFO/MainProcess] Task apps.gallery.tasks.populate_unsplash_images[4b55e75a-be57-41d7-9912-e4d3e65f539a] received
[2025-07-04 20:55:25,791: INFO/ForkPoolWorker-4] Task apps.gallery.tasks.populate_unsplash_images[31785595-1997-4cc3-94e6-d4ef8eee6a69] succeeded in 121.0011179739995s: None
[2025-07-04 20:55:25,792: INFO/ForkPoolWorker-4] Fetching audios to process
[2025-07-04 20:55:27,400: INFO/ForkPoolWorker-4] No audio files to process
[2025-07-04 20:55:27,504: INFO/MainProcess] Task apps.gallery.tasks.process_audio[08487392-15f1-48cf-a234-4b7bf87fc6e9] received
[2025-07-04 20:55:27,791: INFO/ForkPoolWorker-4] Task apps.gallery.tasks.process_audio[6fb50487-13d2-4904-9b06-f509414582bc] succeeded in 1.9989257140005066s: None
[2025-07-04 20:55:27,792: INFO/ForkPoolWorker-4] Fetching audios to process
[2025-07-04 20:55:29,098: INFO/MainProcess] Task apps.gallery.tasks.populate_unsplash_images[344e2943-dafe-4555-92d6-9b4851ff9c71] received
[2025-07-04 20:55:29,297: INFO/ForkPoolWorker-2] Task apps.gallery.tasks.populate_unsplash_images[4d992af1-71a2-4137-bfaa-83f35122965a] succeeded in 120.10353929000121s: None
[2025-07-04 20:55:29,697: INFO/ForkPoolWorker-2] Fetching unsplash images to process
[2025-07-04 20:55:29,697: INFO/ForkPoolWorker-2] Starting Unsplash to gcs uploader job at 2025-07-04T20:55:29.697290
[2025-07-04 20:55:29,697: INFO/ForkPoolWorker-2] Using 6 search queries: nature, people, food, travel, architecture, animals
[2025-07-04 20:55:29,700: INFO/ForkPoolWorker-4] No audio files to process
[2025-07-04 20:55:30,192: INFO/ForkPoolWorker-4] Task apps.gallery.tasks.process_audio[0500f97f-c575-4365-9f2c-fae38b89bb02] succeeded in 2.4004314949997934s: None
[2025-07-04 20:55:30,193: INFO/ForkPoolWorker-4] Fetching unsplash images to process
[2025-07-04 20:55:30,193: INFO/ForkPoolWorker-4] Starting Unsplash to gcs uploader job at 2025-07-04T20:55:30.193800
[2025-07-04 20:55:30,193: INFO/ForkPoolWorker-4] Using 6 search queries: nature, people, food, travel, architecture, animals
[2025-07-04 20:55:30,599: INFO/MainProcess] Task apps.gallery.tasks.process_audio[87c9f758-4b6b-4e15-9349-d5439142dc08] received
[2025-07-04 20:55:31,898: INFO/MainProcess] Task apps.gallery.tasks.populate_unsplash_images[6894d885-b25c-48cb-b2d0-5912dfccceda] received
[2025-07-04 20:56:42,996: INFO/ForkPoolWorker-3] Task apps.gallery.tasks.populate_unsplash_images[c82e7d10-4441-4b44-b354-f0c80a552bf2] succeeded in 126.50169112299773s: None
[2025-07-04 20:56:43,200: INFO/ForkPoolWorker-3] Fetching unsplash images to process
[2025-07-04 20:56:43,200: INFO/ForkPoolWorker-3] Starting Unsplash to gcs uploader job at 2025-07-04T20:56:43.200860
[2025-07-04 20:56:43,200: INFO/ForkPoolWorker-3] Using 6 search queries: nature, people, food, travel, architecture, animals
[2025-07-04 20:56:44,995: ERROR/MainProcess] Received unregistered task of type 'apps.gallery.tasks.generate_metadata'.
The message has been ignored and discarded.

Did you remember to import the module containing this task?
Or maybe you're using relative imports?

Please see
https://docs.celeryq.dev/en/latest/internals/protocol.html
for more information.

The full contents of the message body was:
b'[[], {}, {"callbacks": null, "errbacks": null, "chain": null, "chord": null}]' (77b)

The full contents of the message headers:
{'lang': 'py', 'task': 'apps.gallery.tasks.generate_metadata', 'id': 'eee34ba3-b515-470a-a3e2-a39244d52c6c', 'shadow': None, 'eta': None, 'expires': None, 'group': None, 'group_index': None, 'retries': 0, 'timelimit': [None, None], 'root_id': 'eee34ba3-b515-470a-a3e2-a39244d52c6c', 'parent_id': None, 'argsrepr': '()', 'kwargsrepr': '{}', 'origin': 'gen7@63f692d7cb61', 'ignore_result': False, 'stamped_headers': None, 'stamps': {}}

The delivery info for this task is:
{'exchange': '', 'routing_key': 'celery'}
Traceback (most recent call last):
  File "/usr/local/lib/python3.12/site-packages/celery/worker/consumer/consumer.py", line 642, in on_task_received
    strategy = strategies[type_]
               ~~~~~~~~~~^^^^^^^
KeyError: 'apps.gallery.tasks.generate_metadata'
[2025-07-04 20:56:46,801: INFO/MainProcess] Task apps.gallery.tasks.process_audio[0d2b8b6c-f09f-48f6-a46a-c52ce714f772] received
[2025-07-05 05:48:37,531: WARNING/MainProcess] consumer: Connection to broker lost. Trying to re-establish the connection...
Traceback (most recent call last):
  File "/usr/local/lib/python3.12/site-packages/celery/worker/consumer/consumer.py", line 336, in start
    blueprint.start(self)
  File "/usr/local/lib/python3.12/site-packages/celery/bootsteps.py", line 116, in start
    step.start(parent)
  File "/usr/local/lib/python3.12/site-packages/celery/worker/consumer/consumer.py", line 726, in start
    c.loop(*c.loop_args())
  File "/usr/local/lib/python3.12/site-packages/celery/worker/loops.py", line 97, in asynloop
    next(loop)
  File "/usr/local/lib/python3.12/site-packages/kombu/asynchronous/hub.py", line 373, in create_loop
    cb(*cbargs)
  File "/usr/local/lib/python3.12/site-packages/kombu/transport/redis.py", line 1359, in on_readable
    self.cycle.on_readable(fileno)
  File "/usr/local/lib/python3.12/site-packages/kombu/transport/redis.py", line 576, in on_readable
    chan.handlers[type]()
  File "/usr/local/lib/python3.12/site-packages/kombu/transport/redis.py", line 925, in _receive
    ret.append(self._receive_one(c))
               ^^^^^^^^^^^^^^^^^^^^
  File "/usr/local/lib/python3.12/site-packages/kombu/transport/redis.py", line 935, in _receive_one
    response = c.parse_response()
               ^^^^^^^^^^^^^^^^^^
  File "/usr/local/lib/python3.12/site-packages/redis/client.py", line 865, in parse_response
    response = self._execute(conn, try_read)
               ^^^^^^^^^^^^^^^^^^^^^^^^^^^^^
  File "/usr/local/lib/python3.12/site-packages/redis/client.py", line 841, in _execute
    return conn.retry.call_with_retry(
           ^^^^^^^^^^^^^^^^^^^^^^^^^^^
  File "/usr/local/lib/python3.12/site-packages/redis/retry.py", line 65, in call_with_retry
    fail(error)
  File "/usr/local/lib/python3.12/site-packages/redis/client.py", line 843, in <lambda>
    lambda error: self._disconnect_raise_connect(conn, error),
                  ^^^^^^^^^^^^^^^^^^^^^^^^^^^^^^^^^^^^^^^^^^^
  File "/usr/local/lib/python3.12/site-packages/redis/client.py", line 830, in _disconnect_raise_connect
    raise error
  File "/usr/local/lib/python3.12/site-packages/redis/retry.py", line 62, in call_with_retry
    return do()
           ^^^^
  File "/usr/local/lib/python3.12/site-packages/redis/client.py", line 842, in <lambda>
    lambda: command(*args, **kwargs),
            ^^^^^^^^^^^^^^^^^^^^^^^^
  File "/usr/local/lib/python3.12/site-packages/redis/client.py", line 863, in try_read
    return conn.read_response(disconnect_on_error=False, push_request=True)
           ^^^^^^^^^^^^^^^^^^^^^^^^^^^^^^^^^^^^^^^^^^^^^^^^^^^^^^^^^^^^^^^^
  File "/usr/local/lib/python3.12/site-packages/redis/connection.py", line 592, in read_response
    response = self._parser.read_response(disable_decoding=disable_decoding)
               ^^^^^^^^^^^^^^^^^^^^^^^^^^^^^^^^^^^^^^^^^^^^^^^^^^^^^^^^^^^^^
  File "/usr/local/lib/python3.12/site-packages/redis/_parsers/resp2.py", line 15, in read_response
    result = self._read_response(disable_decoding=disable_decoding)
             ^^^^^^^^^^^^^^^^^^^^^^^^^^^^^^^^^^^^^^^^^^^^^^^^^^^^^^
  File "/usr/local/lib/python3.12/site-packages/redis/_parsers/resp2.py", line 25, in _read_response
    raw = self._buffer.readline()
          ^^^^^^^^^^^^^^^^^^^^^^^
  File "/usr/local/lib/python3.12/site-packages/redis/_parsers/socket.py", line 115, in readline
    self._read_from_socket()
  File "/usr/local/lib/python3.12/site-packages/redis/_parsers/socket.py", line 68, in _read_from_socket
    raise ConnectionError(SERVER_CLOSED_CONNECTION_ERROR)
redis.exceptions.ConnectionError: Connection closed by server.
[2025-07-05 05:48:37,647: WARNING/MainProcess] Restoring 16 unacknowledged message(s)
[2025-07-05 18:50:14,567: WARNING/ForkPoolWorker-2] /usr/local/lib/python3.12/site-packages/celery/app/trace.py:686: RuntimeWarning: Exception raised outside body: ConnectionError('Connection closed by server.'):
Traceback (most recent call last):
  File "/usr/local/lib/python3.12/site-packages/celery/app/trace.py", line 544, in trace_task
    task.backend.mark_as_done(
  File "/usr/local/lib/python3.12/site-packages/celery/backends/base.py", line 157, in mark_as_done
    self.store_result(task_id, result, state, request=request)
  File "/usr/local/lib/python3.12/site-packages/celery/backends/base.py", line 526, in store_result
    self._store_result(task_id, result, state, traceback,
  File "/usr/local/lib/python3.12/site-packages/celery/backends/base.py", line 973, in _store_result
    current_meta = self._get_task_meta_for(task_id)
                   ^^^^^^^^^^^^^^^^^^^^^^^^^^^^^^^^
  File "/usr/local/lib/python3.12/site-packages/celery/backends/base.py", line 995, in _get_task_meta_for
    meta = self.get(self.get_key_for_task(task_id))
           ^^^^^^^^^^^^^^^^^^^^^^^^^^^^^^^^^^^^^^^^
  File "/usr/local/lib/python3.12/site-packages/celery/backends/redis.py", line 376, in get
    return self.client.get(key)
           ^^^^^^^^^^^^^^^^^^^^
  File "/usr/local/lib/python3.12/site-packages/redis/commands/core.py", line 1822, in get
    return self.execute_command("GET", name, keys=[name])
           ^^^^^^^^^^^^^^^^^^^^^^^^^^^^^^^^^^^^^^^^^^^^^^
  File "/usr/local/lib/python3.12/site-packages/redis/client.py", line 559, in execute_command
    return self._execute_command(*args, **options)
           ^^^^^^^^^^^^^^^^^^^^^^^^^^^^^^^^^^^^^^^
  File "/usr/local/lib/python3.12/site-packages/redis/client.py", line 567, in _execute_command
    return conn.retry.call_with_retry(
           ^^^^^^^^^^^^^^^^^^^^^^^^^^^
  File "/usr/local/lib/python3.12/site-packages/redis/retry.py", line 65, in call_with_retry
    fail(error)
  File "/usr/local/lib/python3.12/site-packages/redis/client.py", line 571, in <lambda>
    lambda error: self._disconnect_raise(conn, error),
                  ^^^^^^^^^^^^^^^^^^^^^^^^^^^^^^^^^^^
  File "/usr/local/lib/python3.12/site-packages/redis/client.py", line 555, in _disconnect_raise
    raise error
  File "/usr/local/lib/python3.12/site-packages/redis/retry.py", line 62, in call_with_retry
    return do()
           ^^^^
  File "/usr/local/lib/python3.12/site-packages/redis/client.py", line 568, in <lambda>
    lambda: self._send_command_parse_response(
            ^^^^^^^^^^^^^^^^^^^^^^^^^^^^^^^^^^
  File "/usr/local/lib/python3.12/site-packages/redis/client.py", line 542, in _send_command_parse_response
    return self.parse_response(conn, command_name, **options)
           ^^^^^^^^^^^^^^^^^^^^^^^^^^^^^^^^^^^^^^^^^^^^^^^^^^
  File "/usr/local/lib/python3.12/site-packages/redis/client.py", line 584, in parse_response
    response = connection.read_response()
               ^^^^^^^^^^^^^^^^^^^^^^^^^^
  File "/usr/local/lib/python3.12/site-packages/redis/connection.py", line 592, in read_response
    response = self._parser.read_response(disable_decoding=disable_decoding)
               ^^^^^^^^^^^^^^^^^^^^^^^^^^^^^^^^^^^^^^^^^^^^^^^^^^^^^^^^^^^^^
  File "/usr/local/lib/python3.12/site-packages/redis/_parsers/resp2.py", line 15, in read_response
    result = self._read_response(disable_decoding=disable_decoding)
             ^^^^^^^^^^^^^^^^^^^^^^^^^^^^^^^^^^^^^^^^^^^^^^^^^^^^^^
  File "/usr/local/lib/python3.12/site-packages/redis/_parsers/resp2.py", line 25, in _read_response
    raw = self._buffer.readline()
          ^^^^^^^^^^^^^^^^^^^^^^^
  File "/usr/local/lib/python3.12/site-packages/redis/_parsers/socket.py", line 115, in readline
    self._read_from_socket()
  File "/usr/local/lib/python3.12/site-packages/redis/_parsers/socket.py", line 68, in _read_from_socket
    raise ConnectionError(SERVER_CLOSED_CONNECTION_ERROR)
redis.exceptions.ConnectionError: Connection closed by server.

  warn(RuntimeWarning(

[2025-07-05 18:50:16,009: ERROR/ForkPoolWorker-2] Task apps.gallery.tasks.populate_unsplash_images[df445935-cc8e-4f89-89c3-50c085a4362c] raised unexpected: ConnectionError('Connection closed by server.')
Traceback (most recent call last):
  File "/usr/local/lib/python3.12/site-packages/celery/app/trace.py", line 544, in trace_task
    task.backend.mark_as_done(
  File "/usr/local/lib/python3.12/site-packages/celery/backends/base.py", line 157, in mark_as_done
    self.store_result(task_id, result, state, request=request)
  File "/usr/local/lib/python3.12/site-packages/celery/backends/base.py", line 526, in store_result
    self._store_result(task_id, result, state, traceback,
  File "/usr/local/lib/python3.12/site-packages/celery/backends/base.py", line 973, in _store_result
    current_meta = self._get_task_meta_for(task_id)
                   ^^^^^^^^^^^^^^^^^^^^^^^^^^^^^^^^
  File "/usr/local/lib/python3.12/site-packages/celery/backends/base.py", line 995, in _get_task_meta_for
    meta = self.get(self.get_key_for_task(task_id))
           ^^^^^^^^^^^^^^^^^^^^^^^^^^^^^^^^^^^^^^^^
  File "/usr/local/lib/python3.12/site-packages/celery/backends/redis.py", line 376, in get
    return self.client.get(key)
           ^^^^^^^^^^^^^^^^^^^^
  File "/usr/local/lib/python3.12/site-packages/redis/commands/core.py", line 1822, in get
    return self.execute_command("GET", name, keys=[name])
           ^^^^^^^^^^^^^^^^^^^^^^^^^^^^^^^^^^^^^^^^^^^^^^
  File "/usr/local/lib/python3.12/site-packages/redis/client.py", line 559, in execute_command
    return self._execute_command(*args, **options)
           ^^^^^^^^^^^^^^^^^^^^^^^^^^^^^^^^^^^^^^^
  File "/usr/local/lib/python3.12/site-packages/redis/client.py", line 567, in _execute_command
    return conn.retry.call_with_retry(
           ^^^^^^^^^^^^^^^^^^^^^^^^^^^
  File "/usr/local/lib/python3.12/site-packages/redis/retry.py", line 65, in call_with_retry
    fail(error)
  File "/usr/local/lib/python3.12/site-packages/redis/client.py", line 571, in <lambda>
    lambda error: self._disconnect_raise(conn, error),
                  ^^^^^^^^^^^^^^^^^^^^^^^^^^^^^^^^^^^
  File "/usr/local/lib/python3.12/site-packages/redis/client.py", line 555, in _disconnect_raise
    raise error
  File "/usr/local/lib/python3.12/site-packages/redis/retry.py", line 62, in call_with_retry
    return do()
           ^^^^
  File "/usr/local/lib/python3.12/site-packages/redis/client.py", line 568, in <lambda>
    lambda: self._send_command_parse_response(
            ^^^^^^^^^^^^^^^^^^^^^^^^^^^^^^^^^^
  File "/usr/local/lib/python3.12/site-packages/redis/client.py", line 542, in _send_command_parse_response
    return self.parse_response(conn, command_name, **options)
           ^^^^^^^^^^^^^^^^^^^^^^^^^^^^^^^^^^^^^^^^^^^^^^^^^^
  File "/usr/local/lib/python3.12/site-packages/redis/client.py", line 584, in parse_response
    response = connection.read_response()
               ^^^^^^^^^^^^^^^^^^^^^^^^^^
  File "/usr/local/lib/python3.12/site-packages/redis/connection.py", line 592, in read_response
    response = self._parser.read_response(disable_decoding=disable_decoding)
               ^^^^^^^^^^^^^^^^^^^^^^^^^^^^^^^^^^^^^^^^^^^^^^^^^^^^^^^^^^^^^
  File "/usr/local/lib/python3.12/site-packages/redis/_parsers/resp2.py", line 15, in read_response
    result = self._read_response(disable_decoding=disable_decoding)
             ^^^^^^^^^^^^^^^^^^^^^^^^^^^^^^^^^^^^^^^^^^^^^^^^^^^^^^
  File "/usr/local/lib/python3.12/site-packages/redis/_parsers/resp2.py", line 25, in _read_response
    raw = self._buffer.readline()
          ^^^^^^^^^^^^^^^^^^^^^^^
  File "/usr/local/lib/python3.12/site-packages/redis/_parsers/socket.py", line 115, in readline
    self._read_from_socket()
  File "/usr/local/lib/python3.12/site-packages/redis/_parsers/socket.py", line 68, in _read_from_socket
    raise ConnectionError(SERVER_CLOSED_CONNECTION_ERROR)
redis.exceptions.ConnectionError: Connection closed by server.
[2025-07-05 18:50:24,508: ERROR/ForkPoolWorker-3] Task apps.gallery.tasks.populate_unsplash_images[df3b5564-2ef8-444d-9aa8-cb2e1fcc3700] raised unexpected: ConnectionError('Connection closed by server.')
Traceback (most recent call last):
  File "/usr/local/lib/python3.12/site-packages/django/db/backends/utils.py", line 105, in _execute
    return self.cursor.execute(sql, params)
           ^^^^^^^^^^^^^^^^^^^^^^^^^^^^^^^^
psycopg2.OperationalError: server closed the connection unexpectedly
	This probably means the server terminated abnormally
	before or while processing the request.


The above exception was the direct cause of the following exception:

Traceback (most recent call last):
  File "/usr/local/lib/python3.12/site-packages/celery/app/trace.py", line 477, in trace_task
    R = retval = fun(*args, **kwargs)
                 ^^^^^^^^^^^^^^^^^^^^
  File "/usr/local/lib/python3.12/site-packages/celery/app/trace.py", line 760, in __protected_call__
    return self.run(*args, **kwargs)
           ^^^^^^^^^^^^^^^^^^^^^^^^^
  File "/app/apps/gallery/tasks.py", line 155, in populate_unsplash_images
    client.run()
  File "/app/apps/utils/unsplash_client/_client.py", line 314, in run
    if collections.exists():
       ^^^^^^^^^^^^^^^^^^^^
  File "/usr/local/lib/python3.12/site-packages/django/db/models/query.py", line 1288, in exists
    return self.query.has_results(using=self.db)
           ^^^^^^^^^^^^^^^^^^^^^^^^^^^^^^^^^^^^^
  File "/usr/local/lib/python3.12/site-packages/django/db/models/sql/query.py", line 660, in has_results
    return compiler.has_results()
           ^^^^^^^^^^^^^^^^^^^^^^
  File "/usr/local/lib/python3.12/site-packages/django/db/models/sql/compiler.py", line 1542, in has_results
    return bool(self.execute_sql(SINGLE))
                ^^^^^^^^^^^^^^^^^^^^^^^^
  File "/usr/local/lib/python3.12/site-packages/django/db/models/sql/compiler.py", line 1574, in execute_sql
    cursor.execute(sql, params)
  File "/usr/local/lib/python3.12/site-packages/django/db/backends/utils.py", line 122, in execute
    return super().execute(sql, params)
           ^^^^^^^^^^^^^^^^^^^^^^^^^^^^
  File "/usr/local/lib/python3.12/site-packages/django/db/backends/utils.py", line 79, in execute
    return self._execute_with_wrappers(
           ^^^^^^^^^^^^^^^^^^^^^^^^^^^^
  File "/usr/local/lib/python3.12/site-packages/django/db/backends/utils.py", line 92, in _execute_with_wrappers
    return executor(sql, params, many, context)
           ^^^^^^^^^^^^^^^^^^^^^^^^^^^^^^^^^^^^
  File "/usr/local/lib/python3.12/site-packages/django/db/backends/utils.py", line 100, in _execute
    with self.db.wrap_database_errors:
         ^^^^^^^^^^^^^^^^^^^^^^^^^^^^
  File "/usr/local/lib/python3.12/site-packages/django/db/utils.py", line 91, in __exit__
    raise dj_exc_value.with_traceback(traceback) from exc_value
  File "/usr/local/lib/python3.12/site-packages/django/db/backends/utils.py", line 105, in _execute
    return self.cursor.execute(sql, params)
           ^^^^^^^^^^^^^^^^^^^^^^^^^^^^^^^^
django.db.utils.OperationalError: server closed the connection unexpectedly
	This probably means the server terminated abnormally
	before or while processing the request.


During handling of the above exception, another exception occurred:

Traceback (most recent call last):
  File "/usr/local/lib/python3.12/site-packages/celery/app/trace.py", line 494, in trace_task
    I, R, state, retval = on_error(task_request, exc)
                          ^^^^^^^^^^^^^^^^^^^^^^^^^^^
  File "/usr/local/lib/python3.12/site-packages/celery/app/trace.py", line 399, in on_error
    R = I.handle_error_state(
        ^^^^^^^^^^^^^^^^^^^^^
  File "/usr/local/lib/python3.12/site-packages/celery/app/trace.py", line 178, in handle_error_state
    return {
           ^
  File "/usr/local/lib/python3.12/site-packages/celery/app/trace.py", line 230, in handle_failure
    task.backend.mark_as_failure(
  File "/usr/local/lib/python3.12/site-packages/celery/backends/base.py", line 167, in mark_as_failure
    self.store_result(task_id, exc, state,
  File "/usr/local/lib/python3.12/site-packages/celery/backends/base.py", line 526, in store_result
    self._store_result(task_id, result, state, traceback,
  File "/usr/local/lib/python3.12/site-packages/celery/backends/base.py", line 973, in _store_result
    current_meta = self._get_task_meta_for(task_id)
                   ^^^^^^^^^^^^^^^^^^^^^^^^^^^^^^^^
  File "/usr/local/lib/python3.12/site-packages/celery/backends/base.py", line 995, in _get_task_meta_for
    meta = self.get(self.get_key_for_task(task_id))
           ^^^^^^^^^^^^^^^^^^^^^^^^^^^^^^^^^^^^^^^^
  File "/usr/local/lib/python3.12/site-packages/celery/backends/redis.py", line 376, in get
    return self.client.get(key)
           ^^^^^^^^^^^^^^^^^^^^
  File "/usr/local/lib/python3.12/site-packages/redis/commands/core.py", line 1822, in get
    return self.execute_command("GET", name, keys=[name])
           ^^^^^^^^^^^^^^^^^^^^^^^^^^^^^^^^^^^^^^^^^^^^^^
  File "/usr/local/lib/python3.12/site-packages/redis/client.py", line 559, in execute_command
    return self._execute_command(*args, **options)
           ^^^^^^^^^^^^^^^^^^^^^^^^^^^^^^^^^^^^^^^
  File "/usr/local/lib/python3.12/site-packages/redis/client.py", line 567, in _execute_command
    return conn.retry.call_with_retry(
           ^^^^^^^^^^^^^^^^^^^^^^^^^^^
  File "/usr/local/lib/python3.12/site-packages/redis/retry.py", line 65, in call_with_retry
    fail(error)
  File "/usr/local/lib/python3.12/site-packages/redis/client.py", line 571, in <lambda>
    lambda error: self._disconnect_raise(conn, error),
                  ^^^^^^^^^^^^^^^^^^^^^^^^^^^^^^^^^^^
  File "/usr/local/lib/python3.12/site-packages/redis/client.py", line 555, in _disconnect_raise
    raise error
  File "/usr/local/lib/python3.12/site-packages/redis/retry.py", line 62, in call_with_retry
    return do()
           ^^^^
  File "/usr/local/lib/python3.12/site-packages/redis/client.py", line 568, in <lambda>
    lambda: self._send_command_parse_response(
            ^^^^^^^^^^^^^^^^^^^^^^^^^^^^^^^^^^
  File "/usr/local/lib/python3.12/site-packages/redis/client.py", line 542, in _send_command_parse_response
    return self.parse_response(conn, command_name, **options)
           ^^^^^^^^^^^^^^^^^^^^^^^^^^^^^^^^^^^^^^^^^^^^^^^^^^
  File "/usr/local/lib/python3.12/site-packages/redis/client.py", line 584, in parse_response
    response = connection.read_response()
               ^^^^^^^^^^^^^^^^^^^^^^^^^^
  File "/usr/local/lib/python3.12/site-packages/redis/connection.py", line 592, in read_response
    response = self._parser.read_response(disable_decoding=disable_decoding)
               ^^^^^^^^^^^^^^^^^^^^^^^^^^^^^^^^^^^^^^^^^^^^^^^^^^^^^^^^^^^^^
  File "/usr/local/lib/python3.12/site-packages/redis/_parsers/resp2.py", line 15, in read_response
    result = self._read_response(disable_decoding=disable_decoding)
             ^^^^^^^^^^^^^^^^^^^^^^^^^^^^^^^^^^^^^^^^^^^^^^^^^^^^^^
  File "/usr/local/lib/python3.12/site-packages/redis/_parsers/resp2.py", line 25, in _read_response
    raw = self._buffer.readline()
          ^^^^^^^^^^^^^^^^^^^^^^^
  File "/usr/local/lib/python3.12/site-packages/redis/_parsers/socket.py", line 115, in readline
    self._read_from_socket()
  File "/usr/local/lib/python3.12/site-packages/redis/_parsers/socket.py", line 68, in _read_from_socket
    raise ConnectionError(SERVER_CLOSED_CONNECTION_ERROR)
redis.exceptions.ConnectionError: Connection closed by server.
[2025-07-05 18:50:28,203: ERROR/ForkPoolWorker-4] Task apps.gallery.tasks.populate_unsplash_images[61f27820-6765-4180-bbe2-3dba9c70a61b] raised unexpected: ConnectionError('Connection closed by server.')
Traceback (most recent call last):
  File "/usr/local/lib/python3.12/site-packages/django/db/backends/utils.py", line 105, in _execute
    return self.cursor.execute(sql, params)
           ^^^^^^^^^^^^^^^^^^^^^^^^^^^^^^^^
psycopg2.OperationalError: server closed the connection unexpectedly
	This probably means the server terminated abnormally
	before or while processing the request.


The above exception was the direct cause of the following exception:

Traceback (most recent call last):
  File "/usr/local/lib/python3.12/site-packages/celery/app/trace.py", line 477, in trace_task
    R = retval = fun(*args, **kwargs)
                 ^^^^^^^^^^^^^^^^^^^^
  File "/usr/local/lib/python3.12/site-packages/celery/app/trace.py", line 760, in __protected_call__
    return self.run(*args, **kwargs)
           ^^^^^^^^^^^^^^^^^^^^^^^^^
  File "/app/apps/gallery/tasks.py", line 155, in populate_unsplash_images
    client.run()
  File "/app/apps/utils/unsplash_client/_client.py", line 328, in run
    if Image.objects.filter(image_id=id).exists():
       ^^^^^^^^^^^^^^^^^^^^^^^^^^^^^^^^^^^^^^^^^^
  File "/usr/local/lib/python3.12/site-packages/django/db/models/query.py", line 1288, in exists
    return self.query.has_results(using=self.db)
           ^^^^^^^^^^^^^^^^^^^^^^^^^^^^^^^^^^^^^
  File "/usr/local/lib/python3.12/site-packages/django/db/models/sql/query.py", line 660, in has_results
    return compiler.has_results()
           ^^^^^^^^^^^^^^^^^^^^^^
  File "/usr/local/lib/python3.12/site-packages/django/db/models/sql/compiler.py", line 1542, in has_results
    return bool(self.execute_sql(SINGLE))
                ^^^^^^^^^^^^^^^^^^^^^^^^
  File "/usr/local/lib/python3.12/site-packages/django/db/models/sql/compiler.py", line 1574, in execute_sql
    cursor.execute(sql, params)
  File "/usr/local/lib/python3.12/site-packages/django/db/backends/utils.py", line 122, in execute
    return super().execute(sql, params)
           ^^^^^^^^^^^^^^^^^^^^^^^^^^^^
  File "/usr/local/lib/python3.12/site-packages/django/db/backends/utils.py", line 79, in execute
    return self._execute_with_wrappers(
           ^^^^^^^^^^^^^^^^^^^^^^^^^^^^
  File "/usr/local/lib/python3.12/site-packages/django/db/backends/utils.py", line 92, in _execute_with_wrappers
    return executor(sql, params, many, context)
           ^^^^^^^^^^^^^^^^^^^^^^^^^^^^^^^^^^^^
  File "/usr/local/lib/python3.12/site-packages/django/db/backends/utils.py", line 100, in _execute
    with self.db.wrap_database_errors:
         ^^^^^^^^^^^^^^^^^^^^^^^^^^^^
  File "/usr/local/lib/python3.12/site-packages/django/db/utils.py", line 91, in __exit__
    raise dj_exc_value.with_traceback(traceback) from exc_value
  File "/usr/local/lib/python3.12/site-packages/django/db/backends/utils.py", line 105, in _execute
    return self.cursor.execute(sql, params)
           ^^^^^^^^^^^^^^^^^^^^^^^^^^^^^^^^
django.db.utils.OperationalError: server closed the connection unexpectedly
	This probably means the server terminated abnormally
	before or while processing the request.


During handling of the above exception, another exception occurred:

Traceback (most recent call last):
  File "/usr/local/lib/python3.12/site-packages/celery/app/trace.py", line 494, in trace_task
    I, R, state, retval = on_error(task_request, exc)
                          ^^^^^^^^^^^^^^^^^^^^^^^^^^^
  File "/usr/local/lib/python3.12/site-packages/celery/app/trace.py", line 399, in on_error
    R = I.handle_error_state(
        ^^^^^^^^^^^^^^^^^^^^^
  File "/usr/local/lib/python3.12/site-packages/celery/app/trace.py", line 178, in handle_error_state
    return {
           ^
  File "/usr/local/lib/python3.12/site-packages/celery/app/trace.py", line 230, in handle_failure
    task.backend.mark_as_failure(
  File "/usr/local/lib/python3.12/site-packages/celery/backends/base.py", line 167, in mark_as_failure
    self.store_result(task_id, exc, state,
  File "/usr/local/lib/python3.12/site-packages/celery/backends/base.py", line 526, in store_result
    self._store_result(task_id, result, state, traceback,
  File "/usr/local/lib/python3.12/site-packages/celery/backends/base.py", line 973, in _store_result
    current_meta = self._get_task_meta_for(task_id)
                   ^^^^^^^^^^^^^^^^^^^^^^^^^^^^^^^^
  File "/usr/local/lib/python3.12/site-packages/celery/backends/base.py", line 995, in _get_task_meta_for
    meta = self.get(self.get_key_for_task(task_id))
           ^^^^^^^^^^^^^^^^^^^^^^^^^^^^^^^^^^^^^^^^
  File "/usr/local/lib/python3.12/site-packages/celery/backends/redis.py", line 376, in get
    return self.client.get(key)
           ^^^^^^^^^^^^^^^^^^^^
  File "/usr/local/lib/python3.12/site-packages/redis/commands/core.py", line 1822, in get
    return self.execute_command("GET", name, keys=[name])
           ^^^^^^^^^^^^^^^^^^^^^^^^^^^^^^^^^^^^^^^^^^^^^^
  File "/usr/local/lib/python3.12/site-packages/redis/client.py", line 559, in execute_command
    return self._execute_command(*args, **options)
           ^^^^^^^^^^^^^^^^^^^^^^^^^^^^^^^^^^^^^^^
  File "/usr/local/lib/python3.12/site-packages/redis/client.py", line 567, in _execute_command
    return conn.retry.call_with_retry(
           ^^^^^^^^^^^^^^^^^^^^^^^^^^^
  File "/usr/local/lib/python3.12/site-packages/redis/retry.py", line 65, in call_with_retry
    fail(error)
  File "/usr/local/lib/python3.12/site-packages/redis/client.py", line 571, in <lambda>
    lambda error: self._disconnect_raise(conn, error),
                  ^^^^^^^^^^^^^^^^^^^^^^^^^^^^^^^^^^^
  File "/usr/local/lib/python3.12/site-packages/redis/client.py", line 555, in _disconnect_raise
    raise error
  File "/usr/local/lib/python3.12/site-packages/redis/retry.py", line 62, in call_with_retry
    return do()
           ^^^^
  File "/usr/local/lib/python3.12/site-packages/redis/client.py", line 568, in <lambda>
    lambda: self._send_command_parse_response(
            ^^^^^^^^^^^^^^^^^^^^^^^^^^^^^^^^^^
  File "/usr/local/lib/python3.12/site-packages/redis/client.py", line 542, in _send_command_parse_response
    return self.parse_response(conn, command_name, **options)
           ^^^^^^^^^^^^^^^^^^^^^^^^^^^^^^^^^^^^^^^^^^^^^^^^^^
  File "/usr/local/lib/python3.12/site-packages/redis/client.py", line 584, in parse_response
    response = connection.read_response()
               ^^^^^^^^^^^^^^^^^^^^^^^^^^
  File "/usr/local/lib/python3.12/site-packages/redis/connection.py", line 592, in read_response
    response = self._parser.read_response(disable_decoding=disable_decoding)
               ^^^^^^^^^^^^^^^^^^^^^^^^^^^^^^^^^^^^^^^^^^^^^^^^^^^^^^^^^^^^^
  File "/usr/local/lib/python3.12/site-packages/redis/_parsers/resp2.py", line 15, in read_response
    result = self._read_response(disable_decoding=disable_decoding)
             ^^^^^^^^^^^^^^^^^^^^^^^^^^^^^^^^^^^^^^^^^^^^^^^^^^^^^^
  File "/usr/local/lib/python3.12/site-packages/redis/_parsers/resp2.py", line 25, in _read_response
    raw = self._buffer.readline()
          ^^^^^^^^^^^^^^^^^^^^^^^
  File "/usr/local/lib/python3.12/site-packages/redis/_parsers/socket.py", line 115, in readline
    self._read_from_socket()
  File "/usr/local/lib/python3.12/site-packages/redis/_parsers/socket.py", line 68, in _read_from_socket
    raise ConnectionError(SERVER_CLOSED_CONNECTION_ERROR)
redis.exceptions.ConnectionError: Connection closed by server.
[2025-07-05 18:50:33,522: WARNING/MainProcess] /usr/local/lib/python3.12/site-packages/celery/worker/consumer/consumer.py:386: CPendingDeprecationWarning: 
In Celery 5.1 we introduced an optional breaking change which
on connection loss cancels all currently executed tasks with late acknowledgement enabled.
These tasks cannot be acknowledged as the connection is gone, and the tasks are automatically redelivered
back to the queue. You can enable this behavior using the worker_cancel_long_running_tasks_on_connection_loss
setting. In Celery 5.1 it is set to False by default. The setting will be set to True by default in Celery 6.0.

  warnings.warn(CANCEL_TASKS_BY_DEFAULT, CPendingDeprecationWarning)

[2025-07-05 18:50:33,524: INFO/MainProcess] Temporarily reducing the prefetch count to 4 to avoid over-fetching since 19 tasks are currently being processed.
The prefetch count will be gradually restored to 16 as the tasks complete processing.
[2025-07-05 18:50:59,403: INFO/MainProcess] Connected to redis://default:**@168.231.112.236:6379//
[2025-07-05 18:51:02,205: INFO/MainProcess] mingle: searching for neighbors
[2025-07-05 18:51:31,300: INFO/MainProcess] mingle: sync with 2 nodes
[2025-07-05 18:51:31,300: INFO/MainProcess] mingle: sync complete
[2025-07-05 18:51:37,135: INFO/ForkPoolWorker-4] Fetching audios to process
[2025-07-05 18:51:37,712: INFO/MainProcess] Task apps.gallery.tasks.process_audio[aeca2fc0-be36-4cae-8c00-891398fe531c] received
[2025-07-05 18:51:38,299: INFO/MainProcess] Task apps.gallery.tasks.populate_unsplash_images[5376f216-c226-49a5-9b9d-75ca2f4513ea] received
[2025-07-05 18:51:38,504: INFO/ForkPoolWorker-2] Fetching unsplash images to process
[2025-07-05 18:51:38,504: INFO/ForkPoolWorker-2] Starting Unsplash to gcs uploader job at 2025-07-05T18:51:38.504114
[2025-07-05 18:51:38,504: INFO/ForkPoolWorker-2] Using 6 search queries: nature, people, food, travel, architecture, animals
[2025-07-05 18:51:38,807: INFO/ForkPoolWorker-4] No audio files to process
[2025-07-05 18:51:39,014: INFO/ForkPoolWorker-4] Task apps.gallery.tasks.process_audio[3e0d888f-d288-4631-a355-bef30e977126] succeeded in 1.8786572919998434s: None
[2025-07-05 18:51:39,014: INFO/ForkPoolWorker-4] Fetching audios to process
[2025-07-05 18:51:39,101: INFO/MainProcess] Task apps.gallery.tasks.process_audio[707631dd-5522-4d1d-b3aa-1bdc4b9c150b] received
[2025-07-05 18:51:40,199: INFO/MainProcess] Task apps.gallery.tasks.populate_unsplash_images[ed936fe6-4fca-4f92-997d-da47325c8172] received
[2025-07-05 18:51:40,404: INFO/MainProcess] Resuming normal operations following a restart.
Prefetch count has been restored to the maximum of 16
[2025-07-05 18:51:40,405: INFO/ForkPoolWorker-3] Fetching unsplash images to process
[2025-07-05 18:51:40,405: INFO/ForkPoolWorker-3] Starting Unsplash to gcs uploader job at 2025-07-05T18:51:40.405140
[2025-07-05 18:51:40,405: INFO/ForkPoolWorker-3] Using 6 search queries: nature, people, food, travel, architecture, animals
[2025-07-05 18:51:40,710: INFO/ForkPoolWorker-4] No audio files to process
[2025-07-05 18:51:41,000: INFO/MainProcess] Task apps.gallery.tasks.process_audio[d2aadc4f-0337-4425-bad6-cbf4e809f851] received
[2025-07-05 18:51:41,102: INFO/ForkPoolWorker-4] Task apps.gallery.tasks.process_audio[aeca2fc0-be36-4cae-8c00-891398fe531c] succeeded in 2.0872999459970742s: None
[2025-07-05 18:51:41,103: INFO/ForkPoolWorker-4] Fetching audios to process
[2025-07-05 18:51:41,800: INFO/MainProcess] Task apps.gallery.tasks.populate_unsplash_images[4f67e871-fe4a-443c-b901-9a5db0704f1f] received
[2025-07-05 18:51:42,805: INFO/MainProcess] Task apps.gallery.tasks.process_audio[36315536-94a0-461a-835e-aac56bc42fc9] received
[2025-07-05 18:51:43,402: INFO/ForkPoolWorker-4] No audio files to process
[2025-07-05 18:51:43,402: INFO/MainProcess] Task apps.gallery.tasks.populate_unsplash_images[12a619dc-ea00-4344-b887-31e0fd964b20] received
[2025-07-05 18:51:43,804: INFO/ForkPoolWorker-4] Task apps.gallery.tasks.process_audio[707631dd-5522-4d1d-b3aa-1bdc4b9c150b] succeeded in 2.701781243998994s: None
[2025-07-05 18:51:43,805: INFO/ForkPoolWorker-4] Fetching audios to process
[2025-07-05 18:51:44,000: INFO/MainProcess] Task apps.gallery.tasks.process_audio[a644503b-78b0-45f8-8804-5a5dd5cf26a0] received
[2025-07-05 18:51:44,602: INFO/MainProcess] Task apps.gallery.tasks.populate_unsplash_images[7e48c20a-0936-424e-84c5-8b40e57b5adf] received
[2025-07-05 18:51:45,404: INFO/ForkPoolWorker-4] No audio files to process
[2025-07-05 18:51:45,600: ERROR/MainProcess] Received unregistered task of type 'apps.gallery.tasks.generate_metadata'.
The message has been ignored and discarded.

Did you remember to import the module containing this task?
Or maybe you're using relative imports?

Please see
https://docs.celeryq.dev/en/latest/internals/protocol.html
for more information.

The full contents of the message body was:
b'[[], {}, {"callbacks": null, "errbacks": null, "chain": null, "chord": null}]' (77b)

The full contents of the message headers:
{'lang': 'py', 'task': 'apps.gallery.tasks.generate_metadata', 'id': 'ec370449-6201-4ddc-9afd-9002a2aff3ac', 'shadow': None, 'eta': None, 'expires': None, 'group': None, 'group_index': None, 'retries': 0, 'timelimit': [None, None], 'root_id': 'ec370449-6201-4ddc-9afd-9002a2aff3ac', 'parent_id': None, 'argsrepr': '()', 'kwargsrepr': '{}', 'origin': 'gen7@63f692d7cb61', 'ignore_result': False, 'stamped_headers': None, 'stamps': {}}

The delivery info for this task is:
{'exchange': '', 'routing_key': 'celery'}
Traceback (most recent call last):
  File "/usr/local/lib/python3.12/site-packages/celery/worker/consumer/consumer.py", line 642, in on_task_received
    strategy = strategies[type_]
               ~~~~~~~~~~^^^^^^^
KeyError: 'apps.gallery.tasks.generate_metadata'
[2025-07-05 18:51:45,812: INFO/ForkPoolWorker-4] Task apps.gallery.tasks.process_audio[d2aadc4f-0337-4425-bad6-cbf4e809f851] succeeded in 2.0072571909986436s: None
[2025-07-05 18:51:45,813: INFO/ForkPoolWorker-4] Fetching unsplash images to process
[2025-07-05 18:51:45,813: INFO/ForkPoolWorker-4] Starting Unsplash to gcs uploader job at 2025-07-05T18:51:45.813715
[2025-07-05 18:51:45,813: INFO/ForkPoolWorker-4] Using 6 search queries: nature, people, food, travel, architecture, animals
[2025-07-05 18:51:48,003: INFO/MainProcess] Task apps.gallery.tasks.process_audio[97d551af-ff41-4fd0-afbd-55ca4186eb5f] received
[2025-07-05 18:51:48,801: INFO/MainProcess] Task apps.gallery.tasks.populate_unsplash_images[893ed0cf-e66f-4365-9625-bffea203047a] received
[2025-07-05 18:51:49,401: INFO/MainProcess] Task apps.gallery.tasks.process_audio[568136fb-f36e-406b-88e7-9ce48bcfd152] received
[2025-07-05 18:51:50,500: INFO/MainProcess] Task apps.gallery.tasks.populate_unsplash_images[6ebcac4f-bd10-4238-9718-85b808645bee] received
[2025-07-05 18:51:51,100: INFO/MainProcess] Task apps.gallery.tasks.process_audio[b1035409-9295-4b00-8ded-27e583bf19fd] received
[2025-07-05 18:51:51,900: INFO/MainProcess] Task apps.gallery.tasks.populate_unsplash_images[be28b1dc-a686-4ff3-89d9-18e953d95160] received
[2025-07-05 18:51:52,699: INFO/MainProcess] Task apps.gallery.tasks.process_audio[1347d329-e6e9-4a8e-900b-9cacee08e740] received
[2025-07-05 18:51:53,301: INFO/MainProcess] Task apps.gallery.tasks.populate_unsplash_images[56d545ba-0118-47ac-8161-e0f505f08300] received
[2025-07-05 18:51:54,000: INFO/MainProcess] Task apps.gallery.tasks.process_audio[5cfec76b-457f-4714-b4fe-82bebce8b941] received
[2025-07-05 18:51:54,805: INFO/MainProcess] Task apps.gallery.tasks.populate_unsplash_images[8e702f9c-5456-49b7-a2bc-c47bc3427107] received
[2025-07-05 18:51:55,400: INFO/MainProcess] Task apps.gallery.tasks.process_audio[efa3c645-3c0f-4308-99e9-959a19a0eb11] received
[2025-07-05 18:51:56,000: INFO/MainProcess] Task apps.gallery.tasks.populate_unsplash_images[8cdcb530-23f9-4151-b935-df20dac9f804] received
[2025-07-05 18:53:49,697: INFO/ForkPoolWorker-3] Task apps.gallery.tasks.populate_unsplash_images[ed936fe6-4fca-4f92-997d-da47325c8172] succeeded in 129.29855778800265s: None
[2025-07-05 18:53:49,902: INFO/ForkPoolWorker-3] Fetching unsplash images to process
[2025-07-05 18:53:49,903: INFO/ForkPoolWorker-3] Starting Unsplash to gcs uploader job at 2025-07-05T18:53:49.902981
[2025-07-05 18:53:49,903: INFO/ForkPoolWorker-3] Using 6 search queries: nature, people, food, travel, architecture, animals
[2025-07-05 18:53:49,998: INFO/ForkPoolWorker-2] Task apps.gallery.tasks.populate_unsplash_images[5376f216-c226-49a5-9b9d-75ca2f4513ea] succeeded in 131.49981294600002s: None
[2025-07-05 18:53:51,397: INFO/MainProcess] Task apps.gallery.tasks.process_audio[c1bce69c-fe2f-4d52-ac7c-c14735f62cc3] received
[2025-07-05 18:53:51,399: INFO/ForkPoolWorker-2] Fetching audios to process
[2025-07-05 18:53:52,597: INFO/MainProcess] Task apps.gallery.tasks.populate_unsplash_images[20cc30f6-af97-42ec-838a-925c44ef1f29] received
[2025-07-05 18:53:52,906: INFO/ForkPoolWorker-2] No audio files to process
[2025-07-05 18:53:53,298: INFO/ForkPoolWorker-2] Task apps.gallery.tasks.process_audio[a644503b-78b0-45f8-8804-5a5dd5cf26a0] succeeded in 1.8991237850023026s: None
[2025-07-05 18:53:53,601: INFO/ForkPoolWorker-2] Fetching unsplash images to process
[2025-07-05 18:53:53,601: INFO/ForkPoolWorker-2] Starting Unsplash to gcs uploader job at 2025-07-05T18:53:53.601606
[2025-07-05 18:53:53,601: INFO/ForkPoolWorker-2] Using 6 search queries: nature, people, food, travel, architecture, animals
[2025-07-05 18:53:54,297: INFO/ForkPoolWorker-4] Task apps.gallery.tasks.populate_unsplash_images[4f67e871-fe4a-443c-b901-9a5db0704f1f] succeeded in 128.48965690600016s: None
[2025-07-05 18:53:54,300: INFO/ForkPoolWorker-4] Fetching audios to process
[2025-07-05 18:53:54,396: INFO/MainProcess] Task apps.gallery.tasks.process_audio[e7e226e0-0a83-4515-8ebf-064f2fa24072] received
[2025-07-05 18:53:55,599: INFO/MainProcess] Task apps.gallery.tasks.populate_unsplash_images[44a1d1b2-d651-4532-abb2-dd592e2e6245] received
[2025-07-05 18:53:56,200: INFO/ForkPoolWorker-4] No audio files to process
[2025-07-05 18:53:56,698: INFO/ForkPoolWorker-4] Task apps.gallery.tasks.process_audio[36315536-94a0-461a-835e-aac56bc42fc9] succeeded in 2.398408639997797s: None
[2025-07-05 18:53:56,700: INFO/ForkPoolWorker-4] Fetching audios to process
[2025-07-05 18:53:57,797: INFO/MainProcess] Task apps.gallery.tasks.process_audio[5f001542-1059-4f93-b5b5-a47c8aff67cd] received
[2025-07-05 18:53:58,699: INFO/ForkPoolWorker-4] No audio files to process
[2025-07-05 18:53:59,097: INFO/ForkPoolWorker-4] Task apps.gallery.tasks.process_audio[97d551af-ff41-4fd0-afbd-55ca4186eb5f] succeeded in 2.397449162999692s: None
[2025-07-05 18:53:59,098: INFO/ForkPoolWorker-4] Fetching unsplash images to process
[2025-07-05 18:53:59,098: INFO/ForkPoolWorker-4] Starting Unsplash to gcs uploader job at 2025-07-05T18:53:59.098370
[2025-07-05 18:53:59,098: INFO/ForkPoolWorker-4] Using 6 search queries: nature, people, food, travel, architecture, animals
[2025-07-05 18:54:00,097: INFO/MainProcess] Task apps.gallery.tasks.populate_unsplash_images[5469d824-b216-4464-8a2b-42885313eaa7] received
[2025-07-05 18:55:50,095: INFO/ForkPoolWorker-3] Task apps.gallery.tasks.populate_unsplash_images[12a619dc-ea00-4344-b887-31e0fd964b20] succeeded in 120.19830744800129s: None
[2025-07-05 18:55:50,499: INFO/ForkPoolWorker-3] Fetching unsplash images to process
[2025-07-05 18:55:50,499: INFO/ForkPoolWorker-3] Starting Unsplash to gcs uploader job at 2025-07-05T18:55:50.499328
[2025-07-05 18:55:50,499: INFO/ForkPoolWorker-3] Using 6 search queries: nature, people, food, travel, architecture, animals
[2025-07-05 18:55:51,794: INFO/MainProcess] Task apps.gallery.tasks.process_audio[d58b1e89-2942-4f70-ab4c-00d0913665b2] received
[2025-07-05 18:55:53,996: INFO/ForkPoolWorker-2] Task apps.gallery.tasks.populate_unsplash_images[7e48c20a-0936-424e-84c5-8b40e57b5adf] succeeded in 120.39984638799797s: None
[2025-07-05 18:55:54,199: INFO/ForkPoolWorker-2] Fetching audios to process
[2025-07-05 18:55:55,198: ERROR/MainProcess] Received unregistered task of type 'apps.gallery.tasks.generate_metadata'.
The message has been ignored and discarded.

Did you remember to import the module containing this task?
Or maybe you're using relative imports?

Please see
https://docs.celeryq.dev/en/latest/internals/protocol.html
for more information.

The full contents of the message body was:
b'[[], {}, {"callbacks": null, "errbacks": null, "chain": null, "chord": null}]' (77b)

The full contents of the message headers:
{'lang': 'py', 'task': 'apps.gallery.tasks.generate_metadata', 'id': '07e73b4a-ad25-41ee-9e18-c7e140f50522', 'shadow': None, 'eta': None, 'expires': None, 'group': None, 'group_index': None, 'retries': 0, 'timelimit': [None, None], 'root_id': '07e73b4a-ad25-41ee-9e18-c7e140f50522', 'parent_id': None, 'argsrepr': '()', 'kwargsrepr': '{}', 'origin': 'gen7@63f692d7cb61', 'ignore_result': False, 'stamped_headers': None, 'stamps': {}}

The delivery info for this task is:
{'exchange': '', 'routing_key': 'celery'}
Traceback (most recent call last):
  File "/usr/local/lib/python3.12/site-packages/celery/worker/consumer/consumer.py", line 642, in on_task_received
    strategy = strategies[type_]
               ~~~~~~~~~~^^^^^^^
KeyError: 'apps.gallery.tasks.generate_metadata'
[2025-07-05 18:55:56,494: INFO/MainProcess] Task apps.gallery.tasks.populate_unsplash_images[9cbee5be-d9eb-4a09-b357-fb5ff7072433] received
[2025-07-05 18:55:56,607: INFO/ForkPoolWorker-2] No audio files to process
[2025-07-05 18:55:56,998: INFO/ForkPoolWorker-2] Task apps.gallery.tasks.process_audio[b1035409-9295-4b00-8ded-27e583bf19fd] succeeded in 2.799491591998958s: None
[2025-07-05 18:55:57,599: INFO/ForkPoolWorker-2] Fetching unsplash images to process
[2025-07-05 18:55:57,599: INFO/ForkPoolWorker-2] Starting Unsplash to gcs uploader job at 2025-07-05T18:55:57.599350
[2025-07-05 18:55:57,599: INFO/ForkPoolWorker-2] Using 6 search queries: nature, people, food, travel, architecture, animals
[2025-07-05 18:55:58,795: INFO/MainProcess] Task apps.gallery.tasks.process_audio[899912e2-3683-442f-b5c3-3029cfd46df3] received
[2025-07-05 18:55:59,795: INFO/ForkPoolWorker-4] Task apps.gallery.tasks.populate_unsplash_images[893ed0cf-e66f-4365-9625-bffea203047a] succeeded in 120.70239670199953s: None
[2025-07-05 18:55:59,796: INFO/ForkPoolWorker-4] Fetching audios to process
[2025-07-05 18:56:00,996: INFO/MainProcess] Task apps.gallery.tasks.populate_unsplash_images[df4f57a7-ee4b-4402-b59d-8f22a4e9a6c5] received
[2025-07-05 18:56:01,497: INFO/ForkPoolWorker-4] No audio files to process
[2025-07-05 18:56:01,895: INFO/ForkPoolWorker-4] Task apps.gallery.tasks.process_audio[568136fb-f36e-406b-88e7-9ce48bcfd152] succeeded in 2.0984791020018747s: None
[2025-07-05 18:56:01,895: INFO/ForkPoolWorker-4] Fetching audios to process
[2025-07-05 18:56:03,295: INFO/MainProcess] Task apps.gallery.tasks.populate_unsplash_images[ed707dec-f2c0-4938-9a8e-e98249422ebd] received
[2025-07-05 18:56:03,403: INFO/ForkPoolWorker-4] No audio files to process
[2025-07-05 18:56:03,894: INFO/ForkPoolWorker-4] Task apps.gallery.tasks.process_audio[1347d329-e6e9-4a8e-900b-9cacee08e740] succeeded in 1.9992340690005221s: None
[2025-07-05 18:56:03,895: INFO/ForkPoolWorker-4] Fetching unsplash images to process
[2025-07-05 18:56:03,895: INFO/ForkPoolWorker-4] Starting Unsplash to gcs uploader job at 2025-07-05T18:56:03.895936
[2025-07-05 18:56:03,895: INFO/ForkPoolWorker-4] Using 6 search queries: nature, people, food, travel, architecture, animals
[2025-07-05 18:56:05,194: INFO/MainProcess] Task apps.gallery.tasks.populate_unsplash_images[4fa87011-69cf-415c-924f-3d2fb09eb41e] received
[2025-07-05 18:57:51,293: INFO/ForkPoolWorker-3] Task apps.gallery.tasks.populate_unsplash_images[6ebcac4f-bd10-4238-9718-85b808645bee] succeeded in 120.79959825500191s: None
[2025-07-05 18:57:51,498: INFO/ForkPoolWorker-3] Fetching unsplash images to process
[2025-07-05 18:57:51,498: INFO/ForkPoolWorker-3] Starting Unsplash to gcs uploader job at 2025-07-05T18:57:51.498878
[2025-07-05 18:57:51,498: INFO/ForkPoolWorker-3] Using 6 search queries: nature, people, food, travel, architecture, animals
[2025-07-05 18:57:53,193: INFO/MainProcess] Task apps.gallery.tasks.process_audio[03897412-4e6e-4f1c-b4aa-27ed650f1636] received
[2025-07-05 18:57:56,896: INFO/ForkPoolWorker-2] Task apps.gallery.tasks.populate_unsplash_images[be28b1dc-a686-4ff3-89d9-18e953d95160] succeeded in 119.30227685600039s: None
[2025-07-05 18:57:57,096: INFO/ForkPoolWorker-2] Fetching audios to process
[2025-07-05 18:57:58,092: INFO/MainProcess] Task apps.gallery.tasks.populate_unsplash_images[6094df31-4d55-46b9-9157-c2286dd8bd39] received
[2025-07-05 18:57:59,500: INFO/ForkPoolWorker-2] No audio files to process
[2025-07-05 18:58:00,095: INFO/ForkPoolWorker-2] Task apps.gallery.tasks.process_audio[efa3c645-3c0f-4308-99e9-959a19a0eb11] succeeded in 2.99912024799778s: None
[2025-07-05 18:58:01,096: INFO/ForkPoolWorker-2] Fetching unsplash images to process
[2025-07-05 18:58:01,096: INFO/ForkPoolWorker-2] Starting Unsplash to gcs uploader job at 2025-07-05T18:58:01.096633
[2025-07-05 18:58:01,096: INFO/ForkPoolWorker-2] Using 6 search queries: nature, people, food, travel, architecture, animals
[2025-07-05 18:58:01,293: INFO/ForkPoolWorker-4] Task apps.gallery.tasks.populate_unsplash_images[56d545ba-0118-47ac-8161-e0f505f08300] succeeded in 117.40285126999879s: None
[2025-07-05 18:58:01,294: INFO/ForkPoolWorker-4] Fetching audios to process
[2025-07-05 18:58:01,994: INFO/MainProcess] Task apps.gallery.tasks.process_audio[a69342cd-62c2-4c94-a7b8-0368b75b58bf] received
[2025-07-05 18:58:02,893: ERROR/MainProcess] Received unregistered task of type 'apps.gallery.tasks.generate_metadata'.
The message has been ignored and discarded.

Did you remember to import the module containing this task?
Or maybe you're using relative imports?

Please see
https://docs.celeryq.dev/en/latest/internals/protocol.html
for more information.

The full contents of the message body was:
b'[[], {}, {"callbacks": null, "errbacks": null, "chain": null, "chord": null}]' (77b)

The full contents of the message headers:
{'lang': 'py', 'task': 'apps.gallery.tasks.generate_metadata', 'id': '174e7c09-6c58-49b3-9691-b9ef26857453', 'shadow': None, 'eta': None, 'expires': None, 'group': None, 'group_index': None, 'retries': 0, 'timelimit': [None, None], 'root_id': '174e7c09-6c58-49b3-9691-b9ef26857453', 'parent_id': None, 'argsrepr': '()', 'kwargsrepr': '{}', 'origin': 'gen7@63f692d7cb61', 'ignore_result': False, 'stamped_headers': None, 'stamps': {}}

The delivery info for this task is:
{'exchange': '', 'routing_key': 'celery'}
Traceback (most recent call last):
  File "/usr/local/lib/python3.12/site-packages/celery/worker/consumer/consumer.py", line 642, in on_task_received
    strategy = strategies[type_]
               ~~~~~~~~~~^^^^^^^
KeyError: 'apps.gallery.tasks.generate_metadata'
[2025-07-05 18:58:03,903: INFO/ForkPoolWorker-4] No audio files to process
[2025-07-05 18:58:04,292: INFO/ForkPoolWorker-4] Task apps.gallery.tasks.process_audio[5cfec76b-457f-4714-b4fe-82bebce8b941] succeeded in 2.9977074719972734s: None
[2025-07-05 18:58:04,293: INFO/ForkPoolWorker-4] Fetching audios to process
[2025-07-05 18:58:04,692: INFO/MainProcess] Task apps.gallery.tasks.populate_unsplash_images[27d98874-aa4a-46a8-9492-35838359d3cd] received
[2025-07-05 18:58:05,694: INFO/MainProcess] Task apps.gallery.tasks.process_audio[4c472f47-e6c7-4a46-97c1-dfc96fbbf104] received
[2025-07-05 18:58:06,701: INFO/ForkPoolWorker-4] No audio files to process
[2025-07-05 18:58:07,092: INFO/ForkPoolWorker-4] Task apps.gallery.tasks.process_audio[c1bce69c-fe2f-4d52-ac7c-c14735f62cc3] succeeded in 2.79911229299978s: None
[2025-07-05 18:58:07,093: INFO/ForkPoolWorker-4] Fetching unsplash images to process
[2025-07-05 18:58:07,093: INFO/ForkPoolWorker-4] Starting Unsplash to gcs uploader job at 2025-07-05T18:58:07.093415
[2025-07-05 18:58:07,093: INFO/ForkPoolWorker-4] Using 6 search queries: nature, people, food, travel, architecture, animals
[2025-07-05 18:58:08,393: INFO/MainProcess] Task apps.gallery.tasks.populate_unsplash_images[6b2d7de6-d168-4a92-92f7-7d8652f3c4ea] received
[2025-07-05 18:59:53,490: INFO/ForkPoolWorker-3] Task apps.gallery.tasks.populate_unsplash_images[8e702f9c-5456-49b7-a2bc-c47bc3427107] succeeded in 121.99647998399814s: None
[2025-07-05 18:59:53,995: INFO/ForkPoolWorker-3] Fetching unsplash images to process
[2025-07-05 18:59:53,995: INFO/ForkPoolWorker-3] Starting Unsplash to gcs uploader job at 2025-07-05T18:59:53.995650
[2025-07-05 18:59:53,995: INFO/ForkPoolWorker-3] Using 6 search queries: nature, people, food, travel, architecture, animals
[2025-07-05 18:59:55,091: INFO/MainProcess] Task apps.gallery.tasks.process_audio[205ad2ee-52d5-4ccb-ba56-cdb10159c26a] received
[2025-07-05 19:00:02,504: INFO/ForkPoolWorker-2] Task apps.gallery.tasks.populate_unsplash_images[8cdcb530-23f9-4151-b935-df20dac9f804] succeeded in 121.41316554399964s: None
[2025-07-05 19:00:02,895: INFO/ForkPoolWorker-2] Fetching audios to process
[2025-07-05 19:00:03,793: INFO/MainProcess] Task apps.gallery.tasks.process_audio[0eead8a0-6317-451a-b1d0-7bfd19318608] received
[2025-07-05 19:00:05,496: INFO/ForkPoolWorker-2] No audio files to process
[2025-07-05 19:00:05,903: INFO/ForkPoolWorker-2] Task apps.gallery.tasks.process_audio[5f001542-1059-4f93-b5b5-a47c8aff67cd] succeeded in 3.008618060997833s: None
[2025-07-05 19:00:06,194: INFO/ForkPoolWorker-2] Fetching unsplash images to process
[2025-07-05 19:00:06,194: INFO/ForkPoolWorker-2] Starting Unsplash to gcs uploader job at 2025-07-05T19:00:06.194137
[2025-07-05 19:00:06,194: INFO/ForkPoolWorker-2] Using 6 search queries: nature, people, food, travel, architecture, animals
[2025-07-05 19:00:06,994: INFO/MainProcess] Task apps.gallery.tasks.process_audio[21cba160-9e80-4d2c-95a4-e915126403dc] received
[2025-07-05 19:00:09,290: INFO/ForkPoolWorker-4] Task apps.gallery.tasks.populate_unsplash_images[20cc30f6-af97-42ec-838a-925c44ef1f29] succeeded in 122.2029308860001s: None
[2025-07-05 19:00:09,291: INFO/ForkPoolWorker-4] Fetching audios to process
[2025-07-05 19:00:10,490: INFO/MainProcess] Task apps.gallery.tasks.populate_unsplash_images[f22c5f0c-f445-45a2-badb-c51b24dc69fe] received
[2025-07-05 19:00:11,592: INFO/ForkPoolWorker-4] No audio files to process
[2025-07-05 19:00:11,989: INFO/ForkPoolWorker-4] Task apps.gallery.tasks.process_audio[e7e226e0-0a83-4515-8ebf-064f2fa24072] succeeded in 2.6986194830024033s: None
[2025-07-05 19:00:11,990: INFO/ForkPoolWorker-4] Fetching audios to process
[2025-07-05 19:00:13,290: INFO/MainProcess] Task apps.gallery.tasks.process_audio[434afd36-ed7f-48db-9a2b-390404bb921e] received
[2025-07-05 19:00:14,390: INFO/ForkPoolWorker-4] No audio files to process
[2025-07-05 19:00:14,789: INFO/ForkPoolWorker-4] Task apps.gallery.tasks.process_audio[d58b1e89-2942-4f70-ab4c-00d0913665b2] succeeded in 2.79892990299777s: None
[2025-07-05 19:00:14,790: INFO/ForkPoolWorker-4] Fetching unsplash images to process
[2025-07-05 19:00:14,790: INFO/ForkPoolWorker-4] Starting Unsplash to gcs uploader job at 2025-07-05T19:00:14.790462
[2025-07-05 19:00:14,790: INFO/ForkPoolWorker-4] Using 6 search queries: nature, people, food, travel, architecture, animals
[2025-07-05 19:00:16,390: ERROR/MainProcess] Received unregistered task of type 'apps.gallery.tasks.generate_metadata'.
The message has been ignored and discarded.

Did you remember to import the module containing this task?
Or maybe you're using relative imports?

Please see
https://docs.celeryq.dev/en/latest/internals/protocol.html
for more information.

The full contents of the message body was:
b'[[], {}, {"callbacks": null, "errbacks": null, "chain": null, "chord": null}]' (77b)

The full contents of the message headers:
{'lang': 'py', 'task': 'apps.gallery.tasks.generate_metadata', 'id': '9e6d8e6d-3f29-4922-9768-02a120aa8321', 'shadow': None, 'eta': None, 'expires': None, 'group': None, 'group_index': None, 'retries': 0, 'timelimit': [None, None], 'root_id': '9e6d8e6d-3f29-4922-9768-02a120aa8321', 'parent_id': None, 'argsrepr': '()', 'kwargsrepr': '{}', 'origin': 'gen7@63f692d7cb61', 'ignore_result': False, 'stamped_headers': None, 'stamps': {}}

The delivery info for this task is:
{'exchange': '', 'routing_key': 'celery'}
Traceback (most recent call last):
  File "/usr/local/lib/python3.12/site-packages/celery/worker/consumer/consumer.py", line 642, in on_task_received
    strategy = strategies[type_]
               ~~~~~~~~~~^^^^^^^
KeyError: 'apps.gallery.tasks.generate_metadata'
[2025-07-05 19:00:17,889: INFO/MainProcess] Task apps.gallery.tasks.populate_unsplash_images[a58f8185-a6e1-4293-9e28-270d96dacf68] received
[2025-07-05 19:01:53,889: INFO/ForkPoolWorker-3] Task apps.gallery.tasks.populate_unsplash_images[44a1d1b2-d651-4532-abb2-dd592e2e6245] succeeded in 119.89914430300269s: None
[2025-07-05 19:01:54,392: INFO/ForkPoolWorker-3] Fetching unsplash images to process
[2025-07-05 19:01:54,392: INFO/ForkPoolWorker-3] Starting Unsplash to gcs uploader job at 2025-07-05T19:01:54.392565
[2025-07-05 19:01:54,392: INFO/ForkPoolWorker-3] Using 6 search queries: nature, people, food, travel, architecture, animals
[2025-07-05 19:01:55,688: INFO/MainProcess] Task apps.gallery.tasks.process_audio[6d5e3a4d-f2ce-486f-a7b8-a335ee58adf1] received
[2025-07-05 19:02:07,888: INFO/ForkPoolWorker-2] Task apps.gallery.tasks.populate_unsplash_images[5469d824-b216-4464-8a2b-42885313eaa7] succeeded in 121.7006979880025s: None
[2025-07-05 19:02:08,192: INFO/ForkPoolWorker-2] Fetching unsplash images to process
[2025-07-05 19:02:08,193: INFO/ForkPoolWorker-2] Starting Unsplash to gcs uploader job at 2025-07-05T19:02:08.193090
[2025-07-05 19:02:08,193: INFO/ForkPoolWorker-2] Using 6 search queries: nature, people, food, travel, architecture, animals
[2025-07-05 19:02:08,991: INFO/MainProcess] Task apps.gallery.tasks.populate_unsplash_images[1a635437-633c-4ef5-b564-d83cc08d2ff3] received
[2025-07-05 19:02:14,587: INFO/ForkPoolWorker-4] Task apps.gallery.tasks.populate_unsplash_images[9cbee5be-d9eb-4a09-b357-fb5ff7072433] succeeded in 119.80207815299946s: None
[2025-07-05 19:02:14,588: INFO/ForkPoolWorker-4] Fetching audios to process
[2025-07-05 19:02:15,787: INFO/MainProcess] Task apps.gallery.tasks.process_audio[a7bf47c6-1ec6-44a7-993f-22d4eb15bd61] received
[2025-07-05 19:02:16,786: INFO/ForkPoolWorker-4] No audio files to process
[2025-07-05 19:02:17,291: INFO/ForkPoolWorker-4] Task apps.gallery.tasks.process_audio[899912e2-3683-442f-b5c3-3029cfd46df3] succeeded in 2.703025943999819s: None
[2025-07-05 19:02:17,292: INFO/ForkPoolWorker-4] Fetching unsplash images to process
[2025-07-05 19:02:17,292: INFO/ForkPoolWorker-4] Starting Unsplash to gcs uploader job at 2025-07-05T19:02:17.292157
[2025-07-05 19:02:17,292: INFO/ForkPoolWorker-4] Using 6 search queries: nature, people, food, travel, architecture, animals
[2025-07-05 19:02:18,492: INFO/MainProcess] Task apps.gallery.tasks.populate_unsplash_images[9ac8bdb9-c7ee-4057-97df-0b0ecfc92cd9] received
[2025-07-05 19:03:52,086: INFO/ForkPoolWorker-3] Task apps.gallery.tasks.populate_unsplash_images[df4f57a7-ee4b-4402-b59d-8f22a4e9a6c5] succeeded in 117.6987496820002s: None
[2025-07-05 19:03:52,290: INFO/ForkPoolWorker-3] Fetching unsplash images to process
[2025-07-05 19:03:52,290: INFO/ForkPoolWorker-3] Starting Unsplash to gcs uploader job at 2025-07-05T19:03:52.290370
[2025-07-05 19:03:52,290: INFO/ForkPoolWorker-3] Using 6 search queries: nature, people, food, travel, architecture, animals
[2025-07-05 19:03:54,386: INFO/MainProcess] Task apps.gallery.tasks.process_audio[5f09790b-6cef-4d00-b0c1-ff6639dbaa2d] received
[2025-07-05 19:03:55,289: INFO/MainProcess] missed heartbeat from celery@838e3ebc3f56
[2025-07-05 19:04:09,286: INFO/ForkPoolWorker-2] Task apps.gallery.tasks.populate_unsplash_images[ed707dec-f2c0-4938-9a8e-e98249422ebd] succeeded in 121.09827072799817s: None
[2025-07-05 19:04:09,488: INFO/ForkPoolWorker-2] Fetching audios to process
[2025-07-05 19:04:10,284: INFO/MainProcess] Task apps.gallery.tasks.populate_unsplash_images[4c499f3e-becc-41fa-bd15-652775bbc12c] received
[2025-07-05 19:04:11,292: INFO/ForkPoolWorker-2] No audio files to process
[2025-07-05 19:04:11,786: INFO/ForkPoolWorker-2] Task apps.gallery.tasks.process_audio[a69342cd-62c2-4c94-a7b8-0368b75b58bf] succeeded in 2.2982604960016033s: None
[2025-07-05 19:04:11,988: INFO/ForkPoolWorker-2] Fetching unsplash images to process
[2025-07-05 19:04:11,988: INFO/ForkPoolWorker-2] Starting Unsplash to gcs uploader job at 2025-07-05T19:04:11.988703
[2025-07-05 19:04:11,988: INFO/ForkPoolWorker-2] Using 6 search queries: nature, people, food, travel, architecture, animals
[2025-07-05 19:04:12,883: INFO/MainProcess] Task apps.gallery.tasks.process_audio[21e4bfb3-6dde-4e42-a88d-ec65b6947476] received
[2025-07-05 19:04:17,584: INFO/ForkPoolWorker-4] Task apps.gallery.tasks.populate_unsplash_images[4fa87011-69cf-415c-924f-3d2fb09eb41e] succeeded in 120.29766298400136s: None
[2025-07-05 19:04:17,585: INFO/ForkPoolWorker-4] Fetching audios to process
[2025-07-05 19:04:18,885: INFO/MainProcess] Task apps.gallery.tasks.populate_unsplash_images[9db333dc-8143-44cb-8a29-a80b15b4b4f4] received
[2025-07-05 19:04:19,487: INFO/ForkPoolWorker-4] No audio files to process
[2025-07-05 19:04:19,986: INFO/ForkPoolWorker-4] Task apps.gallery.tasks.process_audio[03897412-4e6e-4f1c-b4aa-27ed650f1636] succeeded in 2.4002466259989887s: None
[2025-07-05 19:04:19,986: INFO/ForkPoolWorker-4] Fetching audios to process
[2025-07-05 19:04:21,583: INFO/MainProcess] Task apps.gallery.tasks.process_audio[7b069829-6eb2-4b3a-a4e0-0d838c0fdc25] received
[2025-07-05 19:04:21,901: INFO/ForkPoolWorker-4] No audio files to process
[2025-07-05 19:04:22,387: INFO/ForkPoolWorker-4] Task apps.gallery.tasks.process_audio[4c472f47-e6c7-4a46-97c1-dfc96fbbf104] succeeded in 2.4011357050003426s: None
[2025-07-05 19:04:22,388: INFO/ForkPoolWorker-4] Fetching unsplash images to process
[2025-07-05 19:04:22,388: INFO/ForkPoolWorker-4] Starting Unsplash to gcs uploader job at 2025-07-05T19:04:22.388957
[2025-07-05 19:04:22,389: INFO/ForkPoolWorker-4] Using 6 search queries: nature, people, food, travel, architecture, animals
[2025-07-05 19:04:23,585: INFO/MainProcess] Task apps.gallery.tasks.populate_unsplash_images[94c60471-b6a2-4c43-afce-a1220407f7a6] received
[2025-07-05 19:05:55,683: INFO/ForkPoolWorker-3] Task apps.gallery.tasks.populate_unsplash_images[6094df31-4d55-46b9-9157-c2286dd8bd39] succeeded in 123.3976531820008s: None
[2025-07-05 19:05:55,887: INFO/ForkPoolWorker-3] Fetching audios to process
[2025-07-05 19:05:57,382: INFO/MainProcess] Task apps.gallery.tasks.process_audio[8c2d638c-d309-4101-8a8c-af07babc76c1] received
[2025-07-05 19:05:57,586: INFO/ForkPoolWorker-3] No audio files to process
[2025-07-05 19:05:57,985: INFO/ForkPoolWorker-3] Task apps.gallery.tasks.process_audio[0eead8a0-6317-451a-b1d0-7bfd19318608] succeeded in 2.0974412750001648s: None
[2025-07-05 19:05:58,186: INFO/ForkPoolWorker-3] Fetching audios to process
[2025-07-05 19:05:59,082: ERROR/MainProcess] Received unregistered task of type 'apps.gallery.tasks.generate_metadata'.
The message has been ignored and discarded.

Did you remember to import the module containing this task?
Or maybe you're using relative imports?

Please see
https://docs.celeryq.dev/en/latest/internals/protocol.html
for more information.

The full contents of the message body was:
b'[[], {}, {"callbacks": null, "errbacks": null, "chain": null, "chord": null}]' (77b)

The full contents of the message headers:
{'lang': 'py', 'task': 'apps.gallery.tasks.generate_metadata', 'id': 'cb398797-78c8-408b-99b9-0a43d495b2a4', 'shadow': None, 'eta': None, 'expires': None, 'group': None, 'group_index': None, 'retries': 0, 'timelimit': [None, None], 'root_id': 'cb398797-78c8-408b-99b9-0a43d495b2a4', 'parent_id': None, 'argsrepr': '()', 'kwargsrepr': '{}', 'origin': 'gen7@63f692d7cb61', 'ignore_result': False, 'stamped_headers': None, 'stamps': {}}

The delivery info for this task is:
{'exchange': '', 'routing_key': 'celery'}
Traceback (most recent call last):
  File "/usr/local/lib/python3.12/site-packages/celery/worker/consumer/consumer.py", line 642, in on_task_received
    strategy = strategies[type_]
               ~~~~~~~~~~^^^^^^^
KeyError: 'apps.gallery.tasks.generate_metadata'
[2025-07-05 19:05:59,986: INFO/ForkPoolWorker-3] No audio files to process
[2025-07-05 19:06:00,383: INFO/ForkPoolWorker-3] Task apps.gallery.tasks.process_audio[21cba160-9e80-4d2c-95a4-e915126403dc] succeeded in 2.1966030039984616s: None
[2025-07-05 19:06:00,484: INFO/MainProcess] Task apps.gallery.tasks.populate_unsplash_images[416ae43d-7c0e-4d7d-96db-3bf37c37c0ed] received
[2025-07-05 19:06:00,891: INFO/ForkPoolWorker-3] Fetching unsplash images to process
[2025-07-05 19:06:00,891: INFO/ForkPoolWorker-3] Starting Unsplash to gcs uploader job at 2025-07-05T19:06:00.891453
[2025-07-05 19:06:00,891: INFO/ForkPoolWorker-3] Using 6 search queries: nature, people, food, travel, architecture, animals
[2025-07-05 19:06:01,883: INFO/MainProcess] Task apps.gallery.tasks.process_audio[06727ae4-d4ba-477a-8aa4-faa91dca5998] received
[2025-07-05 19:06:14,483: INFO/ForkPoolWorker-2] Task apps.gallery.tasks.populate_unsplash_images[27d98874-aa4a-46a8-9492-35838359d3cd] succeeded in 122.49986235800316s: None
[2025-07-05 19:06:14,688: INFO/ForkPoolWorker-2] Fetching audios to process
[2025-07-05 19:06:15,481: INFO/MainProcess] Task apps.gallery.tasks.populate_unsplash_images[7c3a382f-37ca-4d13-b500-2fef4a0f4bb5] received
[2025-07-05 19:06:16,898: INFO/ForkPoolWorker-2] No audio files to process
[2025-07-05 19:06:17,283: INFO/ForkPoolWorker-2] Task apps.gallery.tasks.process_audio[434afd36-ed7f-48db-9a2b-390404bb921e] succeeded in 2.5953443050020724s: None
[2025-07-05 19:06:17,485: INFO/ForkPoolWorker-2] Fetching unsplash images to process
[2025-07-05 19:06:17,486: INFO/ForkPoolWorker-2] Starting Unsplash to gcs uploader job at 2025-07-05T19:06:17.486010
[2025-07-05 19:06:17,486: INFO/ForkPoolWorker-2] Using 6 search queries: nature, people, food, travel, architecture, animals
[2025-07-05 19:06:18,382: INFO/MainProcess] Task apps.gallery.tasks.process_audio[a1445609-f8e9-4c80-b812-ac2118358efe] received
[2025-07-05 19:06:24,482: INFO/ForkPoolWorker-4] Task apps.gallery.tasks.populate_unsplash_images[6b2d7de6-d168-4a92-92f7-7d8652f3c4ea] succeeded in 122.09828619299878s: None
[2025-07-05 19:06:24,483: INFO/ForkPoolWorker-4] Fetching audios to process
[2025-07-05 19:06:25,682: INFO/MainProcess] Task apps.gallery.tasks.populate_unsplash_images[32d995f4-a885-4522-83be-df77c5b96cdb] received
[2025-07-05 19:06:27,299: INFO/ForkPoolWorker-4] No audio files to process
[2025-07-05 19:06:27,780: INFO/ForkPoolWorker-4] Task apps.gallery.tasks.process_audio[205ad2ee-52d5-4ccb-ba56-cdb10159c26a] succeeded in 3.297757054999238s: None
[2025-07-05 19:06:27,781: INFO/ForkPoolWorker-4] Fetching audios to process
[2025-07-05 19:06:29,081: INFO/MainProcess] Task apps.gallery.tasks.process_audio[2ab4edae-1001-4b9c-a2b6-29dd9b97d6fa] received
[2025-07-05 19:06:29,384: INFO/ForkPoolWorker-4] No audio files to process
[2025-07-05 19:06:29,985: INFO/ForkPoolWorker-4] Task apps.gallery.tasks.process_audio[6d5e3a4d-f2ce-486f-a7b8-a335ee58adf1] succeeded in 2.203806497000187s: None
[2025-07-05 19:06:29,986: INFO/ForkPoolWorker-4] Fetching unsplash images to process
[2025-07-05 19:06:29,986: INFO/ForkPoolWorker-4] Starting Unsplash to gcs uploader job at 2025-07-05T19:06:29.986417
[2025-07-05 19:06:29,986: INFO/ForkPoolWorker-4] Using 6 search queries: nature, people, food, travel, architecture, animals
[2025-07-05 19:06:31,483: INFO/MainProcess] Task apps.gallery.tasks.populate_unsplash_images[c4c2d16a-379e-4625-a730-b4008d2ac185] received
[2025-07-05 19:08:02,983: INFO/ForkPoolWorker-3] Task apps.gallery.tasks.populate_unsplash_images[f22c5f0c-f445-45a2-badb-c51b24dc69fe] succeeded in 122.09678580699983s: None
[2025-07-05 19:08:03,185: INFO/ForkPoolWorker-3] Fetching unsplash images to process
[2025-07-05 19:08:03,185: INFO/ForkPoolWorker-3] Starting Unsplash to gcs uploader job at 2025-07-05T19:08:03.185389
[2025-07-05 19:08:03,185: INFO/ForkPoolWorker-3] Using 6 search queries: nature, people, food, travel, architecture, animals
[2025-07-05 19:08:04,380: INFO/MainProcess] Task apps.gallery.tasks.process_audio[211fbf67-2765-44fa-a37f-d47a44d691cf] received
[2025-07-05 19:08:20,382: INFO/ForkPoolWorker-2] Task apps.gallery.tasks.populate_unsplash_images[a58f8185-a6e1-4293-9e28-270d96dacf68] succeeded in 122.90091664699867s: None
[2025-07-05 19:08:20,586: INFO/ForkPoolWorker-2] Fetching audios to process
[2025-07-05 19:08:21,483: ERROR/MainProcess] Received unregistered task of type 'apps.gallery.tasks.generate_metadata'.
The message has been ignored and discarded.

Did you remember to import the module containing this task?
Or maybe you're using relative imports?

Please see
https://docs.celeryq.dev/en/latest/internals/protocol.html
for more information.

The full contents of the message body was:
b'[[], {}, {"callbacks": null, "errbacks": null, "chain": null, "chord": null}]' (77b)

The full contents of the message headers:
{'lang': 'py', 'task': 'apps.gallery.tasks.generate_metadata', 'id': '77861ccb-fbf7-48db-b75c-81f38644a5a6', 'shadow': None, 'eta': None, 'expires': None, 'group': None, 'group_index': None, 'retries': 0, 'timelimit': [None, None], 'root_id': '77861ccb-fbf7-48db-b75c-81f38644a5a6', 'parent_id': None, 'argsrepr': '()', 'kwargsrepr': '{}', 'origin': 'gen7@63f692d7cb61', 'ignore_result': False, 'stamped_headers': None, 'stamps': {}}

The delivery info for this task is:
{'exchange': '', 'routing_key': 'celery'}
Traceback (most recent call last):
  File "/usr/local/lib/python3.12/site-packages/celery/worker/consumer/consumer.py", line 642, in on_task_received
    strategy = strategies[type_]
               ~~~~~~~~~~^^^^^^^
KeyError: 'apps.gallery.tasks.generate_metadata'
[2025-07-05 19:08:22,281: INFO/ForkPoolWorker-2] No audio files to process
[2025-07-05 19:08:22,681: INFO/ForkPoolWorker-2] Task apps.gallery.tasks.process_audio[5f09790b-6cef-4d00-b0c1-ff6639dbaa2d] succeeded in 2.0957072170022s: None
[2025-07-05 19:08:23,084: INFO/MainProcess] Task apps.gallery.tasks.populate_unsplash_images[6ba79bd6-b529-479d-b01d-ff34a2e52550] received
[2025-07-05 19:08:23,085: INFO/ForkPoolWorker-2] Fetching unsplash images to process
[2025-07-05 19:08:23,085: INFO/ForkPoolWorker-2] Starting Unsplash to gcs uploader job at 2025-07-05T19:08:23.085291
[2025-07-05 19:08:23,085: INFO/ForkPoolWorker-2] Using 6 search queries: nature, people, food, travel, architecture, animals
[2025-07-05 19:08:24,681: INFO/MainProcess] Task apps.gallery.tasks.process_audio[847f9c3c-c599-40a2-b215-ad684de8f047] received
[2025-07-05 19:08:29,582: INFO/ForkPoolWorker-4] Task apps.gallery.tasks.populate_unsplash_images[1a635437-633c-4ef5-b564-d83cc08d2ff3] succeeded in 119.60076126599961s: None
[2025-07-05 19:08:29,583: INFO/ForkPoolWorker-4] Fetching audios to process
[2025-07-05 19:08:31,283: INFO/MainProcess] Task apps.gallery.tasks.process_audio[3d36a5b5-9b0e-4a92-b7e8-1180e109fa01] received
[2025-07-05 19:08:31,783: INFO/ForkPoolWorker-4] No audio files to process
[2025-07-05 19:08:32,280: INFO/ForkPoolWorker-4] Task apps.gallery.tasks.process_audio[a7bf47c6-1ec6-44a7-993f-22d4eb15bd61] succeeded in 2.697041380997689s: None
[2025-07-05 19:08:32,281: INFO/ForkPoolWorker-4] Fetching audios to process
[2025-07-05 19:08:33,380: INFO/MainProcess] Task apps.gallery.tasks.populate_unsplash_images[4cfdae86-05d0-40c0-8c98-88c1067b76d6] received
[2025-07-05 19:08:34,486: INFO/ForkPoolWorker-4] No audio files to process
[2025-07-05 19:08:34,980: INFO/ForkPoolWorker-4] Task apps.gallery.tasks.process_audio[21e4bfb3-6dde-4e42-a88d-ec65b6947476] succeeded in 2.699102517002757s: None
[2025-07-05 19:08:34,981: INFO/ForkPoolWorker-4] Fetching unsplash images to process
[2025-07-05 19:08:34,981: INFO/ForkPoolWorker-4] Starting Unsplash to gcs uploader job at 2025-07-05T19:08:34.981189
[2025-07-05 19:08:34,981: INFO/ForkPoolWorker-4] Using 6 search queries: nature, people, food, travel, architecture, animals
[2025-07-05 19:08:35,981: INFO/MainProcess] Task apps.gallery.tasks.process_audio[e0a8aab6-d56d-4384-a43b-03f2a476dc8e] received
[2025-07-05 19:10:04,379: INFO/ForkPoolWorker-3] Task apps.gallery.tasks.populate_unsplash_images[9ac8bdb9-c7ee-4057-97df-0b0ecfc92cd9] succeeded in 121.19936195500122s: None
[2025-07-05 19:10:04,584: INFO/ForkPoolWorker-3] Fetching unsplash images to process
[2025-07-05 19:10:04,584: INFO/ForkPoolWorker-3] Starting Unsplash to gcs uploader job at 2025-07-05T19:10:04.584796
[2025-07-05 19:10:04,584: INFO/ForkPoolWorker-3] Using 6 search queries: nature, people, food, travel, architecture, animals
[2025-07-05 19:10:05,978: INFO/MainProcess] Task apps.gallery.tasks.populate_unsplash_images[e639317e-b1b7-46cc-b367-2e4281a45812] received
[2025-07-05 19:10:25,279: INFO/ForkPoolWorker-2] Task apps.gallery.tasks.populate_unsplash_images[4c499f3e-becc-41fa-bd15-652775bbc12c] succeeded in 122.19970300400018s: None
[2025-07-05 19:10:25,481: INFO/ForkPoolWorker-2] Fetching audios to process
[2025-07-05 19:10:26,377: INFO/MainProcess] Task apps.gallery.tasks.populate_unsplash_images[67bbfdb7-83ce-4624-af7d-a251560ae658] received
[2025-07-05 19:10:27,479: INFO/ForkPoolWorker-2] No audio files to process
[2025-07-05 19:10:27,880: INFO/ForkPoolWorker-2] Task apps.gallery.tasks.process_audio[8c2d638c-d309-4101-8a8c-af07babc76c1] succeeded in 2.3990354210000078s: None
[2025-07-05 19:10:28,181: INFO/ForkPoolWorker-2] Fetching unsplash images to process
[2025-07-05 19:10:28,181: INFO/ForkPoolWorker-2] Starting Unsplash to gcs uploader job at 2025-07-05T19:10:28.181664
[2025-07-05 19:10:28,181: INFO/ForkPoolWorker-2] Using 6 search queries: nature, people, food, travel, architecture, animals
[2025-07-05 19:10:29,282: INFO/MainProcess] Task apps.gallery.tasks.process_audio[308f6648-1b06-4f39-b47e-458b3397156b] received
[2025-07-05 19:10:38,775: INFO/ForkPoolWorker-4] Task apps.gallery.tasks.populate_unsplash_images[9db333dc-8143-44cb-8a29-a80b15b4b4f4] succeeded in 123.80104103600024s: None
[2025-07-05 19:10:38,776: INFO/ForkPoolWorker-4] Fetching audios to process
[2025-07-05 19:10:39,877: INFO/MainProcess] Task apps.gallery.tasks.process_audio[12bc3e07-2d95-4fc3-920c-f66879cc4f94] received
[2025-07-05 19:10:40,385: INFO/ForkPoolWorker-4] No audio files to process
[2025-07-05 19:10:40,776: INFO/ForkPoolWorker-4] Task apps.gallery.tasks.process_audio[7b069829-6eb2-4b3a-a4e0-0d838c0fdc25] succeeded in 2.000058708999859s: None
[2025-07-05 19:10:40,777: INFO/ForkPoolWorker-4] Fetching audios to process
[2025-07-05 19:10:41,975: INFO/MainProcess] Task apps.gallery.tasks.populate_unsplash_images[00b47ce1-c9e9-480b-856a-13d35f0470af] received
[2025-07-05 19:10:42,688: INFO/ForkPoolWorker-4] No audio files to process
[2025-07-05 19:10:43,077: INFO/ForkPoolWorker-4] Task apps.gallery.tasks.process_audio[06727ae4-d4ba-477a-8aa4-faa91dca5998] succeeded in 2.3001570439992065s: None
[2025-07-05 19:10:43,078: INFO/ForkPoolWorker-4] Fetching unsplash images to process
[2025-07-05 19:10:43,078: INFO/ForkPoolWorker-4] Starting Unsplash to gcs uploader job at 2025-07-05T19:10:43.078415
[2025-07-05 19:10:43,078: INFO/ForkPoolWorker-4] Using 6 search queries: nature, people, food, travel, architecture, animals
[2025-07-05 19:10:44,075: INFO/MainProcess] Task apps.gallery.tasks.process_audio[3f9b4a2e-9e7b-4d32-a064-1ee127fe6285] received
[2025-07-05 19:12:05,276: INFO/ForkPoolWorker-3] Task apps.gallery.tasks.populate_unsplash_images[94c60471-b6a2-4c43-afce-a1220407f7a6] succeeded in 120.69633576599881s: None
[2025-07-05 19:12:05,479: INFO/ForkPoolWorker-3] Fetching unsplash images to process
[2025-07-05 19:12:05,479: INFO/ForkPoolWorker-3] Starting Unsplash to gcs uploader job at 2025-07-05T19:12:05.479694
[2025-07-05 19:12:05,479: INFO/ForkPoolWorker-3] Using 6 search queries: nature, people, food, travel, architecture, animals
[2025-07-05 19:12:07,776: INFO/MainProcess] Task apps.gallery.tasks.process_audio[5194e801-0aa4-475e-9149-451ed46bf203] received
[2025-07-05 19:12:28,776: INFO/ForkPoolWorker-2] Task apps.gallery.tasks.populate_unsplash_images[416ae43d-7c0e-4d7d-96db-3bf37c37c0ed] succeeded in 120.5995348999968s: None
[2025-07-05 19:12:28,980: INFO/ForkPoolWorker-2] Fetching audios to process
[2025-07-05 19:12:29,976: INFO/MainProcess] Task apps.gallery.tasks.populate_unsplash_images[84af5b5b-91e3-4adc-9c5b-a658386a0b9b] received
[2025-07-05 19:12:31,188: INFO/ForkPoolWorker-2] No audio files to process
[2025-07-05 19:12:31,677: INFO/ForkPoolWorker-2] Task apps.gallery.tasks.process_audio[2ab4edae-1001-4b9c-a2b6-29dd9b97d6fa] succeeded in 2.6969635620007466s: None
[2025-07-05 19:12:32,179: INFO/ForkPoolWorker-2] Fetching unsplash images to process
[2025-07-05 19:12:32,179: INFO/ForkPoolWorker-2] Starting Unsplash to gcs uploader job at 2025-07-05T19:12:32.179261
[2025-07-05 19:12:32,179: INFO/ForkPoolWorker-2] Using 6 search queries: nature, people, food, travel, architecture, animals
[2025-07-05 19:12:33,374: INFO/MainProcess] Task apps.gallery.tasks.process_audio[7806d542-21a0-4efb-a54d-af803f27f8ef] received
[2025-07-05 19:12:42,773: INFO/ForkPoolWorker-4] Task apps.gallery.tasks.populate_unsplash_images[7c3a382f-37ca-4d13-b500-2fef4a0f4bb5] succeeded in 119.69986879099815s: None
[2025-07-05 19:12:42,774: INFO/ForkPoolWorker-4] Fetching audios to process
[2025-07-05 19:12:44,174: INFO/MainProcess] Task apps.gallery.tasks.populate_unsplash_images[ec4fe0f9-1949-41f3-973a-50841c706903] received
[2025-07-05 19:12:44,189: INFO/ForkPoolWorker-4] No audio files to process
[2025-07-05 19:12:44,574: INFO/ForkPoolWorker-4] Task apps.gallery.tasks.process_audio[a1445609-f8e9-4c80-b812-ac2118358efe] succeeded in 1.7998655839983257s: None
[2025-07-05 19:12:44,575: INFO/ForkPoolWorker-4] Fetching audios to process
[2025-07-05 19:12:45,673: INFO/MainProcess] Task apps.gallery.tasks.process_audio[3229440c-3358-4f86-a123-4412837b4587] received
[2025-07-05 19:12:46,585: INFO/ForkPoolWorker-4] No audio files to process
[2025-07-05 19:12:47,174: INFO/ForkPoolWorker-4] Task apps.gallery.tasks.process_audio[211fbf67-2765-44fa-a37f-d47a44d691cf] succeeded in 2.5988257010030793s: None
[2025-07-05 19:12:47,174: INFO/ForkPoolWorker-4] Fetching unsplash images to process
[2025-07-05 19:12:47,175: INFO/ForkPoolWorker-4] Starting Unsplash to gcs uploader job at 2025-07-05T19:12:47.175032
[2025-07-05 19:12:47,175: INFO/ForkPoolWorker-4] Using 6 search queries: nature, people, food, travel, architecture, animals
[2025-07-05 19:12:48,487: INFO/MainProcess] Task apps.gallery.tasks.populate_unsplash_images[46363d4b-7345-4c17-a02c-def3f2a50a1e] received
[2025-07-05 19:14:08,877: INFO/ForkPoolWorker-3] Task apps.gallery.tasks.populate_unsplash_images[32d995f4-a885-4522-83be-df77c5b96cdb] succeeded in 123.40365634699992s: None
[2025-07-05 19:14:09,077: INFO/ForkPoolWorker-3] Fetching audios to process
[2025-07-05 19:14:10,675: INFO/ForkPoolWorker-3] No audio files to process
[2025-07-05 19:14:10,772: INFO/MainProcess] Task apps.gallery.tasks.process_audio[25bf115a-918f-4c43-88d2-90ea7b50901b] received
[2025-07-05 19:14:11,075: INFO/ForkPoolWorker-3] Task apps.gallery.tasks.process_audio[3d36a5b5-9b0e-4a92-b7e8-1180e109fa01] succeeded in 1.9971496040016063s: None
[2025-07-05 19:14:11,376: INFO/ForkPoolWorker-3] Fetching unsplash images to process
[2025-07-05 19:14:11,377: INFO/ForkPoolWorker-3] Starting Unsplash to gcs uploader job at 2025-07-05T19:14:11.377044
[2025-07-05 19:14:11,377: INFO/ForkPoolWorker-3] Using 6 search queries: nature, people, food, travel, architecture, animals
[2025-07-05 19:14:12,174: INFO/MainProcess] Task apps.gallery.tasks.populate_unsplash_images[12e03412-b77b-43cf-a7da-3000c443612e] received
[2025-07-05 19:14:30,974: INFO/ForkPoolWorker-2] Task apps.gallery.tasks.populate_unsplash_images[c4c2d16a-379e-4625-a730-b4008d2ac185] succeeded in 118.80027645599694s: None
[2025-07-05 19:14:31,278: INFO/ForkPoolWorker-2] Fetching audios to process
[2025-07-05 19:14:32,072: INFO/MainProcess] Task apps.gallery.tasks.process_audio[428644e2-e12a-45a1-9159-9aef3a268ec2] received
[2025-07-05 19:14:33,079: INFO/ForkPoolWorker-2] No audio files to process
[2025-07-05 19:14:33,473: INFO/ForkPoolWorker-2] Task apps.gallery.tasks.process_audio[e0a8aab6-d56d-4384-a43b-03f2a476dc8e] succeeded in 2.195546460003243s: None
[2025-07-05 19:14:33,678: INFO/ForkPoolWorker-2] Fetching unsplash images to process
[2025-07-05 19:14:33,678: INFO/ForkPoolWorker-2] Starting Unsplash to gcs uploader job at 2025-07-05T19:14:33.678497
[2025-07-05 19:14:33,678: INFO/ForkPoolWorker-2] Using 6 search queries: nature, people, food, travel, architecture, animals
[2025-07-05 19:14:34,572: INFO/MainProcess] Task apps.gallery.tasks.populate_unsplash_images[e2217a0f-b0b5-41f8-a2e7-41d435caae43] received
[2025-07-05 19:14:46,272: INFO/ForkPoolWorker-4] Task apps.gallery.tasks.populate_unsplash_images[6ba79bd6-b529-479d-b01d-ff34a2e52550] succeeded in 119.10198941999988s: None
[2025-07-05 19:14:46,273: INFO/ForkPoolWorker-4] Fetching audios to process
[2025-07-05 19:14:47,572: INFO/MainProcess] Task apps.gallery.tasks.process_audio[d550e8ed-41dd-4e8f-9847-75abc0a0b985] received
[2025-07-05 19:14:47,974: INFO/ForkPoolWorker-4] No audio files to process
[2025-07-05 19:14:48,372: INFO/ForkPoolWorker-4] Task apps.gallery.tasks.process_audio[847f9c3c-c599-40a2-b215-ad684de8f047] succeeded in 2.099549841001135s: None
[2025-07-05 19:14:48,373: INFO/ForkPoolWorker-4] Fetching unsplash images to process
[2025-07-05 19:14:48,373: INFO/ForkPoolWorker-4] Starting Unsplash to gcs uploader job at 2025-07-05T19:14:48.373496
[2025-07-05 19:14:48,373: INFO/ForkPoolWorker-4] Using 6 search queries: nature, people, food, travel, architecture, animals
[2025-07-05 19:14:49,671: INFO/MainProcess] Task apps.gallery.tasks.populate_unsplash_images[e568f77f-1979-4cff-ad5f-cbb480227896] received
[2025-07-05 19:16:12,173: INFO/ForkPoolWorker-3] Task apps.gallery.tasks.populate_unsplash_images[4cfdae86-05d0-40c0-8c98-88c1067b76d6] succeeded in 120.8010823500008s: None
[2025-07-05 19:16:12,376: INFO/ForkPoolWorker-3] Fetching audios to process
[2025-07-05 19:16:13,771: INFO/MainProcess] Task apps.gallery.tasks.process_audio[df4a3580-5396-406a-ac30-d4421fae3012] received
[2025-07-05 19:16:14,273: INFO/ForkPoolWorker-3] No audio files to process
[2025-07-05 19:16:14,672: INFO/ForkPoolWorker-3] Task apps.gallery.tasks.process_audio[12bc3e07-2d95-4fc3-920c-f66879cc4f94] succeeded in 2.2960444600030314s: None
[2025-07-05 19:16:14,976: INFO/ForkPoolWorker-3] Fetching unsplash images to process
[2025-07-05 19:16:14,976: INFO/ForkPoolWorker-3] Starting Unsplash to gcs uploader job at 2025-07-05T19:16:14.976447
[2025-07-05 19:16:14,976: INFO/ForkPoolWorker-3] Using 6 search queries: nature, people, food, travel, architecture, animals
[2025-07-05 19:16:15,971: INFO/MainProcess] Task apps.gallery.tasks.populate_unsplash_images[dc0219fa-a197-4e99-8dc7-ecc647fefee5] received
[2025-07-05 19:16:33,774: INFO/ForkPoolWorker-2] Task apps.gallery.tasks.populate_unsplash_images[e639317e-b1b7-46cc-b367-2e4281a45812] succeeded in 120.10077566300242s: None
[2025-07-05 19:16:34,576: INFO/ForkPoolWorker-2] Fetching audios to process
[2025-07-05 19:16:35,570: INFO/MainProcess] Task apps.gallery.tasks.populate_unsplash_images[3a27af80-4df1-42ec-bfe2-c9ce28387067] received
[2025-07-05 19:16:36,671: INFO/ForkPoolWorker-2] No audio files to process
[2025-07-05 19:16:37,369: INFO/ForkPoolWorker-2] Task apps.gallery.tasks.process_audio[3f9b4a2e-9e7b-4d32-a064-1ee127fe6285] succeeded in 2.795010612000624s: None
[2025-07-05 19:16:37,574: INFO/ForkPoolWorker-2] Fetching audios to process
[2025-07-05 19:16:38,368: INFO/MainProcess] Task apps.gallery.tasks.populate_unsplash_images[2ac54bdd-7133-4a48-a2c9-3672c0898c28] received
[2025-07-05 19:16:39,571: INFO/ForkPoolWorker-2] No audio files to process
[2025-07-05 19:16:39,970: INFO/ForkPoolWorker-2] Task apps.gallery.tasks.process_audio[5194e801-0aa4-475e-9149-451ed46bf203] succeeded in 2.395493064999755s: None
[2025-07-05 19:16:40,173: INFO/ForkPoolWorker-2] Fetching unsplash images to process
[2025-07-05 19:16:40,173: INFO/ForkPoolWorker-2] Starting Unsplash to gcs uploader job at 2025-07-05T19:16:40.173179
[2025-07-05 19:16:40,173: INFO/ForkPoolWorker-2] Using 6 search queries: nature, people, food, travel, architecture, animals
[2025-07-05 19:16:40,969: INFO/MainProcess] Task apps.gallery.tasks.process_audio[4def9bec-12df-4891-a1da-023c79d1fd67] received
[2025-07-05 19:16:49,372: INFO/ForkPoolWorker-4] Task apps.gallery.tasks.populate_unsplash_images[67bbfdb7-83ce-4624-af7d-a251560ae658] succeeded in 121.00367072399968s: None
[2025-07-05 19:16:49,373: INFO/ForkPoolWorker-4] Fetching audios to process
[2025-07-05 19:16:50,668: INFO/MainProcess] Task apps.gallery.tasks.populate_unsplash_images[c1a02c39-8009-48e8-9ae3-ecde185ca43a] received
[2025-07-05 19:16:51,176: INFO/ForkPoolWorker-4] No audio files to process
[2025-07-05 19:16:51,770: INFO/ForkPoolWorker-4] Task apps.gallery.tasks.process_audio[308f6648-1b06-4f39-b47e-458b3397156b] succeeded in 2.397199262999493s: None
[2025-07-05 19:16:51,771: INFO/ForkPoolWorker-4] Fetching audios to process
[2025-07-05 19:16:53,069: INFO/MainProcess] Task apps.gallery.tasks.process_audio[0c09a858-8dc0-4917-8927-5f99aed0b71a] received
[2025-07-05 19:16:54,672: INFO/ForkPoolWorker-4] No audio files to process
[2025-07-05 19:16:55,177: INFO/ForkPoolWorker-4] Task apps.gallery.tasks.process_audio[7806d542-21a0-4efb-a54d-af803f27f8ef] succeeded in 3.4060574540017114s: None
[2025-07-05 19:16:55,178: INFO/ForkPoolWorker-4] Fetching unsplash images to process
[2025-07-05 19:16:55,178: INFO/ForkPoolWorker-4] Starting Unsplash to gcs uploader job at 2025-07-05T19:16:55.178114
[2025-07-05 19:16:55,178: INFO/ForkPoolWorker-4] Using 6 search queries: nature, people, food, travel, architecture, animals
[2025-07-05 19:16:56,268: INFO/MainProcess] Task apps.gallery.tasks.process_audio[15dc41a7-7508-4635-92f2-c0fdd6c08b35] received
[2025-07-05 19:18:16,567: INFO/ForkPoolWorker-3] Task apps.gallery.tasks.populate_unsplash_images[00b47ce1-c9e9-480b-856a-13d35f0470af] succeeded in 121.59594241800005s: None
[2025-07-05 19:18:16,773: INFO/ForkPoolWorker-3] Fetching unsplash images to process
[2025-07-05 19:18:16,773: INFO/ForkPoolWorker-3] Starting Unsplash to gcs uploader job at 2025-07-05T19:18:16.773123
[2025-07-05 19:18:16,773: INFO/ForkPoolWorker-3] Using 6 search queries: nature, people, food, travel, architecture, animals
[2025-07-05 19:18:17,768: INFO/MainProcess] Task apps.gallery.tasks.process_audio[0134a471-8e0b-47c9-a97a-c8d0463aa42a] received
[2025-07-05 19:18:42,993: INFO/ForkPoolWorker-2] Task apps.gallery.tasks.populate_unsplash_images[84af5b5b-91e3-4adc-9c5b-a658386a0b9b] succeeded in 122.82512694200341s: None
[2025-07-05 19:18:43,369: INFO/ForkPoolWorker-2] Fetching audios to process
[2025-07-05 19:18:44,567: INFO/MainProcess] Task apps.gallery.tasks.populate_unsplash_images[2464b1b6-5daa-4602-a9a8-8a45a71dc6c8] received
[2025-07-05 19:18:45,168: INFO/ForkPoolWorker-2] No audio files to process
[2025-07-05 19:18:45,868: INFO/ForkPoolWorker-2] Task apps.gallery.tasks.process_audio[25bf115a-918f-4c43-88d2-90ea7b50901b] succeeded in 2.499108595002326s: None
[2025-07-05 19:18:46,171: INFO/ForkPoolWorker-2] Fetching unsplash images to process
[2025-07-05 19:18:46,171: INFO/ForkPoolWorker-2] Starting Unsplash to gcs uploader job at 2025-07-05T19:18:46.171612
[2025-07-05 19:18:46,171: INFO/ForkPoolWorker-2] Using 6 search queries: nature, people, food, travel, architecture, animals
[2025-07-05 19:18:46,966: INFO/MainProcess] Task apps.gallery.tasks.process_audio[7eedcac2-bc53-4a46-9251-55cc4d360840] received
[2025-07-05 19:18:54,467: INFO/ForkPoolWorker-4] Task apps.gallery.tasks.populate_unsplash_images[ec4fe0f9-1949-41f3-973a-50841c706903] succeeded in 119.29382219500258s: None
[2025-07-05 19:18:54,468: INFO/ForkPoolWorker-4] Fetching audios to process
[2025-07-05 19:18:55,466: INFO/MainProcess] Task apps.gallery.tasks.process_audio[0412ffca-c276-4362-8271-f3e5bcdfe504] received
[2025-07-05 19:18:56,268: INFO/ForkPoolWorker-4] No audio files to process
[2025-07-05 19:18:56,767: INFO/ForkPoolWorker-4] Task apps.gallery.tasks.process_audio[3229440c-3358-4f86-a123-4412837b4587] succeeded in 2.2990677710004093s: None
[2025-07-05 19:18:56,767: INFO/ForkPoolWorker-4] Fetching audios to process
[2025-07-05 19:18:57,867: INFO/MainProcess] Task apps.gallery.tasks.populate_unsplash_images[216be669-41c1-43b8-8131-2646da390838] received
[2025-07-05 19:18:58,771: INFO/ForkPoolWorker-4] No audio files to process
[2025-07-05 19:18:59,166: INFO/ForkPoolWorker-4] Task apps.gallery.tasks.process_audio[428644e2-e12a-45a1-9159-9aef3a268ec2] succeeded in 2.3992250589981268s: None
[2025-07-05 19:18:59,167: INFO/ForkPoolWorker-4] Fetching unsplash images to process
[2025-07-05 19:18:59,167: INFO/ForkPoolWorker-4] Starting Unsplash to gcs uploader job at 2025-07-05T19:18:59.167907
[2025-07-05 19:18:59,167: INFO/ForkPoolWorker-4] Using 6 search queries: nature, people, food, travel, architecture, animals
[2025-07-05 19:19:00,166: INFO/MainProcess] Task apps.gallery.tasks.process_audio[4fbefc45-17e8-4ee3-8a88-12a4807cdac7] received
[2025-07-05 19:20:20,366: INFO/ForkPoolWorker-3] Task apps.gallery.tasks.populate_unsplash_images[46363d4b-7345-4c17-a02c-def3f2a50a1e] succeeded in 123.59835415999987s: None
[2025-07-05 19:20:20,570: INFO/ForkPoolWorker-3] Fetching unsplash images to process
[2025-07-05 19:20:20,570: INFO/ForkPoolWorker-3] Starting Unsplash to gcs uploader job at 2025-07-05T19:20:20.570264
[2025-07-05 19:20:20,570: INFO/ForkPoolWorker-3] Using 6 search queries: nature, people, food, travel, architecture, animals
[2025-07-05 19:20:22,065: INFO/MainProcess] Task apps.gallery.tasks.process_audio[76637d74-d993-43c6-9127-6360177369e4] received
[2025-07-05 19:20:48,564: INFO/ForkPoolWorker-2] Task apps.gallery.tasks.populate_unsplash_images[12e03412-b77b-43cf-a7da-3000c443612e] succeeded in 122.39809004999915s: None
[2025-07-05 19:20:48,767: INFO/ForkPoolWorker-2] Fetching audios to process
[2025-07-05 19:20:49,963: INFO/MainProcess] Task apps.gallery.tasks.process_audio[2ec74cca-e3d3-48d8-bf42-88795e754727] received
[2025-07-05 19:20:50,363: INFO/ForkPoolWorker-2] No audio files to process
[2025-07-05 19:20:50,966: INFO/ForkPoolWorker-2] Task apps.gallery.tasks.process_audio[df4a3580-5396-406a-ac30-d4421fae3012] succeeded in 2.1987765689991647s: None
[2025-07-05 19:20:51,270: INFO/ForkPoolWorker-2] Fetching unsplash images to process
[2025-07-05 19:20:51,270: INFO/ForkPoolWorker-2] Starting Unsplash to gcs uploader job at 2025-07-05T19:20:51.270308
[2025-07-05 19:20:51,270: INFO/ForkPoolWorker-2] Using 6 search queries: nature, people, food, travel, architecture, animals
[2025-07-05 19:20:52,164: INFO/MainProcess] Task apps.gallery.tasks.populate_unsplash_images[1aec680b-9516-4e30-a2d3-8a64d378ef84] received
[2025-07-05 19:21:01,363: INFO/ForkPoolWorker-4] Task apps.gallery.tasks.populate_unsplash_images[e2217a0f-b0b5-41f8-a2e7-41d435caae43] succeeded in 122.20084266599952s: None
[2025-07-05 19:21:01,364: INFO/ForkPoolWorker-4] Fetching audios to process
[2025-07-05 19:21:02,564: INFO/MainProcess] Task apps.gallery.tasks.process_audio[ce003dc1-c099-4226-9e4a-2968c8ef5bae] received
[2025-07-05 19:21:02,866: INFO/ForkPoolWorker-4] No audio files to process
[2025-07-05 19:21:03,265: INFO/ForkPoolWorker-4] Task apps.gallery.tasks.process_audio[d550e8ed-41dd-4e8f-9847-75abc0a0b985] succeeded in 1.9008311450015754s: None
[2025-07-05 19:21:03,266: INFO/ForkPoolWorker-4] Fetching unsplash images to process
[2025-07-05 19:21:03,266: INFO/ForkPoolWorker-4] Starting Unsplash to gcs uploader job at 2025-07-05T19:21:03.266254
[2025-07-05 19:21:03,266: INFO/ForkPoolWorker-4] Using 6 search queries: nature, people, food, travel, architecture, animals
[2025-07-05 19:21:04,266: INFO/MainProcess] Task apps.gallery.tasks.populate_unsplash_images[fc558a19-eaea-4c64-90c9-16c845979479] received
[2025-07-05 19:22:19,362: INFO/ForkPoolWorker-3] Task apps.gallery.tasks.populate_unsplash_images[e568f77f-1979-4cff-ad5f-cbb480227896] succeeded in 118.79734028299936s: None
[2025-07-05 19:22:19,566: INFO/ForkPoolWorker-3] Fetching audios to process
[2025-07-05 19:22:20,962: INFO/MainProcess] Task apps.gallery.tasks.populate_unsplash_images[00024bc3-1f2e-46fe-b237-adaa47ac5f32] received
[2025-07-05 19:22:21,868: INFO/ForkPoolWorker-3] No audio files to process
[2025-07-05 19:22:22,265: INFO/ForkPoolWorker-3] Task apps.gallery.tasks.process_audio[4def9bec-12df-4891-a1da-023c79d1fd67] succeeded in 2.698861187996954s: None
[2025-07-05 19:22:22,468: INFO/ForkPoolWorker-3] Fetching unsplash images to process
[2025-07-05 19:22:22,468: INFO/ForkPoolWorker-3] Starting Unsplash to gcs uploader job at 2025-07-05T19:22:22.468543
[2025-07-05 19:22:22,468: INFO/ForkPoolWorker-3] Using 6 search queries: nature, people, food, travel, architecture, animals
[2025-07-05 19:22:23,563: INFO/MainProcess] Task apps.gallery.tasks.process_audio[abae95c3-5d32-4e2b-975e-107b6d621ecb] received
[2025-07-05 19:22:48,862: INFO/ForkPoolWorker-2] Task apps.gallery.tasks.populate_unsplash_images[dc0219fa-a197-4e99-8dc7-ecc647fefee5] succeeded in 117.59731776999979s: None
[2025-07-05 19:22:49,065: INFO/ForkPoolWorker-2] Fetching audios to process
[2025-07-05 19:22:50,363: INFO/MainProcess] Task apps.gallery.tasks.populate_unsplash_images[f4fde6aa-41db-47d9-8162-8c23edb782a4] received
[2025-07-05 19:22:51,066: INFO/ForkPoolWorker-2] No audio files to process
[2025-07-05 19:22:51,465: INFO/ForkPoolWorker-2] Task apps.gallery.tasks.process_audio[0c09a858-8dc0-4917-8927-5f99aed0b71a] succeeded in 2.4000493780004035s: None
[2025-07-05 19:22:51,665: INFO/ForkPoolWorker-2] Fetching audios to process
[2025-07-05 19:22:52,666: ERROR/MainProcess] Received unregistered task of type 'apps.gallery.tasks.generate_metadata'.
The message has been ignored and discarded.

Did you remember to import the module containing this task?
Or maybe you're using relative imports?

Please see
https://docs.celeryq.dev/en/latest/internals/protocol.html
for more information.

The full contents of the message body was:
b'[[], {}, {"callbacks": null, "errbacks": null, "chain": null, "chord": null}]' (77b)

The full contents of the message headers:
{'lang': 'py', 'task': 'apps.gallery.tasks.generate_metadata', 'id': 'e93ffeab-35c4-4d3e-9c32-44be495bb67d', 'shadow': None, 'eta': None, 'expires': None, 'group': None, 'group_index': None, 'retries': 0, 'timelimit': [None, None], 'root_id': 'e93ffeab-35c4-4d3e-9c32-44be495bb67d', 'parent_id': None, 'argsrepr': '()', 'kwargsrepr': '{}', 'origin': 'gen7@63f692d7cb61', 'ignore_result': False, 'stamped_headers': None, 'stamps': {}}

The delivery info for this task is:
{'exchange': '', 'routing_key': 'celery'}
Traceback (most recent call last):
  File "/usr/local/lib/python3.12/site-packages/celery/worker/consumer/consumer.py", line 642, in on_task_received
    strategy = strategies[type_]
               ~~~~~~~~~~^^^^^^^
KeyError: 'apps.gallery.tasks.generate_metadata'
[2025-07-05 19:22:53,663: INFO/ForkPoolWorker-2] No audio files to process
[2025-07-05 19:22:53,963: INFO/MainProcess] Task apps.gallery.tasks.process_audio[f31cf1fe-fb44-4472-a078-2a596f994b57] received
[2025-07-05 19:22:54,162: INFO/ForkPoolWorker-2] Task apps.gallery.tasks.process_audio[15dc41a7-7508-4635-92f2-c0fdd6c08b35] succeeded in 2.4973187440009497s: None
[2025-07-05 19:22:54,367: INFO/ForkPoolWorker-2] Fetching audios to process
[2025-07-05 19:22:55,361: INFO/MainProcess] Task apps.gallery.tasks.populate_unsplash_images[c8f97138-3157-4bb5-a234-65a85e45e05c] received
[2025-07-05 19:22:56,565: INFO/ForkPoolWorker-2] No audio files to process
[2025-07-05 19:22:57,063: INFO/ForkPoolWorker-2] Task apps.gallery.tasks.process_audio[0134a471-8e0b-47c9-a97a-c8d0463aa42a] succeeded in 2.6959108310002193s: None
[2025-07-05 19:22:57,367: INFO/ForkPoolWorker-2] Fetching unsplash images to process
[2025-07-05 19:22:57,367: INFO/ForkPoolWorker-2] Starting Unsplash to gcs uploader job at 2025-07-05T19:22:57.367253
[2025-07-05 19:22:57,367: INFO/ForkPoolWorker-2] Using 6 search queries: nature, people, food, travel, architecture, animals
[2025-07-05 19:22:58,161: INFO/MainProcess] Task apps.gallery.tasks.process_audio[44f3bdee-cf0c-4d5c-84d2-91b3c79fbdaa] received
[2025-07-05 19:23:03,861: INFO/ForkPoolWorker-4] Task apps.gallery.tasks.populate_unsplash_images[3a27af80-4df1-42ec-bfe2-c9ce28387067] succeeded in 120.60007488100018s: None
[2025-07-05 19:23:03,862: INFO/ForkPoolWorker-4] Fetching unsplash images to process
[2025-07-05 19:23:03,862: INFO/ForkPoolWorker-4] Starting Unsplash to gcs uploader job at 2025-07-05T19:23:03.862665
[2025-07-05 19:23:03,863: INFO/ForkPoolWorker-4] Using 6 search queries: nature, people, food, travel, architecture, animals
[2025-07-05 19:23:05,060: INFO/MainProcess] Task apps.gallery.tasks.populate_unsplash_images[6a3bfb5d-230f-4051-9eed-defaa15b8163] received
[2025-07-05 19:24:22,663: INFO/ForkPoolWorker-3] Task apps.gallery.tasks.populate_unsplash_images[c1a02c39-8009-48e8-9ae3-ecde185ca43a] succeeded in 120.20054226799766s: None
[2025-07-05 19:24:22,964: INFO/ForkPoolWorker-3] Fetching audios to process
[2025-07-05 19:24:24,659: INFO/MainProcess] Task apps.gallery.tasks.populate_unsplash_images[c1d74131-97aa-4d62-b8c5-740d968eaa90] received
[2025-07-05 19:24:24,861: INFO/ForkPoolWorker-3] No audio files to process
[2025-07-05 19:24:25,360: INFO/ForkPoolWorker-3] Task apps.gallery.tasks.process_audio[0412ffca-c276-4362-8271-f3e5bcdfe504] succeeded in 2.395259831999283s: None
[2025-07-05 19:24:25,565: INFO/ForkPoolWorker-3] Fetching unsplash images to process
[2025-07-05 19:24:25,565: INFO/ForkPoolWorker-3] Starting Unsplash to gcs uploader job at 2025-07-05T19:24:25.565665
[2025-07-05 19:24:25,565: INFO/ForkPoolWorker-3] Using 6 search queries: nature, people, food, travel, architecture, animals
[2025-07-05 19:24:26,459: INFO/MainProcess] Task apps.gallery.tasks.process_audio[c5995d7c-8e94-44f4-bde4-aeabe4da8038] received
[2025-07-05 19:24:59,961: INFO/ForkPoolWorker-2] Task apps.gallery.tasks.populate_unsplash_images[2464b1b6-5daa-4602-a9a8-8a45a71dc6c8] succeeded in 122.59853492700131s: None
[2025-07-05 19:25:00,463: INFO/ForkPoolWorker-2] Fetching audios to process
[2025-07-05 19:25:01,759: INFO/MainProcess] Task apps.gallery.tasks.populate_unsplash_images[5ec2c5b9-8b13-49c9-9244-3070cb9a4e9b] received
[2025-07-05 19:25:02,370: INFO/ForkPoolWorker-2] No audio files to process
[2025-07-05 19:25:03,061: INFO/ForkPoolWorker-2] Task apps.gallery.tasks.process_audio[4fbefc45-17e8-4ee3-8a88-12a4807cdac7] succeeded in 2.597978714002238s: None
[2025-07-05 19:25:03,465: INFO/ForkPoolWorker-2] Fetching audios to process
[2025-07-05 19:25:04,259: INFO/MainProcess] Task apps.gallery.tasks.process_audio[6544c4c9-4c0b-4379-8f9b-7058890fce90] received
[2025-07-05 19:25:06,562: INFO/ForkPoolWorker-2] No audio files to process
[2025-07-05 19:25:06,961: INFO/ForkPoolWorker-2] Task apps.gallery.tasks.process_audio[76637d74-d993-43c6-9127-6360177369e4] succeeded in 3.4962561590000405s: None
[2025-07-05 19:25:07,164: INFO/ForkPoolWorker-2] Fetching audios to process
[2025-07-05 19:25:08,108: INFO/ForkPoolWorker-4] Task apps.gallery.tasks.populate_unsplash_images[2ac54bdd-7133-4a48-a2c9-3672c0898c28] succeeded in 124.25153441400107s: None
[2025-07-05 19:25:08,109: INFO/ForkPoolWorker-4] Fetching audios to process
[2025-07-05 19:25:08,157: INFO/MainProcess] Task apps.gallery.tasks.populate_unsplash_images[10260d86-23e6-4bf8-838c-1a7eaad503ec] received
[2025-07-05 19:25:08,869: INFO/ForkPoolWorker-2] No audio files to process
[2025-07-05 19:25:09,361: INFO/ForkPoolWorker-2] Task apps.gallery.tasks.process_audio[2ec74cca-e3d3-48d8-bf42-88795e754727] succeeded in 2.198516676999134s: None
[2025-07-05 19:25:09,559: ERROR/MainProcess] Received unregistered task of type 'apps.gallery.tasks.generate_metadata'.
The message has been ignored and discarded.

Did you remember to import the module containing this task?
Or maybe you're using relative imports?

Please see
https://docs.celeryq.dev/en/latest/internals/protocol.html
for more information.

The full contents of the message body was:
b'[[], {}, {"callbacks": null, "errbacks": null, "chain": null, "chord": null}]' (77b)

The full contents of the message headers:
{'lang': 'py', 'task': 'apps.gallery.tasks.generate_metadata', 'id': 'e578c4ac-63a5-433c-9011-9f979ba65e33', 'shadow': None, 'eta': None, 'expires': None, 'group': None, 'group_index': None, 'retries': 0, 'timelimit': [None, None], 'root_id': 'e578c4ac-63a5-433c-9011-9f979ba65e33', 'parent_id': None, 'argsrepr': '()', 'kwargsrepr': '{}', 'origin': 'gen7@63f692d7cb61', 'ignore_result': False, 'stamped_headers': None, 'stamps': {}}

The delivery info for this task is:
{'exchange': '', 'routing_key': 'celery'}
Traceback (most recent call last):
  File "/usr/local/lib/python3.12/site-packages/celery/worker/consumer/consumer.py", line 642, in on_task_received
    strategy = strategies[type_]
               ~~~~~~~~~~^^^^^^^
KeyError: 'apps.gallery.tasks.generate_metadata'
[2025-07-05 19:25:10,559: INFO/ForkPoolWorker-4] No audio files to process
[2025-07-05 19:25:10,562: INFO/MainProcess] missed heartbeat from celery@838e3ebc3f56
[2025-07-05 19:25:11,060: INFO/MainProcess] Task apps.gallery.tasks.process_audio[10d30916-b8a1-42ce-b647-d740c3fafe73] received
[2025-07-05 19:25:11,061: INFO/ForkPoolWorker-2] Fetching audios to process
[2025-07-05 19:25:11,062: INFO/ForkPoolWorker-4] Task apps.gallery.tasks.process_audio[7eedcac2-bc53-4a46-9251-55cc4d360840] succeeded in 2.95300774199859s: None
[2025-07-05 19:25:11,062: INFO/ForkPoolWorker-4] Fetching unsplash images to process
[2025-07-05 19:25:11,063: INFO/ForkPoolWorker-4] Starting Unsplash to gcs uploader job at 2025-07-05T19:25:11.063047
[2025-07-05 19:25:11,063: INFO/ForkPoolWorker-4] Using 6 search queries: nature, people, food, travel, architecture, animals
[2025-07-05 19:25:12,360: INFO/MainProcess] Task apps.gallery.tasks.populate_unsplash_images[625ae697-4600-4725-93aa-79df08562bc0] received
[2025-07-05 19:25:12,974: INFO/ForkPoolWorker-2] No audio files to process
[2025-07-05 19:25:13,159: INFO/MainProcess] Task apps.gallery.tasks.process_audio[1ef5feff-7ab5-4c7b-b38f-6946d19342d4] received
[2025-07-05 19:25:13,659: INFO/ForkPoolWorker-2] Task apps.gallery.tasks.process_audio[ce003dc1-c099-4226-9e4a-2968c8ef5bae] succeeded in 2.5977946290004184s: None
[2025-07-05 19:25:13,866: INFO/ForkPoolWorker-2] Fetching unsplash images to process
[2025-07-05 19:25:13,866: INFO/ForkPoolWorker-2] Starting Unsplash to gcs uploader job at 2025-07-05T19:25:13.866903
[2025-07-05 19:25:13,866: INFO/ForkPoolWorker-2] Using 6 search queries: nature, people, food, travel, architecture, animals
[2025-07-05 19:25:14,659: INFO/MainProcess] Task apps.gallery.tasks.populate_unsplash_images[564bfe20-078c-4737-b3a3-9207ac72d4d5] received
[2025-07-05 19:26:29,459: INFO/ForkPoolWorker-3] Task apps.gallery.tasks.populate_unsplash_images[216be669-41c1-43b8-8131-2646da390838] succeeded in 123.89835318099722s: None
[2025-07-05 19:26:29,763: INFO/ForkPoolWorker-3] Fetching audios to process
[2025-07-05 19:26:31,160: INFO/MainProcess] Task apps.gallery.tasks.populate_unsplash_images[a4c54d52-d432-4608-8382-949138e113c4] received
[2025-07-05 19:26:32,267: INFO/ForkPoolWorker-3] No audio files to process
[2025-07-05 19:26:32,666: INFO/ForkPoolWorker-3] Task apps.gallery.tasks.process_audio[abae95c3-5d32-4e2b-975e-107b6d621ecb] succeeded in 2.902376297999581s: None
[2025-07-05 19:26:32,861: INFO/ForkPoolWorker-3] Fetching unsplash images to process
[2025-07-05 19:26:32,862: INFO/ForkPoolWorker-3] Starting Unsplash to gcs uploader job at 2025-07-05T19:26:32.862084
[2025-07-05 19:26:32,862: INFO/ForkPoolWorker-3] Using 6 search queries: nature, people, food, travel, architecture, animals
[2025-07-05 19:26:33,658: INFO/MainProcess] Task apps.gallery.tasks.process_audio[4691291c-5c22-4d1c-ae44-f6c0653e9dbc] received
[2025-07-05 19:27:02,161: INFO/MainProcess] missed heartbeat from celery@838e3ebc3f56
[2025-07-05 19:27:17,358: INFO/ForkPoolWorker-2] Task apps.gallery.tasks.populate_unsplash_images[00024bc3-1f2e-46fe-b237-adaa47ac5f32] succeeded in 123.49723983700096s: None
[2025-07-05 19:27:17,561: INFO/ForkPoolWorker-2] Fetching audios to process
[2025-07-05 19:27:18,961: INFO/ForkPoolWorker-4] Task apps.gallery.tasks.populate_unsplash_images[1aec680b-9516-4e30-a2d3-8a64d378ef84] succeeded in 127.90332178999961s: None
[2025-07-05 19:27:18,961: INFO/ForkPoolWorker-4] Fetching unsplash images to process
[2025-07-05 19:27:18,962: INFO/ForkPoolWorker-4] Starting Unsplash to gcs uploader job at 2025-07-05T19:27:18.961986
[2025-07-05 19:27:18,962: INFO/ForkPoolWorker-4] Using 6 search queries: nature, people, food, travel, architecture, animals
[2025-07-05 19:27:19,357: INFO/MainProcess] Task apps.gallery.tasks.process_audio[21ffd2c0-a16b-4fba-a6ea-aa6f3299ae01] received
[2025-07-05 19:27:19,560: INFO/ForkPoolWorker-2] No audio files to process
[2025-07-05 19:27:19,957: INFO/ForkPoolWorker-2] Task apps.gallery.tasks.process_audio[f31cf1fe-fb44-4472-a078-2a596f994b57] succeeded in 2.3963195249998535s: None
[2025-07-05 19:27:20,355: INFO/MainProcess] Task apps.gallery.tasks.process_audio[2fee69bd-e310-4886-af54-8a02d371668b] received
[2025-07-05 19:27:20,355: INFO/ForkPoolWorker-2] Fetching audios to process
[2025-07-05 19:27:21,355: ERROR/MainProcess] Received unregistered task of type 'apps.gallery.tasks.generate_metadata'.
The message has been ignored and discarded.

Did you remember to import the module containing this task?
Or maybe you're using relative imports?

Please see
https://docs.celeryq.dev/en/latest/internals/protocol.html
for more information.

The full contents of the message body was:
b'[[], {}, {"callbacks": null, "errbacks": null, "chain": null, "chord": null}]' (77b)

The full contents of the message headers:
{'lang': 'py', 'task': 'apps.gallery.tasks.generate_metadata', 'id': '1f0b82af-e453-44cc-a727-875fcc216e3d', 'shadow': None, 'eta': None, 'expires': None, 'group': None, 'group_index': None, 'retries': 0, 'timelimit': [None, None], 'root_id': '1f0b82af-e453-44cc-a727-875fcc216e3d', 'parent_id': None, 'argsrepr': '()', 'kwargsrepr': '{}', 'origin': 'gen7@63f692d7cb61', 'ignore_result': False, 'stamped_headers': None, 'stamps': {}}

The delivery info for this task is:
{'exchange': '', 'routing_key': 'celery'}
Traceback (most recent call last):
  File "/usr/local/lib/python3.12/site-packages/celery/worker/consumer/consumer.py", line 642, in on_task_received
    strategy = strategies[type_]
               ~~~~~~~~~~^^^^^^^
KeyError: 'apps.gallery.tasks.generate_metadata'
[2025-07-05 19:27:22,063: INFO/ForkPoolWorker-2] No audio files to process
[2025-07-05 19:27:22,857: INFO/ForkPoolWorker-2] Task apps.gallery.tasks.process_audio[44f3bdee-cf0c-4d5c-84d2-91b3c79fbdaa] succeeded in 2.5020955780018994s: None
[2025-07-05 19:27:23,356: INFO/MainProcess] Task apps.gallery.tasks.populate_unsplash_images[8edffbcf-d223-4513-aa37-c2fee4b08f9d] received
[2025-07-05 19:27:23,357: INFO/ForkPoolWorker-2] Fetching unsplash images to process
[2025-07-05 19:27:23,357: INFO/ForkPoolWorker-2] Starting Unsplash to gcs uploader job at 2025-07-05T19:27:23.357293
[2025-07-05 19:27:23,357: INFO/ForkPoolWorker-2] Using 6 search queries: nature, people, food, travel, architecture, animals
[2025-07-05 19:27:24,357: INFO/MainProcess] Task apps.gallery.tasks.populate_unsplash_images[5f8d29cf-c763-409b-b2c7-cfa4cbabcba2] received
[2025-07-05 19:28:33,956: INFO/ForkPoolWorker-3] Task apps.gallery.tasks.populate_unsplash_images[f4fde6aa-41db-47d9-8162-8c23edb782a4] succeeded in 121.10002441300094s: None
[2025-07-05 19:28:34,158: INFO/ForkPoolWorker-3] Fetching unsplash images to process
[2025-07-05 19:28:34,159: INFO/ForkPoolWorker-3] Starting Unsplash to gcs uploader job at 2025-07-05T19:28:34.159043
[2025-07-05 19:28:34,159: INFO/ForkPoolWorker-3] Using 6 search queries: nature, people, food, travel, architecture, animals
[2025-07-05 19:28:35,554: INFO/MainProcess] Task apps.gallery.tasks.process_audio[8d5aa250-f196-4802-aa66-7e165e2eb49a] received
[2025-07-05 19:29:21,853: INFO/ForkPoolWorker-4] Task apps.gallery.tasks.populate_unsplash_images[fc558a19-eaea-4c64-90c9-16c845979479] succeeded in 122.8957064339993s: None
[2025-07-05 19:29:21,854: INFO/ForkPoolWorker-4] Fetching unsplash images to process
[2025-07-05 19:29:21,854: INFO/ForkPoolWorker-4] Starting Unsplash to gcs uploader job at 2025-07-05T19:29:21.854376
[2025-07-05 19:29:21,854: INFO/ForkPoolWorker-4] Using 6 search queries: nature, people, food, travel, architecture, animals
[2025-07-05 19:29:23,359: INFO/MainProcess] Task apps.gallery.tasks.populate_unsplash_images[68271912-4273-422f-9e8e-4eb8230189fc] received
[2025-07-05 19:29:29,255: INFO/ForkPoolWorker-2] Task apps.gallery.tasks.populate_unsplash_images[6a3bfb5d-230f-4051-9eed-defaa15b8163] succeeded in 125.90311366800233s: None
[2025-07-05 19:29:29,558: INFO/ForkPoolWorker-2] Fetching unsplash images to process
[2025-07-05 19:29:29,558: INFO/ForkPoolWorker-2] Starting Unsplash to gcs uploader job at 2025-07-05T19:29:29.558778
[2025-07-05 19:29:29,558: INFO/ForkPoolWorker-2] Using 6 search queries: nature, people, food, travel, architecture, animals
[2025-07-05 19:29:31,153: INFO/MainProcess] Task apps.gallery.tasks.process_audio[cd449e81-8bbd-420d-8e4b-3ae64f123c09] received
[2025-07-05 19:30:37,353: INFO/ForkPoolWorker-3] Task apps.gallery.tasks.populate_unsplash_images[c1d74131-97aa-4d62-b8c5-740d968eaa90] succeeded in 123.2003808949994s: None
[2025-07-05 19:30:37,557: INFO/ForkPoolWorker-3] Fetching audios to process
[2025-07-05 19:30:39,052: INFO/MainProcess] Task apps.gallery.tasks.populate_unsplash_images[bb20370e-5c17-4f24-a123-dd29ccf6f63a] received
[2025-07-05 19:30:39,553: INFO/ForkPoolWorker-3] No audio files to process
[2025-07-05 19:30:39,954: INFO/ForkPoolWorker-3] Task apps.gallery.tasks.process_audio[6544c4c9-4c0b-4379-8f9b-7058890fce90] succeeded in 2.3966490079983487s: None
[2025-07-05 19:30:40,156: INFO/ForkPoolWorker-3] Fetching unsplash images to process
[2025-07-05 19:30:40,156: INFO/ForkPoolWorker-3] Starting Unsplash to gcs uploader job at 2025-07-05T19:30:40.156412
[2025-07-05 19:30:40,156: INFO/ForkPoolWorker-3] Using 6 search queries: nature, people, food, travel, architecture, animals
[2025-07-05 19:30:41,252: INFO/MainProcess] Task apps.gallery.tasks.process_audio[97c38853-3999-4464-966d-51e1448d6120] received
[2025-07-05 19:31:23,062: INFO/ForkPoolWorker-4] Task apps.gallery.tasks.populate_unsplash_images[c8f97138-3157-4bb5-a234-65a85e45e05c] succeeded in 121.2137608640005s: None
[2025-07-05 19:31:23,063: INFO/ForkPoolWorker-4] Fetching audios to process
[2025-07-05 19:31:24,752: INFO/MainProcess] Task apps.gallery.tasks.process_audio[90966773-0e05-4ac5-b011-4ef59b26c457] received
[2025-07-05 19:31:24,763: INFO/ForkPoolWorker-4] No audio files to process
[2025-07-05 19:31:25,353: INFO/ForkPoolWorker-4] Task apps.gallery.tasks.process_audio[c5995d7c-8e94-44f4-bde4-aeabe4da8038] succeeded in 2.2894604749999417s: None
[2025-07-05 19:31:25,354: INFO/ForkPoolWorker-4] Fetching audios to process
[2025-07-05 19:31:26,452: INFO/MainProcess] Task apps.gallery.tasks.populate_unsplash_images[05c71c31-ac14-49d5-a170-bdf67c5907f1] received
[2025-07-05 19:31:27,362: INFO/ForkPoolWorker-4] No audio files to process
[2025-07-05 19:31:27,951: INFO/ForkPoolWorker-4] Task apps.gallery.tasks.process_audio[10d30916-b8a1-42ce-b647-d740c3fafe73] succeeded in 2.5972319439970306s: None
[2025-07-05 19:31:27,952: INFO/ForkPoolWorker-4] Fetching unsplash images to process
[2025-07-05 19:31:27,952: INFO/ForkPoolWorker-4] Starting Unsplash to gcs uploader job at 2025-07-05T19:31:27.952279
[2025-07-05 19:31:27,952: INFO/ForkPoolWorker-4] Using 6 search queries: nature, people, food, travel, architecture, animals
[2025-07-05 19:31:29,151: INFO/MainProcess] Task apps.gallery.tasks.process_audio[123013d4-6c41-4ccd-8214-4badebb69255] received
[2025-07-05 19:31:34,555: INFO/ForkPoolWorker-2] Task apps.gallery.tasks.populate_unsplash_images[5ec2c5b9-8b13-49c9-9244-3070cb9a4e9b] succeeded in 125.00245610899947s: None
[2025-07-05 19:31:34,759: INFO/ForkPoolWorker-2] Fetching unsplash images to process
[2025-07-05 19:31:34,759: INFO/ForkPoolWorker-2] Starting Unsplash to gcs uploader job at 2025-07-05T19:31:34.759461
[2025-07-05 19:31:34,759: INFO/ForkPoolWorker-2] Using 6 search queries: nature, people, food, travel, architecture, animals
[2025-07-05 19:31:35,551: INFO/MainProcess] Task apps.gallery.tasks.populate_unsplash_images[d5bd8158-62bb-4e0e-8f6b-799c4094d862] received
[2025-07-05 19:32:46,049: INFO/ForkPoolWorker-3] Task apps.gallery.tasks.populate_unsplash_images[10260d86-23e6-4bf8-838c-1a7eaad503ec] succeeded in 125.89819739000086s: None
[2025-07-05 19:32:46,353: INFO/ForkPoolWorker-3] Fetching unsplash images to process
[2025-07-05 19:32:46,354: INFO/ForkPoolWorker-3] Starting Unsplash to gcs uploader job at 2025-07-05T19:32:46.354034
[2025-07-05 19:32:46,354: INFO/ForkPoolWorker-3] Using 6 search queries: nature, people, food, travel, architecture, animals
[2025-07-05 19:32:47,549: INFO/MainProcess] Task apps.gallery.tasks.process_audio[e5fc7847-e7ec-4aa0-986f-3ef5343366a3] received
[2025-07-05 19:33:31,550: INFO/ForkPoolWorker-4] Task apps.gallery.tasks.populate_unsplash_images[625ae697-4600-4725-93aa-79df08562bc0] succeeded in 123.60298048099867s: None
[2025-07-05 19:33:31,551: INFO/ForkPoolWorker-4] Fetching audios to process
[2025-07-05 19:33:33,149: INFO/MainProcess] Task apps.gallery.tasks.populate_unsplash_images[874c35f1-a543-4b50-aac9-71bc76a0155f] received
[2025-07-05 19:33:33,153: INFO/ForkPoolWorker-4] No audio files to process
[2025-07-05 19:33:33,549: INFO/ForkPoolWorker-4] Task apps.gallery.tasks.process_audio[1ef5feff-7ab5-4c7b-b38f-6946d19342d4] succeeded in 1.9979115370006184s: None
[2025-07-05 19:33:33,550: INFO/ForkPoolWorker-4] Fetching audios to process
[2025-07-05 19:33:34,649: INFO/MainProcess] Task apps.gallery.tasks.process_audio[194339dc-518e-43fd-9c9c-bfe978f8b01f] received
[2025-07-05 19:33:35,358: INFO/ForkPoolWorker-4] No audio files to process
[2025-07-05 19:33:35,949: INFO/ForkPoolWorker-4] Task apps.gallery.tasks.process_audio[4691291c-5c22-4d1c-ae44-f6c0653e9dbc] succeeded in 2.3997185949992854s: None
[2025-07-05 19:33:35,950: INFO/ForkPoolWorker-4] Fetching audios to process
[2025-07-05 19:33:37,049: INFO/MainProcess] Task apps.gallery.tasks.populate_unsplash_images[fd0d310b-e17d-4bf0-9332-5b94319a600d] received
[2025-07-05 19:33:38,449: INFO/ForkPoolWorker-2] Task apps.gallery.tasks.populate_unsplash_images[564bfe20-078c-4737-b3a3-9207ac72d4d5] succeeded in 123.69643822600119s: None
[2025-07-05 19:33:38,853: INFO/ForkPoolWorker-2] Fetching unsplash images to process
[2025-07-05 19:33:38,853: INFO/ForkPoolWorker-2] Starting Unsplash to gcs uploader job at 2025-07-05T19:33:38.853470
[2025-07-05 19:33:38,853: INFO/ForkPoolWorker-2] Using 6 search queries: nature, people, food, travel, architecture, animals
[2025-07-05 19:33:38,948: INFO/ForkPoolWorker-4] No audio files to process
[2025-07-05 19:33:39,749: INFO/ForkPoolWorker-4] Task apps.gallery.tasks.process_audio[21ffd2c0-a16b-4fba-a6ea-aa6f3299ae01] succeeded in 3.800366853000014s: None
[2025-07-05 19:33:39,750: INFO/ForkPoolWorker-4] Fetching audios to process
[2025-07-05 19:33:39,948: INFO/MainProcess] Task apps.gallery.tasks.populate_unsplash_images[1fce3acc-4cfb-4a8f-a270-ea0ddf29119e] received
[2025-07-05 19:33:41,149: INFO/MainProcess] Task apps.gallery.tasks.populate_unsplash_images[22b31a8a-4c8d-4a0b-98c0-0d337c34dfce] received
[2025-07-05 19:33:41,848: INFO/ForkPoolWorker-4] No audio files to process
[2025-07-05 19:33:42,250: INFO/ForkPoolWorker-4] Task apps.gallery.tasks.process_audio[2fee69bd-e310-4886-af54-8a02d371668b] succeeded in 2.4997798399999738s: None
[2025-07-05 19:33:42,250: INFO/ForkPoolWorker-4] Fetching unsplash images to process
[2025-07-05 19:33:42,250: INFO/ForkPoolWorker-4] Starting Unsplash to gcs uploader job at 2025-07-05T19:33:42.250901
[2025-07-05 19:33:42,251: INFO/ForkPoolWorker-4] Using 6 search queries: nature, people, food, travel, architecture, animals
[2025-07-05 19:33:43,348: INFO/MainProcess] Task apps.gallery.tasks.process_audio[e5a4141d-7768-4f63-98c3-a49f61ef851c] received
[2025-07-05 19:34:53,247: INFO/ForkPoolWorker-3] Task apps.gallery.tasks.populate_unsplash_images[a4c54d52-d432-4608-8382-949138e113c4] succeeded in 126.89886181199836s: None
[2025-07-05 19:34:53,651: INFO/ForkPoolWorker-3] Fetching unsplash images to process
[2025-07-05 19:34:53,652: INFO/ForkPoolWorker-3] Starting Unsplash to gcs uploader job at 2025-07-05T19:34:53.651973
[2025-07-05 19:34:53,652: INFO/ForkPoolWorker-3] Using 6 search queries: nature, people, food, travel, architecture, animals
[2025-07-05 19:34:55,249: INFO/MainProcess] Task apps.gallery.tasks.populate_unsplash_images[c13a8920-3b9e-4201-82c4-50dde602e782] received
[2025-07-05 19:35:42,648: INFO/ForkPoolWorker-2] Task apps.gallery.tasks.populate_unsplash_images[8edffbcf-d223-4513-aa37-c2fee4b08f9d] succeeded in 123.79964959199788s: None
[2025-07-05 19:35:42,950: INFO/ForkPoolWorker-2] Fetching audios to process
[2025-07-05 19:35:44,545: INFO/MainProcess] Task apps.gallery.tasks.populate_unsplash_images[ceb43b0c-326b-4ce3-9248-5f9a05e19ce0] received
[2025-07-05 19:35:45,046: INFO/ForkPoolWorker-2] No audio files to process
[2025-07-05 19:35:45,447: INFO/ForkPoolWorker-2] Task apps.gallery.tasks.process_audio[cd449e81-8bbd-420d-8e4b-3ae64f123c09] succeeded in 2.49721633900117s: None
[2025-07-05 19:35:45,850: INFO/ForkPoolWorker-2] Fetching unsplash images to process
[2025-07-05 19:35:45,850: INFO/ForkPoolWorker-2] Starting Unsplash to gcs uploader job at 2025-07-05T19:35:45.850498
[2025-07-05 19:35:45,850: INFO/ForkPoolWorker-2] Using 6 search queries: nature, people, food, travel, architecture, animals
[2025-07-05 19:35:46,047: INFO/ForkPoolWorker-4] Task apps.gallery.tasks.populate_unsplash_images[5f8d29cf-c763-409b-b2c7-cfa4cbabcba2] succeeded in 123.80105751899828s: None
[2025-07-05 19:35:46,047: INFO/ForkPoolWorker-4] Fetching audios to process
[2025-07-05 19:35:47,047: INFO/MainProcess] Task apps.gallery.tasks.process_audio[f3908cdb-0f9d-40b4-b95b-90ad25957a83] received
[2025-07-05 19:35:47,752: INFO/ForkPoolWorker-4] No audio files to process
[2025-07-05 19:35:48,146: INFO/ForkPoolWorker-4] Task apps.gallery.tasks.process_audio[8d5aa250-f196-4802-aa66-7e165e2eb49a] succeeded in 2.099108234000596s: None
[2025-07-05 19:35:48,146: INFO/MainProcess] Task apps.gallery.tasks.populate_unsplash_images[daf430aa-01b0-43a9-bc20-3719fe03c50f] received
[2025-07-05 19:35:48,147: INFO/ForkPoolWorker-4] Fetching audios to process
[2025-07-05 19:35:49,856: INFO/ForkPoolWorker-4] No audio files to process
[2025-07-05 19:35:50,046: INFO/MainProcess] Task apps.gallery.tasks.populate_unsplash_images[33760674-cc00-4af3-89cf-9afbbf0c6cee] received
[2025-07-05 19:35:50,246: INFO/ForkPoolWorker-4] Task apps.gallery.tasks.process_audio[97c38853-3999-4464-966d-51e1448d6120] succeeded in 2.0985469129991543s: None
[2025-07-05 19:35:50,246: INFO/ForkPoolWorker-4] Fetching audios to process
[2025-07-05 19:35:51,349: INFO/MainProcess] Task apps.gallery.tasks.populate_unsplash_images[b74842c6-935e-4ffe-abf4-39bc681c3166] received
[2025-07-05 19:35:52,245: INFO/ForkPoolWorker-4] No audio files to process
[2025-07-05 19:35:52,646: INFO/ForkPoolWorker-4] Task apps.gallery.tasks.process_audio[90966773-0e05-4ac5-b011-4ef59b26c457] succeeded in 2.399915346999478s: None
[2025-07-05 19:35:52,647: INFO/ForkPoolWorker-4] Fetching unsplash images to process
[2025-07-05 19:35:52,647: INFO/ForkPoolWorker-4] Starting Unsplash to gcs uploader job at 2025-07-05T19:35:52.647674
[2025-07-05 19:35:52,647: INFO/ForkPoolWorker-4] Using 6 search queries: nature, people, food, travel, architecture, animals
[2025-07-05 19:35:54,044: INFO/MainProcess] Task apps.gallery.tasks.process_audio[39ff2050-4f61-4931-b206-fa6b3fb2d45e] received
[2025-07-05 19:36:55,046: INFO/ForkPoolWorker-3] Task apps.gallery.tasks.populate_unsplash_images[68271912-4273-422f-9e8e-4eb8230189fc] succeeded in 121.39947633300108s: None
[2025-07-05 19:36:55,349: INFO/ForkPoolWorker-3] Fetching unsplash images to process
[2025-07-05 19:36:55,350: INFO/ForkPoolWorker-3] Starting Unsplash to gcs uploader job at 2025-07-05T19:36:55.350072
[2025-07-05 19:36:55,350: INFO/ForkPoolWorker-3] Using 6 search queries: nature, people, food, travel, architecture, animals
[2025-07-05 19:36:56,646: INFO/MainProcess] Task apps.gallery.tasks.process_audio[3fca08d2-8fd6-42cd-b323-99a46f567d36] received
[2025-07-05 19:37:49,843: INFO/ForkPoolWorker-2] Task apps.gallery.tasks.populate_unsplash_images[bb20370e-5c17-4f24-a123-dd29ccf6f63a] succeeded in 123.99855806199776s: None
[2025-07-05 19:37:50,046: INFO/ForkPoolWorker-2] Fetching audios to process
[2025-07-05 19:37:51,943: INFO/ForkPoolWorker-2] No audio files to process
[2025-07-05 19:37:51,942: ERROR/MainProcess] Received unregistered task of type 'apps.gallery.tasks.generate_metadata'.
The message has been ignored and discarded.

Did you remember to import the module containing this task?
Or maybe you're using relative imports?

Please see
https://docs.celeryq.dev/en/latest/internals/protocol.html
for more information.

The full contents of the message body was:
b'[[], {}, {"callbacks": null, "errbacks": null, "chain": null, "chord": null}]' (77b)

The full contents of the message headers:
{'lang': 'py', 'task': 'apps.gallery.tasks.generate_metadata', 'id': 'a5b56e4f-c6e0-48a1-ad72-9ef14ce4fcd2', 'shadow': None, 'eta': None, 'expires': None, 'group': None, 'group_index': None, 'retries': 0, 'timelimit': [None, None], 'root_id': 'a5b56e4f-c6e0-48a1-ad72-9ef14ce4fcd2', 'parent_id': None, 'argsrepr': '()', 'kwargsrepr': '{}', 'origin': 'gen7@63f692d7cb61', 'ignore_result': False, 'stamped_headers': None, 'stamps': {}}

The delivery info for this task is:
{'exchange': '', 'routing_key': 'celery'}
Traceback (most recent call last):
  File "/usr/local/lib/python3.12/site-packages/celery/worker/consumer/consumer.py", line 642, in on_task_received
    strategy = strategies[type_]
               ~~~~~~~~~~^^^^^^^
KeyError: 'apps.gallery.tasks.generate_metadata'
[2025-07-05 19:37:52,346: INFO/ForkPoolWorker-2] Task apps.gallery.tasks.process_audio[e5fc7847-e7ec-4aa0-986f-3ef5343366a3] succeeded in 2.300007084002573s: None
[2025-07-05 19:37:53,144: INFO/MainProcess] Task apps.gallery.tasks.populate_unsplash_images[eb851696-5df7-4a4d-854d-3c9ab481df9e] received
[2025-07-05 19:37:53,146: INFO/ForkPoolWorker-2] Fetching unsplash images to process
[2025-07-05 19:37:53,146: INFO/ForkPoolWorker-2] Starting Unsplash to gcs uploader job at 2025-07-05T19:37:53.146404
[2025-07-05 19:37:53,146: INFO/ForkPoolWorker-2] Using 6 search queries: nature, people, food, travel, architecture, animals
[2025-07-05 19:37:54,642: INFO/MainProcess] Task apps.gallery.tasks.process_audio[102b7311-4195-437d-9549-4546cb70dcb2] received
[2025-07-05 19:37:55,742: INFO/ForkPoolWorker-4] Task apps.gallery.tasks.populate_unsplash_images[05c71c31-ac14-49d5-a170-bdf67c5907f1] succeeded in 123.09985658599908s: None
[2025-07-05 19:37:55,743: INFO/ForkPoolWorker-4] Fetching audios to process
[2025-07-05 19:37:56,944: INFO/MainProcess] Task apps.gallery.tasks.process_audio[38207462-1c04-471e-92d3-8d22c6232241] received
[2025-07-05 19:37:57,750: INFO/ForkPoolWorker-4] No audio files to process
[2025-07-05 19:37:58,143: INFO/ForkPoolWorker-4] Task apps.gallery.tasks.process_audio[123013d4-6c41-4ccd-8214-4badebb69255] succeeded in 2.400286975000199s: None
[2025-07-05 19:37:58,144: INFO/ForkPoolWorker-4] Fetching audios to process
[2025-07-05 19:37:59,342: INFO/MainProcess] Task apps.gallery.tasks.populate_unsplash_images[f04ee903-c867-4cb6-a1b4-89d94697b04c] received
[2025-07-05 19:38:00,752: INFO/ForkPoolWorker-4] No audio files to process
[2025-07-05 19:38:01,453: INFO/ForkPoolWorker-4] Task apps.gallery.tasks.process_audio[194339dc-518e-43fd-9c9c-bfe978f8b01f] succeeded in 3.3090553670008376s: None
[2025-07-05 19:38:01,454: INFO/ForkPoolWorker-4] Fetching unsplash images to process
[2025-07-05 19:38:01,454: INFO/ForkPoolWorker-4] Starting Unsplash to gcs uploader job at 2025-07-05T19:38:01.454248
[2025-07-05 19:38:01,454: INFO/ForkPoolWorker-4] Using 6 search queries: nature, people, food, travel, architecture, animals
[2025-07-05 19:38:02,644: INFO/MainProcess] Task apps.gallery.tasks.populate_unsplash_images[631de1b4-d08a-4a45-9703-ada6de2bc569] received
[2025-07-05 19:38:34,847: INFO/MainProcess] missed heartbeat from celery@838e3ebc3f56
[2025-07-05 19:39:02,644: INFO/ForkPoolWorker-3] Task apps.gallery.tasks.populate_unsplash_images[d5bd8158-62bb-4e0e-8f6b-799c4094d862] succeeded in 127.29892509300043s: None
[2025-07-05 19:39:02,847: INFO/ForkPoolWorker-3] Fetching unsplash images to process
[2025-07-05 19:39:02,848: INFO/ForkPoolWorker-3] Starting Unsplash to gcs uploader job at 2025-07-05T19:39:02.848140
[2025-07-05 19:39:02,848: INFO/ForkPoolWorker-3] Using 6 search queries: nature, people, food, travel, architecture, animals
[2025-07-05 19:39:04,242: INFO/MainProcess] Task apps.gallery.tasks.process_audio[2a4fad19-005e-4a2c-8512-ea179e59837e] received
[2025-07-05 19:39:56,046: INFO/ForkPoolWorker-2] Task apps.gallery.tasks.populate_unsplash_images[874c35f1-a543-4b50-aac9-71bc76a0155f] succeeded in 122.90516379700057s: None
[2025-07-05 19:39:56,345: INFO/ForkPoolWorker-2] Fetching audios to process
[2025-07-05 19:39:57,740: INFO/MainProcess] Task apps.gallery.tasks.process_audio[3549b625-2009-42a6-9292-33a5f774d910] received
[2025-07-05 19:39:58,150: INFO/ForkPoolWorker-2] No audio files to process
[2025-07-05 19:39:58,542: INFO/ForkPoolWorker-2] Task apps.gallery.tasks.process_audio[e5a4141d-7768-4f63-98c3-a49f61ef851c] succeeded in 2.19669160599733s: None
[2025-07-05 19:39:58,746: INFO/ForkPoolWorker-2] Fetching unsplash images to process
[2025-07-05 19:39:58,746: INFO/ForkPoolWorker-2] Starting Unsplash to gcs uploader job at 2025-07-05T19:39:58.746547
[2025-07-05 19:39:58,746: INFO/ForkPoolWorker-2] Using 6 search queries: nature, people, food, travel, architecture, animals
[2025-07-05 19:39:59,540: ERROR/MainProcess] Received unregistered task of type 'apps.gallery.tasks.generate_metadata'.
The message has been ignored and discarded.

Did you remember to import the module containing this task?
Or maybe you're using relative imports?

Please see
https://docs.celeryq.dev/en/latest/internals/protocol.html
for more information.

The full contents of the message body was:
b'[[], {}, {"callbacks": null, "errbacks": null, "chain": null, "chord": null}]' (77b)

The full contents of the message headers:
{'lang': 'py', 'task': 'apps.gallery.tasks.generate_metadata', 'id': 'd9334a01-ee5d-4de5-930c-3731ffe669a6', 'shadow': None, 'eta': None, 'expires': None, 'group': None, 'group_index': None, 'retries': 0, 'timelimit': [None, None], 'root_id': 'd9334a01-ee5d-4de5-930c-3731ffe669a6', 'parent_id': None, 'argsrepr': '()', 'kwargsrepr': '{}', 'origin': 'gen7@63f692d7cb61', 'ignore_result': False, 'stamped_headers': None, 'stamps': {}}

The delivery info for this task is:
{'exchange': '', 'routing_key': 'celery'}
Traceback (most recent call last):
  File "/usr/local/lib/python3.12/site-packages/celery/worker/consumer/consumer.py", line 642, in on_task_received
    strategy = strategies[type_]
               ~~~~~~~~~~^^^^^^^
KeyError: 'apps.gallery.tasks.generate_metadata'
[2025-07-05 19:40:00,939: INFO/MainProcess] Task apps.gallery.tasks.populate_unsplash_images[f5f3bf08-ce1c-4b92-9e03-7e3115ed35fc] received
[2025-07-05 19:40:04,940: INFO/ForkPoolWorker-4] Task apps.gallery.tasks.populate_unsplash_images[fd0d310b-e17d-4bf0-9332-5b94319a600d] succeeded in 123.49139731499963s: None
[2025-07-05 19:40:04,941: INFO/ForkPoolWorker-4] Fetching unsplash images to process
[2025-07-05 19:40:04,941: INFO/ForkPoolWorker-4] Starting Unsplash to gcs uploader job at 2025-07-05T19:40:04.941875
[2025-07-05 19:40:04,942: INFO/ForkPoolWorker-4] Using 6 search queries: nature, people, food, travel, architecture, animals
[2025-07-05 19:40:06,145: INFO/MainProcess] Task apps.gallery.tasks.process_audio[79a98062-a13e-4a96-a169-5bca1814b766] received
[2025-07-05 19:41:05,641: INFO/ForkPoolWorker-3] Task apps.gallery.tasks.populate_unsplash_images[22b31a8a-4c8d-4a0b-98c0-0d337c34dfce] succeeded in 122.79805117000069s: None
[2025-07-05 19:41:06,044: INFO/ForkPoolWorker-3] Fetching audios to process
[2025-07-05 19:41:07,238: INFO/MainProcess] Task apps.gallery.tasks.process_audio[44979ff3-2d12-4a67-94a9-05c11028d549] received
[2025-07-05 19:41:08,248: INFO/ForkPoolWorker-3] No audio files to process
[2025-07-05 19:41:08,741: INFO/ForkPoolWorker-3] Task apps.gallery.tasks.process_audio[f3908cdb-0f9d-40b4-b95b-90ad25957a83] succeeded in 2.697629860998859s: None
[2025-07-05 19:41:08,943: INFO/ForkPoolWorker-3] Fetching unsplash images to process
[2025-07-05 19:41:08,943: INFO/ForkPoolWorker-3] Starting Unsplash to gcs uploader job at 2025-07-05T19:41:08.943451
[2025-07-05 19:41:08,943: INFO/ForkPoolWorker-3] Using 6 search queries: nature, people, food, travel, architecture, animals
[2025-07-05 19:41:09,838: INFO/MainProcess] Task apps.gallery.tasks.populate_unsplash_images[d79aad31-4c52-4d02-b7cc-58e084eaccf4] received
[2025-07-05 19:41:17,746: INFO/MainProcess] missed heartbeat from celery@838e3ebc3f56
[2025-07-05 19:41:53,139: INFO/MainProcess] missed heartbeat from celery@63f692d7cb61
[2025-07-05 19:42:04,046: INFO/ForkPoolWorker-2] Task apps.gallery.tasks.populate_unsplash_images[c13a8920-3b9e-4201-82c4-50dde602e782] succeeded in 125.30448933499792s: None
[2025-07-05 19:42:04,242: INFO/ForkPoolWorker-2] Fetching unsplash images to process
[2025-07-05 19:42:04,243: INFO/ForkPoolWorker-2] Starting Unsplash to gcs uploader job at 2025-07-05T19:42:04.243071
[2025-07-05 19:42:04,243: INFO/ForkPoolWorker-2] Using 6 search queries: nature, people, food, travel, architecture, animals
[2025-07-05 19:42:05,641: INFO/MainProcess] Task apps.gallery.tasks.populate_unsplash_images[a313d47b-e3a1-45c5-a2d4-c9da3ce61c24] received
[2025-07-05 19:42:08,839: INFO/ForkPoolWorker-4] Task apps.gallery.tasks.populate_unsplash_images[1fce3acc-4cfb-4a8f-a270-ea0ddf29119e] succeeded in 123.90292553299878s: None
[2025-07-05 19:42:08,840: INFO/ForkPoolWorker-4] Fetching unsplash images to process
[2025-07-05 19:42:08,840: INFO/ForkPoolWorker-4] Starting Unsplash to gcs uploader job at 2025-07-05T19:42:08.840252
[2025-07-05 19:42:08,840: INFO/ForkPoolWorker-4] Using 6 search queries: nature, people, food, travel, architecture, animals
[2025-07-05 19:42:10,140: INFO/MainProcess] Task apps.gallery.tasks.process_audio[0f2540d6-6563-4498-b57b-b4486d7d3354] received
[2025-07-05 19:43:13,237: INFO/ForkPoolWorker-3] Task apps.gallery.tasks.populate_unsplash_images[daf430aa-01b0-43a9-bc20-3719fe03c50f] succeeded in 124.29839493100008s: None
[2025-07-05 19:43:13,540: INFO/ForkPoolWorker-3] Fetching audios to process
[2025-07-05 19:43:15,254: INFO/ForkPoolWorker-3] No audio files to process
[2025-07-05 19:43:15,536: INFO/MainProcess] Task apps.gallery.tasks.process_audio[3b91fbb7-21da-425c-9d53-4e91318094c1] received
[2025-07-05 19:43:15,637: INFO/ForkPoolWorker-3] Task apps.gallery.tasks.process_audio[39ff2050-4f61-4931-b206-fa6b3fb2d45e] succeeded in 2.0976787350009545s: None
[2025-07-05 19:43:15,941: INFO/ForkPoolWorker-3] Fetching audios to process
[2025-07-05 19:43:16,836: INFO/MainProcess] Task apps.gallery.tasks.populate_unsplash_images[dd6b46c2-2f9f-40c4-b713-df03d33a98d8] received
[2025-07-05 19:43:17,838: INFO/ForkPoolWorker-3] No audio files to process
[2025-07-05 19:43:18,639: INFO/ForkPoolWorker-3] Task apps.gallery.tasks.process_audio[3fca08d2-8fd6-42cd-b323-99a46f567d36] succeeded in 2.6987305590009782s: None
[2025-07-05 19:43:19,239: INFO/ForkPoolWorker-3] Fetching unsplash images to process
[2025-07-05 19:43:19,239: INFO/ForkPoolWorker-3] Starting Unsplash to gcs uploader job at 2025-07-05T19:43:19.239670
[2025-07-05 19:43:19,239: INFO/ForkPoolWorker-3] Using 6 search queries: nature, people, food, travel, architecture, animals
[2025-07-05 19:43:20,137: INFO/MainProcess] Task apps.gallery.tasks.process_audio[5a043c2e-3d73-4719-ad69-bb8154183c40] received
[2025-07-05 19:44:09,334: INFO/ForkPoolWorker-4] Task apps.gallery.tasks.populate_unsplash_images[ceb43b0c-326b-4ce3-9248-5f9a05e19ce0] succeeded in 120.49942087900126s: None
[2025-07-05 19:44:09,335: INFO/ForkPoolWorker-4] Fetching unsplash images to process
[2025-07-05 19:44:09,335: INFO/ForkPoolWorker-4] Starting Unsplash to gcs uploader job at 2025-07-05T19:44:09.335480
[2025-07-05 19:44:09,335: INFO/ForkPoolWorker-4] Using 6 search queries: nature, people, food, travel, architecture, animals
[2025-07-05 19:44:09,338: INFO/ForkPoolWorker-2] Task apps.gallery.tasks.populate_unsplash_images[33760674-cc00-4af3-89cf-9afbbf0c6cee] succeeded in 125.1015737710004s: None
[2025-07-05 19:44:09,639: INFO/ForkPoolWorker-2] Fetching audios to process
[2025-07-05 19:44:11,036: INFO/MainProcess] Task apps.gallery.tasks.populate_unsplash_images[033011ad-9b69-4094-b932-25a5b4c0becb] received
[2025-07-05 19:44:11,634: INFO/MainProcess] Task apps.gallery.tasks.process_audio[0735d033-2c29-4995-b2ab-ce552800d448] received
[2025-07-05 19:44:11,934: INFO/ForkPoolWorker-2] No audio files to process
[2025-07-05 19:44:12,336: INFO/ForkPoolWorker-2] Task apps.gallery.tasks.process_audio[38207462-1c04-471e-92d3-8d22c6232241] succeeded in 2.6968628140020883s: None
[2025-07-05 19:44:12,540: INFO/ForkPoolWorker-2] Fetching unsplash images to process
[2025-07-05 19:44:12,540: INFO/ForkPoolWorker-2] Starting Unsplash to gcs uploader job at 2025-07-05T19:44:12.540692
[2025-07-05 19:44:12,540: INFO/ForkPoolWorker-2] Using 6 search queries: nature, people, food, travel, architecture, animals
[2025-07-05 19:44:13,334: INFO/MainProcess] Task apps.gallery.tasks.populate_unsplash_images[e97464ca-06fa-4eb1-9015-4c2ddcc424ca] received
[2025-07-05 19:45:22,235: INFO/ForkPoolWorker-3] Task apps.gallery.tasks.populate_unsplash_images[eb851696-5df7-4a4d-854d-3c9ab481df9e] succeeded in 123.00137646599978s: None
[2025-07-05 19:45:22,437: INFO/ForkPoolWorker-3] Fetching unsplash images to process
[2025-07-05 19:45:22,437: INFO/ForkPoolWorker-3] Starting Unsplash to gcs uploader job at 2025-07-05T19:45:22.437941
[2025-07-05 19:45:22,438: INFO/ForkPoolWorker-3] Using 6 search queries: nature, people, food, travel, architecture, animals
[2025-07-05 19:45:23,836: INFO/MainProcess] Task apps.gallery.tasks.process_audio[9494c2c2-1f12-402e-901c-d20c58568f05] received
[2025-07-05 19:46:15,033: INFO/ForkPoolWorker-4] Task apps.gallery.tasks.populate_unsplash_images[b74842c6-935e-4ffe-abf4-39bc681c3166] succeeded in 125.7020517969977s: None
[2025-07-05 19:46:15,034: INFO/ForkPoolWorker-4] Fetching audios to process
[2025-07-05 19:46:16,533: INFO/MainProcess] Task apps.gallery.tasks.process_audio[62912e58-df10-4f66-aa8a-fcb91a6eb477] received
[2025-07-05 19:46:16,637: INFO/ForkPoolWorker-4] No audio files to process
[2025-07-05 19:46:16,837: INFO/ForkPoolWorker-2] Task apps.gallery.tasks.populate_unsplash_images[f04ee903-c867-4cb6-a1b4-89d94697b04c] succeeded in 124.30148683399966s: None
[2025-07-05 19:46:17,032: INFO/ForkPoolWorker-4] Task apps.gallery.tasks.process_audio[102b7311-4195-437d-9549-4546cb70dcb2] succeeded in 1.9983707400024286s: None
[2025-07-05 19:46:17,033: INFO/ForkPoolWorker-4] Fetching audios to process
[2025-07-05 19:46:17,139: INFO/ForkPoolWorker-2] Fetching unsplash images to process
[2025-07-05 19:46:17,139: INFO/ForkPoolWorker-2] Starting Unsplash to gcs uploader job at 2025-07-05T19:46:17.139873
[2025-07-05 19:46:17,139: INFO/ForkPoolWorker-2] Using 6 search queries: nature, people, food, travel, architecture, animals
[2025-07-05 19:46:18,432: INFO/MainProcess] Task apps.gallery.tasks.populate_unsplash_images[e16a5346-4e08-47ca-a4b6-3a8e701b60f5] received
[2025-07-05 19:46:19,134: INFO/MainProcess] Task apps.gallery.tasks.process_audio[e0211f10-f6d8-4f8b-b71c-5c591a732249] received
[2025-07-05 19:46:19,538: INFO/ForkPoolWorker-4] No audio files to process
[2025-07-05 19:46:19,934: INFO/ForkPoolWorker-4] Task apps.gallery.tasks.process_audio[2a4fad19-005e-4a2c-8512-ea179e59837e] succeeded in 2.9018312549997063s: None
[2025-07-05 19:46:19,935: INFO/ForkPoolWorker-4] Fetching audios to process
[2025-07-05 19:46:20,933: INFO/MainProcess] Task apps.gallery.tasks.populate_unsplash_images[dc0a0d5b-24d2-4f75-a6d5-95f4a5b1be95] received
[2025-07-05 19:46:22,140: INFO/ForkPoolWorker-4] No audio files to process
[2025-07-05 19:46:22,532: INFO/ForkPoolWorker-4] Task apps.gallery.tasks.process_audio[3549b625-2009-42a6-9292-33a5f774d910] succeeded in 2.596728181000799s: None
[2025-07-05 19:46:22,533: INFO/ForkPoolWorker-4] Fetching audios to process
[2025-07-05 19:46:23,735: INFO/MainProcess] Task apps.gallery.tasks.process_audio[07ac6293-7f74-4b29-83fe-aeb76abdbdf1] received
[2025-07-05 19:46:25,033: INFO/ForkPoolWorker-4] No audio files to process
[2025-07-05 19:46:25,434: INFO/ForkPoolWorker-4] Task apps.gallery.tasks.process_audio[79a98062-a13e-4a96-a169-5bca1814b766] succeeded in 2.9016744879991165s: None
[2025-07-05 19:46:25,435: INFO/ForkPoolWorker-4] Fetching audios to process
[2025-07-05 19:46:26,532: INFO/MainProcess] Task apps.gallery.tasks.populate_unsplash_images[c3b360fa-98f9-4ee4-8075-c9d655687111] received
[2025-07-05 19:46:27,241: INFO/ForkPoolWorker-4] No audio files to process
[2025-07-05 19:46:27,932: INFO/ForkPoolWorker-4] Task apps.gallery.tasks.process_audio[44979ff3-2d12-4a67-94a9-05c11028d549] succeeded in 2.497119350999128s: None
[2025-07-05 19:46:27,933: INFO/ForkPoolWorker-4] Fetching unsplash images to process
[2025-07-05 19:46:27,933: INFO/ForkPoolWorker-4] Starting Unsplash to gcs uploader job at 2025-07-05T19:46:27.933611
[2025-07-05 19:46:27,933: INFO/ForkPoolWorker-4] Using 6 search queries: nature, people, food, travel, architecture, animals
[2025-07-05 19:46:29,132: INFO/MainProcess] Task apps.gallery.tasks.process_audio[eeae4c8e-b74c-44e4-bcae-9677a664fc34] received
[2025-07-05 19:47:29,935: INFO/ForkPoolWorker-3] Task apps.gallery.tasks.populate_unsplash_images[631de1b4-d08a-4a45-9703-ada6de2bc569] succeeded in 127.50190673199904s: None
[2025-07-05 19:47:30,136: INFO/ForkPoolWorker-3] Fetching audios to process
[2025-07-05 19:47:31,540: INFO/ForkPoolWorker-3] No audio files to process
[2025-07-05 19:47:31,631: INFO/MainProcess] Task apps.gallery.tasks.populate_unsplash_images[ec4d7ddf-2611-4080-ad9a-735f335e6194] received
[2025-07-05 19:47:31,932: INFO/ForkPoolWorker-3] Task apps.gallery.tasks.process_audio[0f2540d6-6563-4498-b57b-b4486d7d3354] succeeded in 1.795602032001625s: None
[2025-07-05 19:47:32,135: INFO/ForkPoolWorker-3] Fetching audios to process
[2025-07-05 19:47:33,032: INFO/MainProcess] Task apps.gallery.tasks.populate_unsplash_images[2bb387f4-2528-43ac-b07b-ef94d193abc2] received
[2025-07-05 19:47:33,631: INFO/ForkPoolWorker-3] No audio files to process
[2025-07-05 19:47:34,435: INFO/ForkPoolWorker-3] Task apps.gallery.tasks.process_audio[3b91fbb7-21da-425c-9d53-4e91318094c1] succeeded in 2.300534155998321s: None
[2025-07-05 19:47:34,635: INFO/ForkPoolWorker-3] Fetching unsplash images to process
[2025-07-05 19:47:34,636: INFO/ForkPoolWorker-3] Starting Unsplash to gcs uploader job at 2025-07-05T19:47:34.635987
[2025-07-05 19:47:34,636: INFO/ForkPoolWorker-3] Using 6 search queries: nature, people, food, travel, architecture, animals
[2025-07-05 19:47:35,433: INFO/MainProcess] Task apps.gallery.tasks.process_audio[6651a81e-ebbc-496d-ad27-3a68c5ae3d75] received
[2025-07-05 19:48:22,431: INFO/ForkPoolWorker-2] Task apps.gallery.tasks.populate_unsplash_images[f5f3bf08-ce1c-4b92-9e03-7e3115ed35fc] succeeded in 125.29690157599907s: None
[2025-07-05 19:48:22,636: INFO/ForkPoolWorker-2] Fetching audios to process
[2025-07-05 19:48:24,332: INFO/MainProcess] Task apps.gallery.tasks.process_audio[e0975589-523a-4026-a788-f59f054ee8b0] received
[2025-07-05 19:48:24,931: INFO/ForkPoolWorker-2] No audio files to process
[2025-07-05 19:48:25,433: INFO/ForkPoolWorker-2] Task apps.gallery.tasks.process_audio[5a043c2e-3d73-4719-ad69-bb8154183c40] succeeded in 2.796953166998719s: None
[2025-07-05 19:48:25,835: INFO/ForkPoolWorker-2] Fetching unsplash images to process
[2025-07-05 19:48:25,835: INFO/ForkPoolWorker-2] Starting Unsplash to gcs uploader job at 2025-07-05T19:48:25.835944
[2025-07-05 19:48:25,836: INFO/ForkPoolWorker-2] Using 6 search queries: nature, people, food, travel, architecture, animals
[2025-07-05 19:48:26,631: INFO/MainProcess] Task apps.gallery.tasks.populate_unsplash_images[0863370b-7a96-4c7d-8ce1-2509c085fefb] received
[2025-07-05 19:48:31,831: INFO/ForkPoolWorker-4] Task apps.gallery.tasks.populate_unsplash_images[d79aad31-4c52-4d02-b7cc-58e084eaccf4] succeeded in 123.90314333100105s: None
[2025-07-05 19:48:31,832: INFO/ForkPoolWorker-4] Fetching unsplash images to process
[2025-07-05 19:48:31,832: INFO/ForkPoolWorker-4] Starting Unsplash to gcs uploader job at 2025-07-05T19:48:31.832787
[2025-07-05 19:48:31,832: INFO/ForkPoolWorker-4] Using 6 search queries: nature, people, food, travel, architecture, animals
[2025-07-05 19:48:32,930: INFO/MainProcess] Task apps.gallery.tasks.process_audio[9341b29d-baa8-410a-b9ff-125028d30cae] received
[2025-07-05 19:49:38,728: INFO/ForkPoolWorker-3] Task apps.gallery.tasks.populate_unsplash_images[dd6b46c2-2f9f-40c4-b713-df03d33a98d8] succeeded in 124.09912006200102s: None
[2025-07-05 19:49:38,934: INFO/ForkPoolWorker-3] Fetching unsplash images to process
[2025-07-05 19:49:38,934: INFO/ForkPoolWorker-3] Starting Unsplash to gcs uploader job at 2025-07-05T19:49:38.934843
[2025-07-05 19:49:38,934: INFO/ForkPoolWorker-3] Using 6 search queries: nature, people, food, travel, architecture, animals
[2025-07-05 19:49:40,428: INFO/MainProcess] Task apps.gallery.tasks.process_audio[e931291b-d806-4abf-8320-e952970b7d0f] received
[2025-07-05 19:50:31,233: INFO/ForkPoolWorker-2] Task apps.gallery.tasks.populate_unsplash_images[033011ad-9b69-4094-b932-25a5b4c0becb] succeeded in 125.40264091299832s: None
[2025-07-05 19:50:31,634: INFO/ForkPoolWorker-2] Fetching audios to process
[2025-07-05 19:50:32,928: INFO/MainProcess] Task apps.gallery.tasks.process_audio[2d1c3015-99e8-416c-938d-fa67af6bd509] received
[2025-07-05 19:50:34,040: INFO/ForkPoolWorker-2] No audio files to process
[2025-07-05 19:50:34,430: INFO/ForkPoolWorker-2] Task apps.gallery.tasks.process_audio[9494c2c2-1f12-402e-901c-d20c58568f05] succeeded in 2.7960197209977196s: None
[2025-07-05 19:50:34,633: INFO/ForkPoolWorker-2] Fetching audios to process
[2025-07-05 19:50:35,528: INFO/MainProcess] Task apps.gallery.tasks.populate_unsplash_images[62f7c96a-dc5f-4c13-98bd-410d831cd971] received
[2025-07-05 19:50:37,240: INFO/ForkPoolWorker-2] No audio files to process
[2025-07-05 19:50:37,629: INFO/ForkPoolWorker-2] Task apps.gallery.tasks.process_audio[62912e58-df10-4f66-aa8a-fcb91a6eb477] succeeded in 2.997067378000793s: None
[2025-07-05 19:50:37,830: INFO/ForkPoolWorker-2] Fetching unsplash images to process
[2025-07-05 19:50:37,830: INFO/ForkPoolWorker-2] Starting Unsplash to gcs uploader job at 2025-07-05T19:50:37.830660
[2025-07-05 19:50:37,830: INFO/ForkPoolWorker-2] Using 6 search queries: nature, people, food, travel, architecture, animals
[2025-07-05 19:50:39,228: INFO/MainProcess] Task apps.gallery.tasks.process_audio[8428ad1a-0ca5-4584-8ad4-30189c72521d] received
[2025-07-05 19:50:42,830: INFO/ForkPoolWorker-4] Task apps.gallery.tasks.populate_unsplash_images[a313d47b-e3a1-45c5-a2d4-c9da3ce61c24] succeeded in 131.00411115300085s: None
[2025-07-05 19:50:42,831: INFO/ForkPoolWorker-4] Fetching audios to process
[2025-07-05 19:50:44,227: ERROR/MainProcess] Received unregistered task of type 'apps.gallery.tasks.generate_metadata'.
The message has been ignored and discarded.

Did you remember to import the module containing this task?
Or maybe you're using relative imports?

Please see
https://docs.celeryq.dev/en/latest/internals/protocol.html
for more information.

The full contents of the message body was:
b'[[], {}, {"callbacks": null, "errbacks": null, "chain": null, "chord": null}]' (77b)

The full contents of the message headers:
{'lang': 'py', 'task': 'apps.gallery.tasks.generate_metadata', 'id': 'ff475b38-905a-4114-a806-37a59c6b6abd', 'shadow': None, 'eta': None, 'expires': None, 'group': None, 'group_index': None, 'retries': 0, 'timelimit': [None, None], 'root_id': 'ff475b38-905a-4114-a806-37a59c6b6abd', 'parent_id': None, 'argsrepr': '()', 'kwargsrepr': '{}', 'origin': 'gen7@63f692d7cb61', 'ignore_result': False, 'stamped_headers': None, 'stamps': {}}

The delivery info for this task is:
{'exchange': '', 'routing_key': 'celery'}
Traceback (most recent call last):
  File "/usr/local/lib/python3.12/site-packages/celery/worker/consumer/consumer.py", line 642, in on_task_received
    strategy = strategies[type_]
               ~~~~~~~~~~^^^^^^^
KeyError: 'apps.gallery.tasks.generate_metadata'
[2025-07-05 19:50:45,128: INFO/ForkPoolWorker-4] No audio files to process
[2025-07-05 19:50:45,428: INFO/MainProcess] Task apps.gallery.tasks.populate_unsplash_images[e4f706a6-3a11-440e-a1e3-cd07101ba72a] received
[2025-07-05 19:50:45,527: INFO/ForkPoolWorker-4] Task apps.gallery.tasks.process_audio[0735d033-2c29-4995-b2ab-ce552800d448] succeeded in 2.6967323959979694s: None
[2025-07-05 19:50:45,528: INFO/ForkPoolWorker-4] Fetching audios to process
[2025-07-05 19:50:46,926: INFO/MainProcess] Task apps.gallery.tasks.process_audio[5d93219b-a393-4978-a904-e5a3c584a86a] received
[2025-07-05 19:50:47,433: INFO/ForkPoolWorker-4] No audio files to process
[2025-07-05 19:50:47,827: INFO/ForkPoolWorker-4] Task apps.gallery.tasks.process_audio[e0211f10-f6d8-4f8b-b71c-5c591a732249] succeeded in 2.2991076149992296s: None
[2025-07-05 19:50:47,828: INFO/ForkPoolWorker-4] Fetching unsplash images to process
[2025-07-05 19:50:47,829: INFO/ForkPoolWorker-4] Starting Unsplash to gcs uploader job at 2025-07-05T19:50:47.829001
[2025-07-05 19:50:47,829: INFO/ForkPoolWorker-4] Using 6 search queries: nature, people, food, travel, architecture, animals
[2025-07-05 19:50:49,528: INFO/MainProcess] Task apps.gallery.tasks.populate_unsplash_images[56a40ef6-0b45-4158-b6b8-e4575c23d778] received
[2025-07-05 19:51:47,127: INFO/ForkPoolWorker-3] Task apps.gallery.tasks.populate_unsplash_images[e97464ca-06fa-4eb1-9015-4c2ddcc424ca] succeeded in 128.19760188600048s: None
[2025-07-05 19:51:47,332: INFO/ForkPoolWorker-3] Fetching unsplash images to process
[2025-07-05 19:51:47,332: INFO/ForkPoolWorker-3] Starting Unsplash to gcs uploader job at 2025-07-05T19:51:47.332642
[2025-07-05 19:51:47,332: INFO/ForkPoolWorker-3] Using 6 search queries: nature, people, food, travel, architecture, animals
[2025-07-05 19:51:48,726: INFO/MainProcess] Task apps.gallery.tasks.populate_unsplash_images[14f6bb5d-8139-4108-9fc5-470de8e2afc3] received
[2025-07-05 19:52:44,225: INFO/ForkPoolWorker-2] Task apps.gallery.tasks.populate_unsplash_images[e16a5346-4e08-47ca-a4b6-3a8e701b60f5] succeeded in 126.40067654000086s: None
[2025-07-05 19:52:44,429: INFO/ForkPoolWorker-2] Fetching audios to process
[2025-07-05 19:52:46,124: INFO/MainProcess] Task apps.gallery.tasks.populate_unsplash_images[321ee95b-dd0f-4b74-8d23-7471177081b9] received
[2025-07-05 19:52:46,533: INFO/ForkPoolWorker-2] No audio files to process
[2025-07-05 19:52:47,127: INFO/ForkPoolWorker-2] Task apps.gallery.tasks.process_audio[eeae4c8e-b74c-44e4-bcae-9677a664fc34] succeeded in 2.697742823002045s: None
[2025-07-05 19:52:47,330: INFO/ForkPoolWorker-2] Fetching unsplash images to process
[2025-07-05 19:52:47,330: INFO/ForkPoolWorker-2] Starting Unsplash to gcs uploader job at 2025-07-05T19:52:47.330544
[2025-07-05 19:52:47,330: INFO/ForkPoolWorker-2] Using 6 search queries: nature, people, food, travel, architecture, animals
[2025-07-05 19:52:48,824: INFO/MainProcess] Task apps.gallery.tasks.process_audio[a1ccb883-1b80-4c12-95bc-4a83efbb484f] received
[2025-07-05 19:52:54,424: INFO/ForkPoolWorker-4] Task apps.gallery.tasks.populate_unsplash_images[dc0a0d5b-24d2-4f75-a6d5-95f4a5b1be95] succeeded in 126.60121498999797s: None
[2025-07-05 19:52:54,425: INFO/ForkPoolWorker-4] Fetching audios to process
[2025-07-05 19:52:55,927: INFO/MainProcess] Task apps.gallery.tasks.populate_unsplash_images[9f4c8e13-3a00-47fc-a236-c1440fff7d6d] received
[2025-07-05 19:52:56,032: INFO/ForkPoolWorker-4] No audio files to process
[2025-07-05 19:52:56,525: INFO/ForkPoolWorker-4] Task apps.gallery.tasks.process_audio[07ac6293-7f74-4b29-83fe-aeb76abdbdf1] succeeded in 2.099754988998029s: None
[2025-07-05 19:52:56,526: INFO/ForkPoolWorker-4] Fetching unsplash images to process
[2025-07-05 19:52:56,526: INFO/ForkPoolWorker-4] Starting Unsplash to gcs uploader job at 2025-07-05T19:52:56.526611
[2025-07-05 19:52:56,526: INFO/ForkPoolWorker-4] Using 6 search queries: nature, people, food, travel, architecture, animals
[2025-07-05 19:52:57,624: INFO/MainProcess] Task apps.gallery.tasks.process_audio[210023cb-ca29-432c-b788-5a3bbfe6cd59] received
[2025-07-05 19:53:12,928: INFO/MainProcess] missed heartbeat from celery@838e3ebc3f56
[2025-07-05 19:53:12,928: INFO/MainProcess] missed heartbeat from celery@63f692d7cb61
[2025-07-05 19:53:55,732: INFO/ForkPoolWorker-3] Task apps.gallery.tasks.populate_unsplash_images[c3b360fa-98f9-4ee4-8075-c9d655687111] succeeded in 128.40555898399907s: None
[2025-07-05 19:53:55,928: INFO/ForkPoolWorker-3] Fetching audios to process
[2025-07-05 19:53:56,925: INFO/MainProcess] Task apps.gallery.tasks.populate_unsplash_images[fc16867b-0483-438f-85aa-a6af95c1012c] received
[2025-07-05 19:53:57,926: INFO/ForkPoolWorker-3] No audio files to process
[2025-07-05 19:53:58,328: INFO/ForkPoolWorker-3] Task apps.gallery.tasks.process_audio[e0975589-523a-4026-a788-f59f054ee8b0] succeeded in 2.4001584590005223s: None
[2025-07-05 19:53:58,533: INFO/ForkPoolWorker-3] Fetching unsplash images to process
[2025-07-05 19:53:58,533: INFO/ForkPoolWorker-3] Starting Unsplash to gcs uploader job at 2025-07-05T19:53:58.533734
[2025-07-05 19:53:58,533: INFO/ForkPoolWorker-3] Using 6 search queries: nature, people, food, travel, architecture, animals
[2025-07-05 19:53:59,323: INFO/MainProcess] Task apps.gallery.tasks.process_audio[380794f8-8a1c-4bad-b772-d0855bb606da] received
[2025-07-05 19:54:57,525: INFO/ForkPoolWorker-2] Task apps.gallery.tasks.populate_unsplash_images[ec4d7ddf-2611-4080-ad9a-735f335e6194] succeeded in 130.20031780900172s: None
[2025-07-05 19:54:57,826: INFO/ForkPoolWorker-2] Fetching audios to process
[2025-07-05 19:54:59,422: INFO/MainProcess] Task apps.gallery.tasks.populate_unsplash_images[5c77d475-3f73-4d37-b7db-fa3b132f58f3] received
[2025-07-05 19:55:00,163: INFO/ForkPoolWorker-2] No audio files to process
[2025-07-05 19:55:00,523: INFO/ForkPoolWorker-2] Task apps.gallery.tasks.process_audio[9341b29d-baa8-410a-b9ff-125028d30cae] succeeded in 2.6973464990005596s: None
[2025-07-05 19:55:00,726: INFO/ForkPoolWorker-2] Fetching audios to process
[2025-07-05 19:55:01,822: INFO/MainProcess] Task apps.gallery.tasks.populate_unsplash_images[5e8f1dff-bf84-4660-925d-59c3be8a4471] received
[2025-07-05 19:55:02,425: INFO/ForkPoolWorker-2] No audio files to process
[2025-07-05 19:55:02,828: INFO/ForkPoolWorker-2] Task apps.gallery.tasks.process_audio[e931291b-d806-4abf-8320-e952970b7d0f] succeeded in 2.101901275000273s: None
[2025-07-05 19:55:03,225: INFO/ForkPoolWorker-2] Fetching audios to process
[2025-07-05 19:55:03,730: INFO/ForkPoolWorker-4] Task apps.gallery.tasks.populate_unsplash_images[2bb387f4-2528-43ac-b07b-ef94d193abc2] succeeded in 127.20919937299914s: None
[2025-07-05 19:55:03,731: INFO/ForkPoolWorker-4] Fetching audios to process
[2025-07-05 19:55:04,522: INFO/MainProcess] Task apps.gallery.tasks.process_audio[641a4bd8-b603-4631-8b31-00fcd9829f26] received
[2025-07-05 19:55:05,027: INFO/ForkPoolWorker-2] No audio files to process
[2025-07-05 19:55:05,223: INFO/ForkPoolWorker-4] No audio files to process
[2025-07-05 19:55:05,624: INFO/ForkPoolWorker-2] Task apps.gallery.tasks.process_audio[2d1c3015-99e8-416c-938d-fa67af6bd509] succeeded in 2.39815702299893s: None
[2025-07-05 19:55:05,823: INFO/MainProcess] Task apps.gallery.tasks.populate_unsplash_images[c03e5d03-ae91-4847-9b48-3f451a2757e3] received
[2025-07-05 19:55:05,830: INFO/ForkPoolWorker-4] Task apps.gallery.tasks.process_audio[6651a81e-ebbc-496d-ad27-3a68c5ae3d75] succeeded in 2.0997679350002727s: None
[2025-07-05 19:55:05,831: INFO/ForkPoolWorker-4] Fetching unsplash images to process
[2025-07-05 19:55:05,831: INFO/ForkPoolWorker-4] Starting Unsplash to gcs uploader job at 2025-07-05T19:55:05.831891
[2025-07-05 19:55:05,831: INFO/ForkPoolWorker-4] Using 6 search queries: nature, people, food, travel, architecture, animals
[2025-07-05 19:55:06,029: INFO/ForkPoolWorker-2] Fetching unsplash images to process
[2025-07-05 19:55:06,029: INFO/ForkPoolWorker-2] Starting Unsplash to gcs uploader job at 2025-07-05T19:55:06.029690
[2025-07-05 19:55:06,029: INFO/ForkPoolWorker-2] Using 6 search queries: nature, people, food, travel, architecture, animals
[2025-07-05 19:55:07,223: INFO/MainProcess] Task apps.gallery.tasks.process_audio[ab668ca8-5e09-4e7f-9446-b0669f2a19e3] received
[2025-07-05 19:55:08,022: INFO/MainProcess] Task apps.gallery.tasks.populate_unsplash_images[34121bf8-5ee7-46ca-82ca-94725b766c2b] received
[2025-07-05 19:56:01,622: INFO/ForkPoolWorker-3] Task apps.gallery.tasks.populate_unsplash_images[0863370b-7a96-4c7d-8ce1-2509c085fefb] succeeded in 123.09445055800097s: None
[2025-07-05 19:56:01,924: INFO/ForkPoolWorker-3] Fetching audios to process
[2025-07-05 19:56:03,620: INFO/MainProcess] Task apps.gallery.tasks.populate_unsplash_images[589b5ddb-7bf2-4db1-b5e4-ee6b5742db7c] received
[2025-07-05 19:56:04,530: INFO/ForkPoolWorker-3] No audio files to process
[2025-07-05 19:56:05,224: INFO/ForkPoolWorker-3] Task apps.gallery.tasks.process_audio[5d93219b-a393-4978-a904-e5a3c584a86a] succeeded in 3.3001591350002855s: None
[2025-07-05 19:56:05,428: INFO/ForkPoolWorker-3] Fetching unsplash images to process
[2025-07-05 19:56:05,428: INFO/ForkPoolWorker-3] Starting Unsplash to gcs uploader job at 2025-07-05T19:56:05.428385
[2025-07-05 19:56:05,428: INFO/ForkPoolWorker-3] Using 6 search queries: nature, people, food, travel, architecture, animals
[2025-07-05 19:56:06,727: INFO/MainProcess] Task apps.gallery.tasks.populate_unsplash_images[aae24420-38ec-4a7b-8215-ef0bba69303b] received
[2025-07-05 19:57:06,920: INFO/ForkPoolWorker-4] Task apps.gallery.tasks.populate_unsplash_images[62f7c96a-dc5f-4c13-98bd-410d831cd971] succeeded in 121.09385444399959s: None
[2025-07-05 19:57:06,921: INFO/ForkPoolWorker-4] Fetching audios to process
[2025-07-05 19:57:07,627: INFO/ForkPoolWorker-2] Task apps.gallery.tasks.populate_unsplash_images[e4f706a6-3a11-440e-a1e3-cd07101ba72a] succeeded in 121.60463071599952s: None
[2025-07-05 19:57:08,320: INFO/MainProcess] Task apps.gallery.tasks.process_audio[c6f9485a-cc4a-4b8a-93e5-848cae570783] received
[2025-07-05 19:57:08,320: INFO/ForkPoolWorker-2] Fetching unsplash images to process
[2025-07-05 19:57:08,321: INFO/ForkPoolWorker-2] Starting Unsplash to gcs uploader job at 2025-07-05T19:57:08.321113
[2025-07-05 19:57:08,321: INFO/ForkPoolWorker-2] Using 6 search queries: nature, people, food, travel, architecture, animals
[2025-07-05 19:57:08,527: INFO/ForkPoolWorker-4] No audio files to process
[2025-07-05 19:57:08,920: INFO/ForkPoolWorker-4] Task apps.gallery.tasks.process_audio[8428ad1a-0ca5-4584-8ad4-30189c72521d] succeeded in 2.0001493639974797s: None
[2025-07-05 19:57:08,921: INFO/ForkPoolWorker-4] Fetching unsplash images to process
[2025-07-05 19:57:08,921: INFO/ForkPoolWorker-4] Starting Unsplash to gcs uploader job at 2025-07-05T19:57:08.921263
[2025-07-05 19:57:08,921: INFO/ForkPoolWorker-4] Using 6 search queries: nature, people, food, travel, architecture, animals
[2025-07-05 19:57:09,319: INFO/MainProcess] Task apps.gallery.tasks.populate_unsplash_images[8f5c0ff3-bf79-48fb-9454-3d62f9f0d11f] received
[2025-07-05 19:57:10,119: INFO/MainProcess] Task apps.gallery.tasks.process_audio[d335c47d-32a6-4e25-8bdf-9af0110b5711] received
[2025-07-05 19:57:44,724: INFO/MainProcess] missed heartbeat from celery@838e3ebc3f56
[2025-07-05 19:58:09,419: INFO/ForkPoolWorker-3] Task apps.gallery.tasks.populate_unsplash_images[56a40ef6-0b45-4158-b6b8-e4575c23d778] succeeded in 123.99798041900067s: None
[2025-07-05 19:58:09,624: INFO/ForkPoolWorker-3] Fetching unsplash images to process
[2025-07-05 19:58:09,624: INFO/ForkPoolWorker-3] Starting Unsplash to gcs uploader job at 2025-07-05T19:58:09.624132
[2025-07-05 19:58:09,624: INFO/ForkPoolWorker-3] Using 6 search queries: nature, people, food, travel, architecture, animals
[2025-07-05 19:58:11,330: INFO/MainProcess] Task apps.gallery.tasks.populate_unsplash_images[5b1c2e55-27ef-4a5f-927e-af88d936bab1] received
[2025-07-05 19:59:13,517: INFO/ForkPoolWorker-2] Task apps.gallery.tasks.populate_unsplash_images[321ee95b-dd0f-4b74-8d23-7471177081b9] succeeded in 125.20267129300191s: None
[2025-07-05 19:59:13,721: INFO/ForkPoolWorker-2] Fetching audios to process
[2025-07-05 19:59:14,322: INFO/ForkPoolWorker-4] Task apps.gallery.tasks.populate_unsplash_images[14f6bb5d-8139-4108-9fc5-470de8e2afc3] succeeded in 125.40741015599997s: None
[2025-07-05 19:59:14,323: INFO/ForkPoolWorker-4] Fetching audios to process
[2025-07-05 19:59:14,916: INFO/MainProcess] Task apps.gallery.tasks.populate_unsplash_images[fef39227-8208-4f02-940e-9ced0dbc0a92] received
[2025-07-05 19:59:15,719: INFO/ForkPoolWorker-2] No audio files to process
[2025-07-05 19:59:15,916: INFO/MainProcess] Task apps.gallery.tasks.process_audio[b9c12024-6c85-4406-8f77-21679d8b1cb9] received
[2025-07-05 19:59:16,119: INFO/ForkPoolWorker-2] Task apps.gallery.tasks.process_audio[210023cb-ca29-432c-b788-5a3bbfe6cd59] succeeded in 2.398126988002332s: None
[2025-07-05 19:59:16,420: INFO/ForkPoolWorker-2] Fetching audios to process
[2025-07-05 19:59:16,421: INFO/ForkPoolWorker-4] No audio files to process
[2025-07-05 19:59:16,817: INFO/ForkPoolWorker-4] Task apps.gallery.tasks.process_audio[a1ccb883-1b80-4c12-95bc-4a83efbb484f] succeeded in 2.493437098997674s: None
[2025-07-05 19:59:16,817: INFO/ForkPoolWorker-4] Fetching unsplash images to process
[2025-07-05 19:59:16,818: INFO/ForkPoolWorker-4] Starting Unsplash to gcs uploader job at 2025-07-05T19:59:16.818022
[2025-07-05 19:59:16,818: INFO/ForkPoolWorker-4] Using 6 search queries: nature, people, food, travel, architecture, animals
[2025-07-05 19:59:17,422: INFO/MainProcess] Task apps.gallery.tasks.populate_unsplash_images[997d969e-521f-4361-bda5-c69a90e8d69d] received
[2025-07-05 19:59:18,717: INFO/MainProcess] Task apps.gallery.tasks.process_audio[883d3eb6-5956-4c81-95ef-21dab0e6d8e6] received
[2025-07-05 19:59:19,519: INFO/ForkPoolWorker-2] No audio files to process
[2025-07-05 19:59:19,918: INFO/ForkPoolWorker-2] Task apps.gallery.tasks.process_audio[380794f8-8a1c-4bad-b772-d0855bb606da] succeeded in 3.4981839040010527s: None
[2025-07-05 19:59:20,125: INFO/ForkPoolWorker-2] Fetching unsplash images to process
[2025-07-05 19:59:20,125: INFO/ForkPoolWorker-2] Starting Unsplash to gcs uploader job at 2025-07-05T19:59:20.125389
[2025-07-05 19:59:20,125: INFO/ForkPoolWorker-2] Using 6 search queries: nature, people, food, travel, architecture, animals
[2025-07-05 19:59:21,225: INFO/MainProcess] Task apps.gallery.tasks.populate_unsplash_images[471ba63d-d9cf-41b5-b2ee-d198225ca24d] received
[2025-07-05 19:59:51,430: INFO/MainProcess] missed heartbeat from celery@838e3ebc3f56
[2025-07-05 20:00:16,217: INFO/ForkPoolWorker-3] Task apps.gallery.tasks.populate_unsplash_images[9f4c8e13-3a00-47fc-a236-c1440fff7d6d] succeeded in 126.60016917399844s: None
[2025-07-05 20:00:16,418: INFO/ForkPoolWorker-3] Fetching audios to process
[2025-07-05 20:00:18,017: INFO/ForkPoolWorker-3] No audio files to process
[2025-07-05 20:00:18,215: INFO/MainProcess] Task apps.gallery.tasks.process_audio[acd67516-1e34-464e-9ced-ac905d4f824f] received
[2025-07-05 20:00:18,520: INFO/ForkPoolWorker-3] Task apps.gallery.tasks.process_audio[641a4bd8-b603-4631-8b31-00fcd9829f26] succeeded in 2.101547854999808s: None
[2025-07-05 20:00:18,819: INFO/ForkPoolWorker-3] Fetching unsplash images to process
[2025-07-05 20:00:18,819: INFO/ForkPoolWorker-3] Starting Unsplash to gcs uploader job at 2025-07-05T20:00:18.819859
[2025-07-05 20:00:18,819: INFO/ForkPoolWorker-3] Using 6 search queries: nature, people, food, travel, architecture, animals
[2025-07-05 20:00:19,614: INFO/MainProcess] Task apps.gallery.tasks.populate_unsplash_images[f17b8f1d-f290-4d8b-893a-ad3037a8af0c] received
[2025-07-05 20:00:33,218: INFO/MainProcess] missed heartbeat from celery@838e3ebc3f56
[2025-07-05 20:01:24,115: INFO/ForkPoolWorker-4] Task apps.gallery.tasks.populate_unsplash_images[fc16867b-0483-438f-85aa-a6af95c1012c] succeeded in 127.30265133400098s: None
[2025-07-05 20:01:24,116: INFO/ForkPoolWorker-4] Fetching unsplash images to process
[2025-07-05 20:01:24,116: INFO/ForkPoolWorker-4] Starting Unsplash to gcs uploader job at 2025-07-05T20:01:24.116610
[2025-07-05 20:01:24,116: INFO/ForkPoolWorker-4] Using 6 search queries: nature, people, food, travel, architecture, animals
[2025-07-05 20:01:25,420: INFO/ForkPoolWorker-2] Task apps.gallery.tasks.populate_unsplash_images[5e8f1dff-bf84-4660-925d-59c3be8a4471] succeeded in 125.30027407399757s: None
[2025-07-05 20:01:26,015: INFO/MainProcess] Task apps.gallery.tasks.populate_unsplash_images[ca609241-6e45-45a1-afc9-c0f11629002c] received
[2025-07-05 20:01:26,016: INFO/ForkPoolWorker-2] Fetching unsplash images to process
[2025-07-05 20:01:26,016: INFO/ForkPoolWorker-2] Starting Unsplash to gcs uploader job at 2025-07-05T20:01:26.016709
[2025-07-05 20:01:26,016: INFO/ForkPoolWorker-2] Using 6 search queries: nature, people, food, travel, architecture, animals
[2025-07-05 20:01:27,414: INFO/MainProcess] Task apps.gallery.tasks.process_audio[1312b680-3eda-43d1-9966-b500de6529ef] received
[2025-07-05 20:02:23,316: INFO/ForkPoolWorker-3] Task apps.gallery.tasks.populate_unsplash_images[c03e5d03-ae91-4847-9b48-3f451a2757e3] succeeded in 124.50028201500027s: None
[2025-07-05 20:02:23,617: INFO/ForkPoolWorker-3] Fetching unsplash images to process
[2025-07-05 20:02:23,617: INFO/ForkPoolWorker-3] Starting Unsplash to gcs uploader job at 2025-07-05T20:02:23.617531
[2025-07-05 20:02:23,617: INFO/ForkPoolWorker-3] Using 6 search queries: nature, people, food, travel, architecture, animals
[2025-07-05 20:02:24,820: INFO/MainProcess] Task apps.gallery.tasks.populate_unsplash_images[b6fa7008-31d1-4dff-8eef-76368794f157] received
[2025-07-05 20:03:30,412: INFO/ForkPoolWorker-4] Task apps.gallery.tasks.populate_unsplash_images[5c77d475-3f73-4d37-b7db-fa3b132f58f3] succeeded in 126.30104216700056s: None
[2025-07-05 20:03:30,413: INFO/ForkPoolWorker-4] Fetching audios to process
[2025-07-05 20:03:32,125: INFO/ForkPoolWorker-4] No audio files to process
[2025-07-05 20:03:32,220: INFO/ForkPoolWorker-2] Task apps.gallery.tasks.populate_unsplash_images[34121bf8-5ee7-46ca-82ca-94725b766c2b] succeeded in 126.20881843200186s: None
[2025-07-05 20:03:32,614: INFO/ForkPoolWorker-4] Task apps.gallery.tasks.process_audio[ab668ca8-5e09-4e7f-9446-b0669f2a19e3] succeeded in 2.201735432001442s: None
[2025-07-05 20:03:32,615: INFO/ForkPoolWorker-4] Fetching unsplash images to process
[2025-07-05 20:03:32,615: INFO/ForkPoolWorker-4] Starting Unsplash to gcs uploader job at 2025-07-05T20:03:32.615916
[2025-07-05 20:03:32,616: INFO/ForkPoolWorker-4] Using 6 search queries: nature, people, food, travel, architecture, animals
[2025-07-05 20:03:33,112: INFO/MainProcess] Task apps.gallery.tasks.populate_unsplash_images[63efe7dd-2c39-455c-ac16-1dbf2e6f0836] received
[2025-07-05 20:03:33,113: INFO/ForkPoolWorker-2] Fetching unsplash images to process
[2025-07-05 20:03:33,113: INFO/ForkPoolWorker-2] Starting Unsplash to gcs uploader job at 2025-07-05T20:03:33.113230
[2025-07-05 20:03:33,113: INFO/ForkPoolWorker-2] Using 6 search queries: nature, people, food, travel, architecture, animals
[2025-07-05 20:03:34,412: INFO/MainProcess] Task apps.gallery.tasks.process_audio[138e5c51-53d2-43db-b84f-f4ea78de0cb5] received
[2025-07-05 20:03:35,212: INFO/MainProcess] Task apps.gallery.tasks.populate_unsplash_images[7d8bd083-202d-4ba8-987b-0990c7a8660b] received
[2025-07-05 20:04:27,012: INFO/ForkPoolWorker-3] Task apps.gallery.tasks.populate_unsplash_images[589b5ddb-7bf2-4db1-b5e4-ee6b5742db7c] succeeded in 123.39980319200185s: None
[2025-07-05 20:04:27,214: INFO/ForkPoolWorker-3] Fetching audios to process
[2025-07-05 20:04:28,711: INFO/MainProcess] Task apps.gallery.tasks.process_audio[b3a51a5d-06d0-4199-8aaa-8dd35dc0ee14] received
[2025-07-05 20:04:29,724: INFO/ForkPoolWorker-3] No audio files to process
[2025-07-05 20:04:30,517: INFO/ForkPoolWorker-3] Task apps.gallery.tasks.process_audio[d335c47d-32a6-4e25-8bdf-9af0110b5711] succeeded in 3.3026462410016393s: None
[2025-07-05 20:04:31,015: INFO/ForkPoolWorker-3] Fetching unsplash images to process
[2025-07-05 20:04:31,015: INFO/ForkPoolWorker-3] Starting Unsplash to gcs uploader job at 2025-07-05T20:04:31.015836
[2025-07-05 20:04:31,015: INFO/ForkPoolWorker-3] Using 6 search queries: nature, people, food, travel, architecture, animals
[2025-07-05 20:04:31,911: INFO/MainProcess] Task apps.gallery.tasks.populate_unsplash_images[7792abd6-d354-4d96-8b3e-67adc29d7beb] received
/usr/local/lib/python3.12/site-packages/celery/platforms.py:829: SecurityWarning: You're running the worker with superuser privileges: this is
absolutely not recommended!

Please specify a different user using the --uid option.

User information: uid=0 euid=0 gid=0 egid=0

  warnings.warn(SecurityWarning(ROOT_DISCOURAGED.format(
[2025-07-07 05:57:39,517: INFO/MainProcess] Connected to redis://default:**@168.231.112.236:6379//
[2025-07-07 05:57:41,921: INFO/MainProcess] mingle: searching for neighbors
[2025-07-07 05:57:46,410: INFO/MainProcess] mingle: sync with 1 nodes
[2025-07-07 05:57:46,411: INFO/MainProcess] mingle: sync complete
[2025-07-07 05:57:52,812: INFO/MainProcess] celery@177157b82bbc ready.
[2025-07-07 05:57:53,510: INFO/MainProcess] Task apps.gallery.tasks.process_audio[7700f7d2-05e3-43d8-950a-ce46011df96d] received
[2025-07-07 05:57:53,511: INFO/ForkPoolWorker-4] Fetching audios to process
[2025-07-07 05:57:53,911: INFO/MainProcess] Task apps.gallery.tasks.populate_unsplash_images[451451c7-1e29-4f8b-8fe4-32ccc5ed8618] received
[2025-07-07 05:57:53,914: INFO/ForkPoolWorker-2] Fetching unsplash images to process
[2025-07-07 05:57:53,914: INFO/ForkPoolWorker-2] Starting Unsplash to gcs uploader job at 2025-07-07T05:57:53.914563
[2025-07-07 05:57:53,914: INFO/ForkPoolWorker-2] Using 6 search queries: nature, people, food, travel, architecture, animals
[2025-07-07 05:57:54,310: INFO/MainProcess] Task apps.gallery.tasks.process_audio[2b09c9ec-7c68-4484-b613-04f278ae180a] received
[2025-07-07 05:57:54,314: INFO/ForkPoolWorker-3] Fetching audios to process
[2025-07-07 05:57:54,710: INFO/MainProcess] Task apps.gallery.tasks.populate_unsplash_images[48e369e8-6a0f-4091-a916-74672af27ef2] received
[2025-07-07 05:57:54,712: INFO/ForkPoolWorker-1] Fetching unsplash images to process
[2025-07-07 05:57:54,712: INFO/ForkPoolWorker-1] Starting Unsplash to gcs uploader job at 2025-07-07T05:57:54.712351
[2025-07-07 05:57:54,712: INFO/ForkPoolWorker-1] Using 6 search queries: nature, people, food, travel, architecture, animals
[2025-07-07 05:57:55,109: INFO/MainProcess] Task apps.gallery.tasks.process_audio[ac7650ba-d775-4441-a666-e7e48ba45a0c] received
[2025-07-07 05:57:55,412: INFO/ForkPoolWorker-4] No audio files to process
[2025-07-07 05:57:55,809: ERROR/MainProcess] Received unregistered task of type 'apps.gallery.tasks.generate_metadata'.
The message has been ignored and discarded.

Did you remember to import the module containing this task?
Or maybe you're using relative imports?

Please see
https://docs.celeryq.dev/en/latest/internals/protocol.html
for more information.

The full contents of the message body was:
b'[[], {}, {"callbacks": null, "errbacks": null, "chain": null, "chord": null}]' (77b)

The full contents of the message headers:
{'lang': 'py', 'task': 'apps.gallery.tasks.generate_metadata', 'id': '98fde2b8-0cbc-4251-90b9-648e7f1a4f14', 'shadow': None, 'eta': None, 'expires': None, 'group': None, 'group_index': None, 'retries': 0, 'timelimit': [None, None], 'root_id': '98fde2b8-0cbc-4251-90b9-648e7f1a4f14', 'parent_id': None, 'argsrepr': '()', 'kwargsrepr': '{}', 'origin': 'gen7@63f692d7cb61', 'ignore_result': False, 'stamped_headers': None, 'stamps': {}}

The delivery info for this task is:
{'exchange': '', 'routing_key': 'celery'}
Traceback (most recent call last):
  File "/usr/local/lib/python3.12/site-packages/celery/worker/consumer/consumer.py", line 642, in on_task_received
    strategy = strategies[type_]
               ~~~~~~~~~~^^^^^^^
KeyError: 'apps.gallery.tasks.generate_metadata'
[2025-07-07 05:57:56,414: INFO/ForkPoolWorker-3] No audio files to process
[2025-07-07 05:57:57,411: INFO/ForkPoolWorker-4] Task apps.gallery.tasks.process_audio[7700f7d2-05e3-43d8-950a-ce46011df96d] succeeded in 3.8996599590000045s: None
[2025-07-07 05:57:57,819: INFO/MainProcess] Events of group {task} enabled by remote.
[2025-07-07 05:57:57,819: INFO/ForkPoolWorker-3] Task apps.gallery.tasks.process_audio[2b09c9ec-7c68-4484-b613-04f278ae180a] succeeded in 3.5063032049999947s: None
[2025-07-07 05:57:58,211: INFO/MainProcess] Task apps.gallery.tasks.populate_unsplash_images[3ecd185d-9e22-4c12-b280-ec9fef1c7ef6] received
[2025-07-07 05:57:58,212: INFO/ForkPoolWorker-4] Fetching audios to process
[2025-07-07 05:57:58,212: INFO/ForkPoolWorker-3] Fetching unsplash images to process
[2025-07-07 05:57:58,213: INFO/ForkPoolWorker-3] Starting Unsplash to gcs uploader job at 2025-07-07T05:57:58.213291
[2025-07-07 05:57:58,213: INFO/ForkPoolWorker-3] Using 6 search queries: nature, people, food, travel, architecture, animals
[2025-07-07 05:57:59,410: INFO/MainProcess] Task apps.gallery.tasks.process_audio[ae269994-72d5-4bde-a881-61186d3175f1] received
[2025-07-07 05:58:00,213: INFO/MainProcess] Task apps.gallery.tasks.populate_unsplash_images[4cd16504-ad6b-459c-8715-9700d870902e] received
[2025-07-07 05:58:00,512: INFO/ForkPoolWorker-4] No audio files to process
[2025-07-07 05:58:00,910: INFO/ForkPoolWorker-4] Task apps.gallery.tasks.process_audio[ac7650ba-d775-4441-a666-e7e48ba45a0c] succeeded in 2.6977334610000128s: None
[2025-07-07 05:58:00,910: INFO/MainProcess] Task apps.gallery.tasks.process_audio[6d768d8d-3577-4c59-881a-87e8a834a95d] received
[2025-07-07 05:58:01,610: INFO/MainProcess] Task apps.gallery.tasks.populate_unsplash_images[101e5710-e02a-43e2-8310-3d68cd09657d] received
[2025-07-07 05:58:01,611: INFO/ForkPoolWorker-4] Fetching audios to process
[2025-07-07 05:58:02,725: INFO/MainProcess] Task apps.gallery.tasks.process_audio[e66a5b40-8b37-4491-a33b-c864b245a1e5] received
[2025-07-07 05:58:03,412: INFO/MainProcess] Task apps.gallery.tasks.populate_unsplash_images[4ff72218-1a7b-4c7d-94ec-51dec44701ee] received
[2025-07-07 05:58:03,417: INFO/ForkPoolWorker-4] No audio files to process
[2025-07-07 05:58:04,009: INFO/ForkPoolWorker-4] Task apps.gallery.tasks.process_audio[ae269994-72d5-4bde-a881-61186d3175f1] succeeded in 2.3979745949999938s: None
[2025-07-07 05:58:04,511: INFO/MainProcess] Task apps.gallery.tasks.process_audio[bd11ad61-6ff7-4783-aac8-e84d29d2dc20] received
[2025-07-07 05:58:04,512: INFO/ForkPoolWorker-4] Fetching unsplash images to process
[2025-07-07 05:58:04,512: INFO/ForkPoolWorker-4] Starting Unsplash to gcs uploader job at 2025-07-07T05:58:04.512257
[2025-07-07 05:58:04,512: INFO/ForkPoolWorker-4] Using 6 search queries: nature, people, food, travel, architecture, animals
[2025-07-07 05:58:05,510: INFO/MainProcess] Task apps.gallery.tasks.populate_unsplash_images[8ccd0349-1d27-4b1e-b219-b5fe6763329c] received
[2025-07-07 05:58:06,315: INFO/MainProcess] Task apps.gallery.tasks.process_audio[5cb6a55e-d11c-4655-a3bc-af5af7315182] received
[2025-07-07 05:58:07,210: INFO/MainProcess] Task apps.gallery.tasks.populate_unsplash_images[6cd28979-b03d-4a08-8266-81d0604da182] received
[2025-07-07 05:58:08,310: INFO/MainProcess] Task apps.gallery.tasks.populate_unsplash_images[4e9b38f9-ff21-471c-b582-705d838232db] received
[2025-07-07 05:58:09,010: INFO/MainProcess] Task apps.gallery.tasks.process_audio[88c382a5-c0b8-46ab-843b-71d09d296f42] received
[2025-07-07 05:58:09,611: INFO/MainProcess] Task apps.gallery.tasks.populate_unsplash_images[1914b67f-708a-4aa3-a06e-c21292e8dfd6] received
[2025-07-07 05:58:10,511: INFO/MainProcess] Task apps.gallery.tasks.populate_unsplash_images[bf847973-93ff-4592-a14d-177b914d4d53] received
[2025-07-07 05:58:11,514: INFO/MainProcess] Task apps.gallery.tasks.process_audio[de7ae40b-b919-44d1-a66e-484bf5c1da79] received
[2025-07-07 05:58:12,310: INFO/MainProcess] Task apps.gallery.tasks.populate_unsplash_images[2003a801-eaba-439f-82c5-d9ef87e5cb46] received
[2025-07-07 05:58:13,314: INFO/MainProcess] Task apps.gallery.tasks.process_audio[1558cbcd-bba3-433f-a0a4-2860de9a35b4] received
[2025-07-07 05:58:13,911: INFO/MainProcess] Task apps.gallery.tasks.populate_unsplash_images[b3656ce1-3e52-4961-8de0-12887d33e98b] received
[2025-07-07 06:00:20,116: INFO/ForkPoolWorker-2] Task apps.gallery.tasks.populate_unsplash_images[451451c7-1e29-4f8b-8fe4-32ccc5ed8618] succeeded in 146.20821040100003s: None
[2025-07-07 06:00:20,620: INFO/ForkPoolWorker-2] Fetching audios to process
[2025-07-07 06:00:22,450: INFO/ForkPoolWorker-2] No audio files to process
[2025-07-07 06:00:22,543: INFO/MainProcess] Task apps.gallery.tasks.process_audio[971f983e-2e2b-41b5-aba5-f44ee5c889f9] received
[2025-07-07 06:00:22,946: INFO/ForkPoolWorker-1] Task apps.gallery.tasks.populate_unsplash_images[48e369e8-6a0f-4091-a916-74672af27ef2] succeeded in 148.239868741s: None
[2025-07-07 06:00:23,096: INFO/ForkPoolWorker-2] Task apps.gallery.tasks.process_audio[6d768d8d-3577-4c59-881a-87e8a834a95d] succeeded in 2.4764917299999922s: None
[2025-07-07 06:00:23,198: INFO/ForkPoolWorker-2] Fetching unsplash images to process
[2025-07-07 06:00:23,199: INFO/ForkPoolWorker-2] Starting Unsplash to gcs uploader job at 2025-07-07T06:00:23.199011
[2025-07-07 06:00:23,199: INFO/ForkPoolWorker-2] Using 6 search queries: nature, people, food, travel, architecture, animals
[2025-07-07 06:00:23,199: INFO/ForkPoolWorker-1] Fetching audios to process
[2025-07-07 06:00:23,515: INFO/ForkPoolWorker-3] Task apps.gallery.tasks.populate_unsplash_images[3ecd185d-9e22-4c12-b280-ec9fef1c7ef6] succeeded in 145.308231978s: None
[2025-07-07 06:00:24,308: INFO/ForkPoolWorker-3] Fetching unsplash images to process
[2025-07-07 06:00:24,308: INFO/ForkPoolWorker-3] Starting Unsplash to gcs uploader job at 2025-07-07T06:00:24.308563
[2025-07-07 06:00:24,308: INFO/ForkPoolWorker-3] Using 6 search queries: nature, people, food, travel, architecture, animals
[2025-07-07 06:00:24,908: INFO/MainProcess] Task apps.gallery.tasks.populate_unsplash_images[cf665c86-b0ab-445f-846f-a8189db26816] received
[2025-07-07 06:00:25,750: INFO/ForkPoolWorker-1] No audio files to process
[2025-07-07 06:00:26,051: INFO/MainProcess] Task apps.gallery.tasks.process_audio[dd91303c-0bc7-4bc8-8238-8ab326ddadf8] received
[2025-07-07 06:00:26,452: INFO/ForkPoolWorker-1] Task apps.gallery.tasks.process_audio[e66a5b40-8b37-4491-a33b-c864b245a1e5] succeeded in 3.2539039080000123s: None
[2025-07-07 06:00:26,721: INFO/ForkPoolWorker-1] Fetching audios to process
[2025-07-07 06:00:27,461: INFO/MainProcess] Task apps.gallery.tasks.populate_unsplash_images[67dd5f62-9d5b-4861-b445-550a2a6c88d3] received
[2025-07-07 06:00:27,950: INFO/ForkPoolWorker-4] Task apps.gallery.tasks.populate_unsplash_images[4cd16504-ad6b-459c-8715-9700d870902e] succeeded in 143.443505854s: None
[2025-07-07 06:00:28,507: INFO/MainProcess] Task apps.gallery.tasks.process_audio[68a80c33-6366-4d3f-9c8d-f8a7cf6ab317] received
[2025-07-07 06:00:28,508: INFO/ForkPoolWorker-4] Fetching unsplash images to process
[2025-07-07 06:00:28,508: INFO/ForkPoolWorker-4] Starting Unsplash to gcs uploader job at 2025-07-07T06:00:28.508963
[2025-07-07 06:00:28,509: INFO/ForkPoolWorker-4] Using 6 search queries: nature, people, food, travel, architecture, animals
[2025-07-07 06:00:29,715: INFO/ForkPoolWorker-1] No audio files to process
[2025-07-07 06:00:29,810: INFO/MainProcess] Task apps.gallery.tasks.populate_unsplash_images[cbd8bf1e-8132-412d-9db1-30225aa253a4] received
[2025-07-07 06:00:30,109: INFO/ForkPoolWorker-1] Task apps.gallery.tasks.process_audio[bd11ad61-6ff7-4783-aac8-e84d29d2dc20] succeeded in 3.3876575939999896s: None
[2025-07-07 06:00:30,409: INFO/ForkPoolWorker-1] Fetching audios to process
[2025-07-07 06:00:31,411: INFO/MainProcess] Task apps.gallery.tasks.process_audio[cfdd036c-8b6b-4676-8ca4-da2267a44d69] received
[2025-07-07 06:00:33,666: INFO/ForkPoolWorker-1] No audio files to process
[2025-07-07 06:00:34,287: INFO/ForkPoolWorker-1] Task apps.gallery.tasks.process_audio[5cb6a55e-d11c-4655-a3bc-af5af7315182] succeeded in 3.878519742000009s: None
[2025-07-07 06:00:34,712: INFO/ForkPoolWorker-1] Fetching unsplash images to process
[2025-07-07 06:00:34,712: INFO/ForkPoolWorker-1] Starting Unsplash to gcs uploader job at 2025-07-07T06:00:34.712126
[2025-07-07 06:00:34,712: INFO/ForkPoolWorker-1] Using 6 search queries: nature, people, food, travel, architecture, animals
[2025-07-07 06:00:35,709: INFO/MainProcess] Task apps.gallery.tasks.populate_unsplash_images[2c0d5444-2512-48d8-a53a-3b091bf5a324] received
